temperature,vibration,motor_current,rpm,workload,operating_hours,temperature_trend,vibration_trend,motor_current_trend,rpm_std,label
46.664359645859236,2.595670655406815,8.139520646100069,2050.525764240326,58.32290311184182,205.84494295802446,-0.580878134023515,-0.10503396143562956,-0.17141404972624244,31.518343245057903,0
44.8252465024609,2.3313137412277083,7.493584439832788,2015.7123666297637,41.685785941408724,3663.618432936917,1.465648768921554,-0.04515526009730714,0.02025846140637715,21.505036275730866,0
50.366657495668036,2.345369301372264,7.699873074947044,2047.3719910523319,33.90688456025536,6842.330265121569,-1.0215521946755979,-0.032351077279504196,-0.16009464115274605,49.88944275359747,0
82.65388397810754,8.939625937346268,14.433535775198317,1629.1079045732627,84.75398278655571,18107.41729513998,7.846803733806953,1.4878755900045362,3.74330603027828,166.64509917200076,2
61.469175781084026,4.286614180590366,9.715440865249109,2154.1818691619883,62.74524549514352,14652.55307264138,9.8914452199269,1.1899979550563584,1.5369572699642884,109.38866919252519,1
49.86938959257951,2.417409726926082,7.2184666027067435,1960.2184503931494,30.563192908603376,1988.4240408880516,0.9305844007711019,0.1355534819346683,0.20953207776328844,53.47204127329609,0
68.38798495695855,4.721870106967028,10.873029377591553,2007.5910648185588,74.15768668642413,11659.223566174966,9.686871240200453,1.1868044824751605,2.464351990466954,162.34637079894026,1
47.19871147726385,2.7352624562961814,7.692562120291345,2016.6446220244466,47.5734600746308,2017.192023353962,-0.05981726366166916,0.192234753283671,0.5382842529025758,61.61379083460052,0
52.618115293971556,3.1861677948871874,8.811460249670686,2041.186653848757,65.21871356061031,6243.540481337933,-0.6103220173473345,-0.06323317936195448,-0.444727274057674,45.42304967521967,0
48.967758376066044,2.7252357656768265,7.836187408360999,1956.9200972875835,66.27313766183016,2721.322493846353,-1.349389973233009,-0.20381455707361404,0.03810367181153949,25.011125544001466,0
46.71120261415594,2.7744652965778034,7.666969689884786,1974.3106254245877,38.75056878292281,5581.0200201734115,-0.6627383133782134,-0.029294561348323245,-0.25380510493671177,33.55021262439875,0
64.80052680241461,4.04315635933231,11.127957452286893,1946.6663336097863,70.62792513418762,10309.345833171363,7.821181139450191,1.88223272267832,2.574438533577877,144.1043530931998,1
46.034369148099685,2.2995259902602765,7.931354498160365,2070.0660782346813,69.33692563579372,3988.2444244455305,0.5124237323716032,0.10869773824848722,0.008429839004460517,26.05825873323394,0
65.68187747505142,4.0828477380444985,11.303816938761063,2123.422169435562,69.93711835956427,5961.765510914208,14.226802438364851,1.4939300527188057,2.3121297268461802,157.2522924332348,1
63.46018897206299,4.216690995233551,11.357815839554634,2092.3586220448274,65.44792232468005,6749.549270959362,14.768188463282662,1.7915897281775357,1.4129021119064316,140.81211053353528,1
100.4684225443444,5.370163046661931,11.979316847457449,1801.9315080373585,97.00020192336835,18765.323119430926,13.532123515446525,2.4496888646440595,2.747110761540007,198.4438708079957,2
50.879217419896044,2.28569457459209,8.932887255572378,2023.6916460455893,56.07845038010402,2242.6930946055977,-0.9746816702273214,0.15741692074849042,0.34757867370222123,33.58635363296579,0
69.38247147740165,4.842873010537452,10.715442127184591,2006.5265228849473,68.93804506571244,7439.8964337908355,14.649137211781792,1.482744311666901,3.6221629431198963,156.430106944476,1
72.39101387124822,4.220346584358057,10.004344494909184,2064.7935620176636,72.53112461636472,7807.723624408558,2.3161075636088997,2.1136807397679194,1.1198873779246714,151.53301731874836,1
100.56702735212089,5.225644797037819,12.856451883877229,2051.2386208923076,95.1821139958743,14867.509630050059,14.744310588308593,0.6883656400153205,1.5699395675051364,197.92678596511644,2
49.66638800056919,1.975279169748516,7.329298251026918,1918.915268952826,63.768525629052455,9300.168348108318,-1.147719972825,0.2779205656293182,-0.2565721556639432,29.45876482128806,0
51.3493221154662,3.0336773031657884,7.666528312521744,1915.4090871874848,40.248277743778324,6115.137108656805,-1.183265621454419,0.098999130838339,-0.04959288436606874,36.25649649334979,0
45.31832878268819,3.100104426731831,7.399934131134918,2060.0690222108847,36.20166466910977,9818.40888310531,0.14983371633959786,0.02818147361426437,0.10632587553589871,12.393748230948873,0
48.3761436750801,2.733046901327681,7.976178144421477,2025.934722885889,63.680923000479254,1943.8003399487302,1.663769789448251,-0.14784728629102145,-0.03215834254833782,40.27565428493752,0
47.4273533430167,2.752001612986729,8.890645538513184,1966.129216614262,32.327743820337744,9152.137276264804,-1.548828679824092,-0.06862581282081963,0.0551566543228675,61.55794270197669,0
47.63719426892339,3.0770873236435836,7.408213416027731,2011.448521611522,34.806585912225685,3418.7966671640156,0.6990923818599891,0.11997932674220119,-0.1443744401470518,8.124119919298742,0
55.72451108534486,3.298868970833046,9.882112732787876,2048.3127370697853,58.023572279445744,14438.916045607572,14.275270762627176,2.6679973338875094,2.7274125910610394,84.32530317773303,1
63.08872042277335,4.077037396174871,10.66581288593322,2098.1418208503596,69.4484268639094,13204.26843771268,10.469302034151244,1.0167108996918635,1.458863945623968,140.94515081446838,1
48.7444733563687,2.466574367025523,7.228137298654052,2055.8446720100837,56.22890541522969,3853.9662096556503,-1.124951737832857,0.25638407606284036,-0.00852643727972005,15.671511081120563,0
61.122346414901976,3.498885401579454,8.52762732344622,2138.7952811857576,62.95526171765714,10759.245752580846,11.511420818895322,0.819224323556164,1.3750575722563663,111.35029440078776,1
50.541477516498645,2.8213124572352526,8.382239117662856,1944.441809362795,59.59635041789498,2382.3615240397944,0.6328524373827114,-0.4508317359035231,-0.7369779437320183,48.46935877296907,0
51.17612566919779,2.462642425721895,7.899897552134465,2101.23604990005,49.7210263108722,832.8441119525964,0.20190744180279552,-0.16094733701509922,-0.432195821642045,55.38635308505077,0
64.31939460571978,4.042681474117709,16.74774863390053,1545.4060658205167,92.77502539226779,18652.450193099598,6.561895163177023,0.7926675410690147,1.0004708871849255,190.1583222712041,2
63.4066641359388,3.9884739132326317,10.56327795326629,2125.6282084693157,62.941412946111704,5848.377140851919,14.82631452051528,1.4356769893903008,1.7972475147341183,135.63962569846348,1
67.77184021825302,4.356838720562234,11.228850368520265,2207.2821599892013,72.29269448537923,14063.54385094736,3.4455672699799673,1.7315627607271478,0.5397377566859667,165.2523719645473,1
50.96815568101427,2.251830716934303,8.259673257120586,2076.636945650129,68.48690193898167,3748.7057952370405,0.6901439917111125,-0.08024409437716726,0.06722774454312502,50.2518480156359,0
51.420882163182696,2.5163051733815713,9.137880648783602,2020.3113342524964,57.829947559384685,4545.410647677732,1.2004115484133984,0.36321755804876305,-0.03327958068885305,69.52618252962205,0
58.845269828208785,3.009554387816319,9.982015041163708,1912.972100430749,56.77020766331024,14743.948076661665,14.820739678234837,2.245404285049363,2.376337282204421,104.96430646830194,1
51.714042530980365,2.7911571460039633,8.370981508264732,2073.8329312714814,46.729721451624755,9327.284833540132,-0.07361111579190632,-0.05644423779744219,0.08864325732695501,28.053082628666832,0
49.65638046424215,2.8713448935920387,7.202786170602817,1970.0312488523114,32.25501986603709,8647.223762550531,0.005243699718183166,0.009396118752948412,-0.1350196414437731,62.45699864694998,0
45.89422965337443,2.6606475429925616,8.530223407055233,2077.0685498459093,44.326508721313616,1135.5759219962902,0.24233368608311256,0.40947978422604764,0.03445844046416867,81.02525709465942,0
94.27738571458927,6.000772998870138,13.714151017913231,1941.5134413485332,93.03291486055107,17660.536010232343,13.740963762796142,2.04315928024323,3.9316195378233223,179.83580774485185,2
62.81250095023884,3.989889776469651,10.508030872961236,2194.138717716441,66.96870226336215,14104.71278403273,5.873472870045356,1.809005690037528,2.941746550227122,137.29798894600543,1
62.811676254320425,3.864851893336279,9.140851903834934,2136.5337199443443,61.35955045381625,10796.499344717384,6.440321735935085,1.8431585417851752,2.110417056442502,121.34121271515552,1
54.83537829715531,2.256113335564404,8.28011285548536,1954.393587169525,46.466448574301126,8743.176048544172,0.4677795462077097,0.0030128763157989485,-0.4096994359450967,60.08213719381068,0
59.704519801034444,3.4945947690250807,10.469661538960198,2208.259009846839,60.77140214352283,13942.172628959257,3.6737291778953707,1.3252487832753885,1.6255396763801016,111.05743650401482,1
55.8927589009847,2.440833498743943,7.386973497900948,2002.083263356269,45.0914386096829,25.950243836465603,0.1781284257610645,0.007127091970091178,0.2399073667755622,51.380110227180666,0
50.57627114189795,2.979133816756243,7.873540347946503,2006.3717203334045,35.909563676249064,1331.1692858747826,0.866849063342143,0.09420736628360421,-0.10746276014723379,68.03726874035775,0
50.8809980708284,2.35336905296334,8.129960734567865,1935.4481964550941,63.628399435117245,892.0432871205619,-1.5605059143826707,0.0413378926002154,-0.10493512828705567,7.786009576996435,0
49.1056841919411,3.1518526886119917,8.781406783104055,2027.7820119816768,52.3096906380175,5865.354346607591,-2.007568021362774,0.21349123444695037,0.213436279558448,44.21244105734617,0
54.50704188602082,3.3600872444845837,9.077902368971733,1949.9026060822023,60.276454806451156,13508.175178361462,3.1425391190218703,2.5146622168528587,0.6947872127494137,101.9917839918189,1
57.36950057707433,3.1210144348974067,9.821507425218313,2018.512252742582,60.138053333274755,12184.572708365537,8.955477516583837,1.69154871031603,3.435038955459187,84.64719300870615,1
51.92174602084746,2.2555647616029106,8.923490165723802,2013.2977634677216,60.71118005771355,872.9017958967544,0.7642521986090233,0.0021596329619399863,0.2645789731149719,16.302557220645213,0
56.20113200525414,1.916518212888775,7.299892224493232,2011.483123211657,57.38286191519333,878.6811124265681,-0.07167403655743708,-0.20476370389781087,0.38652190205354686,59.29033210485699,0
51.35454782605691,2.6931407805112957,8.341980818737225,1992.7737957323047,69.63717905829563,2050.0181005323725,0.6681009517567125,-0.037841531899135444,0.17379103106166613,59.945835556615506,0
66.10819221397014,4.336918747846977,11.045588983164281,1959.5357078302407,74.47032966117644,8161.965822964947,9.647986785335737,2.207455158542831,2.0818201045466376,151.9583417827564,1
69.91086041332194,5.012036325698114,11.95822663984473,1936.5774991432536,70.74763853344308,8914.82110201502,8.914147235946261,0.6665477809770424,1.301588868236787,160.9700700762956,1
44.39794452089267,2.2705625839133647,8.45808563280231,2054.5181455846823,36.669230399735326,8786.291153734383,1.7058248593376857,-0.00646605018502281,0.24844604711703158,70.19789922099321,0
58.46433003464656,2.941944693197167,9.964555250870049,2026.0922884544989,54.60546404731391,10364.813514845948,6.924680352239904,1.6425005482041959,2.613852552253794,92.88151869936226,1
46.944141655686536,3.3928590784464916,8.707125631306207,1976.3205609511447,30.48812289272178,5984.427012052271,1.7061639733977114,0.10340314602359207,0.3545922145865443,57.163436907226966,0
65.25967247240129,5.0835521700082875,11.713833059390385,2424.4292652499107,91.18347428318556,8217.322205850087,13.337610816273969,2.830295706209031,2.4779661425622312,170.41359157303444,2
67.25654180676881,4.525189578906743,11.955010763063026,2193.309640439981,71.84629557421519,12364.44235624723,14.146771191997193,2.813921282266941,2.077937799914462,163.02494430595664,1
50.16717473686608,2.8282574555412845,7.15376768514259,2076.4775159730307,32.19046555288125,3351.9724164590093,-1.0121043752601675,-0.3309713343731539,0.24695117518857435,51.466359343768076,0
53.810376639727146,2.2544577348872825,7.248617491184699,1986.963241755409,48.09758064530774,1408.5702037979986,-0.006653454631237347,-0.263829009040389,0.24133173303325953,46.85572213271098,0
55.54686828483604,2.8379695088643273,7.865555654722585,1944.6737045629166,33.413986723145754,9968.742518459474,2.5733598032498604,0.011843686802897652,0.00417878757388386,49.517498257799936,0
49.65546794155093,2.5465109870786558,9.284963419845166,1944.644777269999,32.6283455771341,7755.276166950106,1.388582269040288,-0.5318702714098745,-0.6235129964756829,25.187198446248583,0
48.971937217758956,2.3885677402012626,7.29624415264109,1961.1091656204562,55.75998172956063,4087.341710980964,0.9356783931474612,0.25431101899883174,0.21650161921297054,27.418964575655416,0
50.29623733291201,2.4608964562038373,8.250238759710316,1947.3370639677503,39.52731124186906,994.4139275934516,0.8138639081236053,-0.18808275491358048,0.07039560154652588,55.055110150757734,0
46.75681001720031,2.684780682083279,8.296550628984193,1984.5226780343005,30.52007694042944,855.0853085446807,0.326133022242118,-0.2502227152770606,0.2772081057620703,46.30195727114022,0
58.71857289438262,3.090187638637746,8.84204705731295,2083.0839796827568,63.39420140905311,9094.116521912405,9.176613351075744,1.5903163228382917,1.530630158396712,110.76356165280885,1
88.89270405124975,6.545151183041712,14.696437223500922,1977.4955280388244,90.04811484441403,13817.340405804154,8.66194952646498,2.354217360571664,2.9459604860631656,189.36226073718922,2
51.85216942916097,2.1399490010795175,7.4777526268000605,1988.8802640056078,66.02289204945544,6912.218576096544,0.9501784795285676,0.10791448128002855,0.4040237935922987,52.535863193609394,0
49.553910727663336,2.296227424985968,8.905475133165972,1998.9575619667432,34.26314920514697,1400.18538660449,-0.8987999082424641,-0.1819267794979945,-0.2719736019057122,66.88884702058738,0
64.78646411672231,3.8185522142355985,10.688206010930994,2012.5785012510714,64.11728989799576,8538.713765612494,14.462153305071867,0.960927301697408,0.8161793620216276,124.48464651244444,1
55.573733773570616,3.464652209160216,9.079042900151572,2050.9186544984645,58.33254136645322,14493.067970577657,7.156441849676706,2.8852173413490827,0.9725044709742243,86.14247348186825,1
50.89328075275519,1.9841376979863339,8.141779035305456,1985.9691991917593,63.85631397258229,9552.36312723479,0.37458510945097817,-0.2097656668163352,-0.6358072104115926,42.98269386052921,0
54.964935127209756,2.288716260823032,7.5276546562317845,2115.145594886156,33.03733641478488,777.6534407895708,0.9857227168235637,-0.11889290962764439,0.06525237170806832,88.91742569655368,0
53.853599101801684,2.706710860964492,8.418848719200245,2068.3992653721207,69.22307200719953,9033.638126360249,1.3548451723732498,0.20572852606061318,0.04348122443435423,42.350339650838166,0
46.24701100705446,3.2817932400878553,7.633529940610562,1981.9269637620284,59.24094685833126,1925.9902778563044,-0.19600263124233117,-0.1927615020194436,0.19706500986730283,65.83298295845582,0
54.06990014655036,1.686252852445608,8.673927890664519,2064.870305743131,44.58788997829224,5606.77194003514,1.018886995222481,-0.010023835135050126,-0.758801231977398,75.96355415669393,0
54.00157885928215,2.5953445196887412,9.021198211357037,2024.2587552614796,59.514230676261,5201.681098787319,1.0101369992254443,-0.03925223985525787,-0.3282312301495341,2.567686704690118,0
93.1423364827993,4.423651120707403,13.078750531691462,1897.4852314804816,86.52109056291155,13758.507443646906,10.15757102183881,2.684192785465847,3.9442921421975328,155.0106885609148,2
64.42564602397144,3.4697921651050203,9.592546868653672,2024.6273229191715,62.06602365541978,7872.3899165408175,5.852005565927871,1.0840193776247748,0.6473261637272666,117.59901039506005,1
49.895945337839656,2.570264419760956,8.775250246407039,1950.0822979630605,38.730155514602565,9499.611839502253,0.9843223984765838,-0.042797768845101794,-0.014839112895729884,63.496389843332075,0
57.83841360780724,3.3982862983405573,9.34546579257489,2189.6435992964703,56.313309146834946,6765.2803200550825,4.86632071791228,0.9660956553606364,3.2285456574836364,95.03305514828678,1
54.26151274396956,2.328776111875157,7.583822213447886,2023.5707778193203,62.63332499962471,2244.405718366607,0.2029230208512997,-0.3031488229994464,0.4642515603990185,85.91755346191044,0
48.912394924701914,2.6751401128468872,8.27174955139467,2054.1804826952734,52.034294824365574,869.8675991141014,-1.7485469849575264,-0.25146806008576894,0.2652302509677538,30.98632417189346,0
48.44716610289149,2.5671363854916693,7.991788551963624,2059.419663672404,49.22346309306592,5924.077846595176,-0.48943944251822213,0.2088321754138144,0.2045674468878934,86.93414651472068,0
50.720068213055136,2.5916662961131776,8.466498321325284,2021.084246195613,64.6917680383921,7083.629767150348,0.5024166321870274,0.17148918634348118,0.3025562474335745,80.6337760248183,0
56.63842984220151,2.9878399617558307,8.835882092163194,2061.5687115306227,62.03456213646595,13321.341779577418,8.597080538890872,0.515964679292084,1.5046334661121947,94.27445947637663,1
66.99808038845151,4.695655336849302,11.477588917836355,2272.3431231017685,76.45980515600506,6069.806388269584,11.893362732526365,1.8531664466902757,3.870472013506481,168.30675602246814,1
51.82368952914962,2.5559827369469073,7.776783192724736,2009.7044996449154,42.03854267787265,7081.720886452816,0.132969674146876,-0.14002416298783465,0.3585139886774527,19.536261904324505,0
51.1013068003642,2.342258383806113,7.934480796500502,1898.2379879687248,60.816296712311726,6832.953766065052,-1.7009935519387536,-0.08129857533925239,-0.36896081347224435,46.44519357025188,0
67.64893976557603,4.433686486079898,10.353630952647789,1968.93467138911,72.9224392657428,9197.273169261223,10.300837319633112,1.4939859949069856,1.459753208220345,142.431400320334,1
89.33867106801814,8.323316468549734,14.644963586569919,1840.7682134205993,92.7192454493853,14753.00343612059,8.129921981332664,1.8580820144748953,1.0573600839774255,173.42003028417693,2
54.87955841509905,1.7556115040304396,8.256917596532773,1987.1594845790482,68.7004505445511,1854.5887467665434,1.6381127495476404,0.3002077680008921,0.10965202044800781,18.405538585764063,0
51.33396555700088,2.201393390822795,8.445369041887446,1914.1103188119184,47.329869958866226,9843.514074029039,-0.11899797573089368,-0.23557932859611452,-0.2811066013199777,82.37604050041196,0
65.73726320108247,4.545032457281107,15.61585529876119,1611.915606710186,90.33460736807729,19839.951119205758,3.852442057719672,1.7472203836283902,2.663545070113417,187.48494325671209,2
61.64209291635535,3.850771095180753,10.008563774527898,2046.9643962518417,61.85946127431466,8969.232762015961,3.7253048025597844,1.9188521206538953,2.91312739198043,130.36838151382227,1
60.800964536844155,3.5776154712410455,9.310175771147632,1989.3082713702925,61.693309590915746,13709.691237460856,11.283130117721562,2.5043202076744797,1.6880756738998213,98.0135219820329,1
56.43078942820106,3.405215910876662,8.893299068039056,2107.009590670365,58.877844186889405,10264.026609361132,11.510663782819314,0.704074955076474,0.7112322939669733,87.21033617462076,1
46.90527125938953,2.3412105287361342,8.309343273923952,2056.466221876975,49.92782865812556,5553.635509376312,-0.9332134076455977,0.15066515207544828,-0.3383481661503918,61.285547760534726,0
58.26506833901698,3.0750775847445553,9.439715723714333,2078.6126371958053,56.554504706105924,8459.349925469629,6.823503918799835,2.9691239093401447,0.6403821699436887,86.49785680812583,1
86.50866190506939,7.0466122716310355,16.0041362887353,2258.287016591176,94.76962651034927,15860.112065985302,14.89773311242874,1.2096363215216126,1.7570286038318101,181.04039338575768,2
53.73898065739236,2.4619565506290932,8.37465120869875,1964.135602502196,46.21240732342974,6018.553836620085,-1.3855850864826886,0.288862316742469,-0.7829525378948702,57.57137736189832,0
47.31839705148557,2.4581483573540286,8.80503373434669,1917.711173524234,53.176595973740035,6626.212790083204,0.26821680827769556,-0.14272331114815276,-0.26218510364742764,17.4756457082252,0
89.67817003323027,4.578670183343088,12.070590900613247,2071.556124083468,84.92823266443627,8881.960967960153,4.206852766138029,1.799434871390044,1.679511117509502,155.40636818582976,2
62.76116127594108,3.228732384336306,9.414936311229392,2083.8235507364448,60.432167588795686,5366.71426933543,11.573226195853326,2.1595113190545128,2.161208065124349,118.77987712956255,1
69.14561920231449,4.2801419771330345,10.604087294169776,2051.813421843584,68.19955886827086,5570.868560893148,8.905203864013416,2.8415142307374035,0.6377023923397838,152.5103137655048,1
52.19792023164674,2.4757850259674252,8.039317595158046,1900.0899657733946,31.662914362015684,1483.4320096208887,0.9163276747024814,0.06929769517959854,0.29940303295789567,7.925107563873787,0
47.38659870788745,2.6210170070062233,7.530766044897076,2032.213407975465,56.93729733299669,9699.120461072704,0.2765691525949277,-0.1301427074690179,0.32192620362309393,46.72078240796157,0
52.610203192066265,2.6487045663917814,8.075209452571789,2018.2480501233113,49.8869905603371,6178.472402012138,0.2010990467149675,0.2101308792015224,0.33165777988739514,73.7406061112076,0
46.731220705116044,2.9893377556845615,7.614185838791561,2014.8314159838087,56.313812184121446,9994.137257706665,1.005142573278018,-0.05047600869288994,0.10218000572995754,78.70363098380103,0
64.8081626298793,4.037656666129955,11.431897410948242,2121.92925837089,74.43613145119042,12978.136488586344,7.662583092568129,2.544585540437554,0.9207316937971295,159.06640051712134,1
46.16593224969087,2.006877785323583,7.557418250500076,2077.628090774482,47.94774490490123,2375.4413087432745,-1.2931453236461579,-0.12019479260067222,0.05090813770560585,35.997682535899834,0
59.794163734032345,3.7243378199090853,10.316347891559287,2145.6650011043075,66.94264500447036,5256.420658064357,6.436221759140032,1.4504890469646425,1.8958797331391517,135.7541311408653,1
56.9858570252647,2.7175454198145226,8.339986537758378,2028.7734333747214,58.724923049059775,9555.236959549347,-0.2526856880009639,0.07841690594017388,-0.05666900633534259,61.06146552880959,0
44.92112955741384,2.470498111961575,7.5057044464245415,1944.8205341392115,62.121035913306535,5391.612766752545,0.918316606002313,-0.31410012072463545,-0.29688844097110123,68.81542375976431,0
49.59719568992747,2.452232836570987,7.515400194843117,2027.551865112127,51.006535346682405,7090.462617224327,0.16047620699884568,-0.18744560976676455,0.41922441091811163,48.497116663799666,0
50.37567350794372,2.3711783376624243,8.061148751516141,2027.1649014518193,62.767554377071605,8842.064633484079,-0.7019916878067554,-0.13258018351018963,-0.420781581539908,84.99153486373879,0
66.0126203801876,4.142163125758244,10.600851863370629,2151.8604290088238,75.42655940630098,9237.382536487628,10.678148690789117,0.7388382845866704,2.6835076363680055,161.002081105821,1
46.43720474291146,2.5929462130681085,8.31688844046605,2020.6899548725748,38.669592003631024,957.1455552016173,0.0438114719791096,-0.029400400325697726,0.28916373503847287,94.21046003182703,0
54.37848081015056,1.994406718371418,8.157191747027424,1999.895810128991,35.45759010226932,6951.445540475938,-1.4356188282134401,-0.38262128503580506,0.2929151860386308,72.08098272966708,0
59.08701820049393,4.526071483270493,15.861715484280278,1677.4534511159843,86.11191164327327,15743.478050308604,9.744759466456436,1.5029697850974566,1.7843462772168024,160.77774302543563,2
46.9326938613627,3.123983777107157,8.246691650205761,2048.270398721769,32.797264228377365,6401.682238281661,0.6312912832601678,-0.3113231941593607,-0.3285850356289485,64.65950358522963,0
45.5012376313912,2.101107009328208,7.993860861443841,2005.6700031636303,43.34278197888801,5804.750067166746,1.3112102303923998,0.13888126378907423,-0.09805088791864046,26.204769165357998,0
42.99328182750011,2.3502108281284007,7.623350887830721,2039.46578059273,56.86233774452149,929.2914437938992,0.8132965765830771,-0.13726381512982316,0.08941566303215266,70.03855097910389,0
49.12758175956789,2.377653074179437,7.421625164831972,1923.1076337035565,43.852870743560146,2390.553321972656,1.3100730944378527,0.00783278087237176,0.05799920008582001,48.074533835958064,0
66.73055023269725,7.244037284380996,11.26615339764299,2069.4593662354655,93.01918373157999,9396.396774625713,12.62684621038549,1.45155823369145,3.5729101215577432,162.27938951084494,2
90.85690889077773,7.140227919068714,14.333000300645164,1771.9701748886966,98.11766937982803,14876.497147170192,14.125499626191313,1.9379083762415623,2.177740540482481,191.26664300529293,2
46.92974206894806,2.5905167538048697,8.14345871433616,1994.2188942521273,63.008030696622725,6663.068858350397,-0.06052052230630854,-0.2103389776199404,-0.4743772712758443,50.72220350660256,0
48.76378263294863,2.590508540483812,8.328759803747937,2007.1025472162305,65.0442077039217,2777.5262374926115,0.04905340927435707,-0.04614008263909565,-0.39368381560167576,18.746904294678433,0
48.312199155038925,2.319524895575717,8.819744329708751,1995.0353644979173,54.77991005630351,2973.550482368389,-1.230775545766081,-0.05206809814435225,-0.23093066336426302,38.7908980344012,0
61.72203762154904,4.114900439083124,9.916947203444249,2001.9727008920665,63.86245609379229,11557.236725616563,13.024206508242218,2.310793674191653,3.2723277181619013,135.62465068584675,1
46.18152616381548,2.9036218571835017,7.028006285257433,2134.9857070209755,37.07548580575418,3870.7876033563084,-0.23267190851999858,-0.2092955885248857,0.11608958965636267,77.35314662940294,0
54.779951984828635,3.5944286922305992,9.463385819083022,2102.077083122736,56.40307004489715,5646.166798440861,2.5542317207314253,1.428521419125352,1.4304789782900973,97.07253633572095,1
61.1161760130943,3.611535796677755,10.364573731159508,1957.1126007487255,68.09486830947779,11140.813111847361,13.174348011410295,1.4809843038211863,3.846777667271319,124.94004514807565,1
50.874349769635415,2.280795410858866,7.901097657051746,1981.012133000988,67.21275539351295,2530.5843280078457,0.5881999349718571,0.10173364991742713,-0.7295140713786444,48.05383622455947,0
51.099371498893916,2.4229136528939503,8.50543112018592,1993.4742460051502,34.227739196250965,9882.752710001314,-0.6043390715633118,-0.015163479163642671,0.32792057598396324,61.5073925438475,0
50.03006990672676,2.337220310670677,7.615442388278805,1886.4057041787032,69.66353635481096,9707.499576706701,-1.0766609345243296,-0.3557261666419607,0.37655954533597563,53.768320165948566,0
47.60612156677567,2.456580804614284,8.474254101858335,2001.7426438195882,61.29939698255752,2278.4241754310997,-0.21133608555099248,-0.023480171830991953,-0.008147530021222859,61.486168816769684,0
90.73909103615918,9.345784494156351,14.932459855193958,2018.1910112938297,91.48140234914973,9537.1489563944,6.397477577928479,2.8202091008151244,1.2861546414534817,169.49969765500828,2
44.78681073484612,1.9156349460036513,8.28972128643363,2007.3849662613388,39.6277084733002,1215.0137630091806,0.21047054153048458,-0.032912614201718836,-0.40216595400114846,68.260004405486,0
69.59567535216829,4.047961387727252,11.474153710135166,2059.6607673392255,73.78956670615798,12764.474464997245,10.53010388985393,0.9435719236742672,2.4075942161392843,157.52329967270924,1
97.81603243335132,5.119459323698202,12.461964977622399,2041.0050118957886,99.18170791999836,13860.729560779275,3.958789400228406,1.3559590900838663,1.9469575725334152,197.18246299237035,2
64.43367924524296,4.188324975498688,11.085193220479745,2081.479679866578,68.71963327192668,6608.481739577462,9.254550226936571,2.5293805421642745,3.0959922152952553,146.90814074689484,1
65.40967123935047,4.005931159327773,16.17751597902371,1503.2750781375737,91.91497868966326,15391.825403122148,4.44432155000041,1.3884614217143485,3.24327124569889,167.50559437619904,2
45.650430303557286,2.1681075456314973,7.772905220844242,1958.9828087734652,65.06603047312802,9963.343376272473,-0.8171854666089954,-0.41882412553275544,0.17671708422176027,56.77441005739271,0
45.74490280120091,1.9717573564057673,7.237171842714953,2063.129205171359,61.76789325108337,929.9063982313216,-0.5518581458924467,0.5116398571336505,-0.16927427959721658,53.69102606394074,0
55.58394679170918,3.065984393826823,8.81546459063147,2047.8220174173812,62.19955998723079,2698.2072012821436,-0.007042798924735517,0.2624817243485264,0.3347706160096084,37.014688438481514,0
61.28209874425921,4.423203438897449,10.476778020893674,1993.191960455813,69.53526302584207,5886.004296796173,4.867955385245747,1.995563235159347,3.0748208998371647,150.9753468205166,1
100.76508898809378,4.419016579015934,11.87762928160391,1997.62704346069,96.35746269557532,19893.517181855645,11.71385464064649,2.3499659667140294,3.826094635257071,196.99009991046012,2
51.068500631674524,2.514602451498048,8.255868834539502,1957.2334742805372,53.43240583887608,5864.79092188707,0.4288123146206977,0.0394600839985704,-0.12342629179781107,60.57497691599322,0
45.79938486989267,1.658134867150437,8.34692788150396,1994.85822398878,58.240760306560986,6311.706459567064,0.09990554390240976,0.029192321942630037,-0.13929610334923992,43.07831165655184,0
49.838766473092626,2.743887133709695,7.5229691261268385,1952.3197693490151,61.485064104064165,9748.34652781112,-1.0692505939521582,-0.38730374690162317,-0.1440607122441056,64.28172225905062,0
53.15917229904614,3.1099915895810395,7.3431210931569835,1945.2349192465072,60.87430904726485,864.2461076254648,0.7869695655549953,-0.17822660172029728,-0.3189327109948393,52.76174306267259,0
64.14542359576308,6.9250503845609375,12.11262751571125,1794.7896324054993,87.43183517682434,14783.96305485932,8.03112232694837,2.9300133240788426,2.629845454437633,172.7051530953616,2
47.796225269605856,2.256924268895686,8.100284598615472,2057.431867471436,50.935636454974656,1147.6887186921747,0.42881650033057295,0.1386211214526288,0.05293246658316755,42.65944321833355,0
49.752056644885435,2.251294924102491,7.366829747187148,1997.1008026283882,67.82792588001129,8499.753714806619,-0.44838021905388226,0.4020018578600003,0.5309587262030898,29.312543441528042,0
50.06238112302622,2.2815991176312598,7.9085517794475795,2068.7438209574093,32.07826310217074,7862.781993840331,-0.6459641791245353,-0.15983840133005073,-0.14482305665460973,30.933427834825753,0
63.436946438791125,3.70337273861802,9.900620428351678,1933.0147269961296,70.19884203247963,12720.124763099902,2.3531764759322775,0.6630114781512302,2.1237598188431646,126.74472735535439,1
84.46665188698326,8.895640697250753,12.242404582292016,1676.5298039558454,87.47434320439831,13292.865899009405,4.542920549578696,0.9668082394326036,0.8291263655199322,179.24158090787213,2
47.56636035843336,2.7802929237763694,8.524827088930172,1930.9728327376295,37.83363250347676,8969.579304235343,-2.759597399272884,0.21267496991418622,-0.36864012556564124,54.2548967691948,0
65.53384684011321,3.599493177712617,9.624390443691865,2018.9485961751225,64.86216560642052,13203.775074489733,6.07110593262467,2.4964831809568784,3.887145569861861,112.67906629706094,1
63.395522545669486,4.105264018088676,15.9415220270793,1648.4386784275537,90.06152989923122,15616.055279047298,4.157413638845205,2.70481939576161,1.996213907722153,160.29397946716963,2
50.09817347462212,2.4199255863957037,8.896461295665436,2011.1977639044867,65.61032212071208,794.0658464302952,-0.8053718270503438,0.11928846791213421,0.08129236165385781,56.08385839106843,0
46.98037230416108,2.8419635683387137,8.658557533669933,1994.096573650446,48.37060788692855,3577.982653254418,1.2969945465611092,-0.004573612459776425,-0.29979066968847323,39.90450157543565,0
66.91180899228185,4.128919995517717,10.586468635977488,1991.3573602253007,70.3711176177996,12488.263369633065,10.464918603461763,2.052321418696078,1.7333123131337904,154.33803914372737,1
62.14520838355337,3.747594128744836,10.117306525246702,1989.702806922883,62.73420916748395,11863.271966860975,2.9053349261112746,0.9372035929398985,3.4950804061702523,122.41584506583482,1
48.47241427854361,2.733259372244483,8.687933086591979,2050.6273000526917,50.50619012580212,3053.106766967313,1.028682610696392,-0.2633497693644114,0.2170831761686625,63.34921563278624,0
59.44969845054992,3.585544822965385,8.94153226527584,2045.7977321743674,60.15571887425231,9603.582712019263,13.23932692379471,1.866620550469471,1.8314019213964339,103.42581718094027,1
83.13289683572263,6.569307366109264,14.321107359776923,1772.343435287801,93.05816767886823,17912.468619998865,11.091099876640648,2.598652273751917,3.9362954264121965,159.9824266996842,2
64.52649099478477,4.509120880648783,9.753802632360562,2214.1106248808564,63.249758351760946,6202.472265116756,2.8884321619193853,1.1582894593830002,0.6614324751750684,130.32663261463938,1
52.48988651921412,2.334149489613646,8.327805199126447,2076.3861809761884,32.579650849966704,8772.394571622004,-0.3571023698077398,0.1588766835958355,0.16774778667095538,95.05773764439499,0
56.02733289180664,3.2791779843149307,9.661393230856014,2132.6306708158504,62.7234767918324,7523.072498394065,4.862928917905096,1.7209365724573469,3.0814801218248937,105.67613045215847,1
46.63873202026515,2.467018685388945,7.506680507680217,1976.5708534044993,36.8232764622836,9481.083201714422,1.4321701435246332,-0.05430489509827651,0.42046972125459803,72.18108095863172,0
52.18195954106214,2.297733878106441,7.896184473508811,1912.50110628906,69.35361251421752,2689.5894582647106,0.906857695125735,-0.04309964046397386,0.24196925300429983,54.120990357590266,0
42.49459141583641,2.0400176188872625,9.148221538402595,1974.6694746650192,48.78975051962735,4474.681413224578,2.4844673686414334,-0.14059949205396802,0.347704573469147,52.422359966744104,0
50.89376319577941,2.586619718415988,7.845058963178125,1910.287138474497,47.54153954149742,2185.098343541303,-0.5084553400297436,-0.02303458555398842,0.2487974471784477,38.363243361659585,0
50.396410164007946,2.8991851106528768,8.097687642175872,2049.6230415747264,31.186728922589595,6754.202075470892,-0.06407030012849757,-0.11805509667195656,0.44417041666256646,35.812994241278666,0
92.29491493658618,5.250084959883563,12.317399862921505,2022.0189517978324,90.10814473890602,8714.29640417326,9.849340888342041,2.216474783731517,0.900706733230668,185.19243521341286,2
43.54455379601208,2.284254004227274,7.894434880586153,1950.6410236424408,60.04712191233672,710.0766453325547,-0.22485598180807856,-0.13000051616469196,0.050596401590018304,58.83881299138818,0
60.23162359799945,3.5485348731402517,10.022715189639154,2058.240334728786,63.640294518529764,13736.985934663451,11.41164972105922,0.8013960410092256,3.658586575500446,112.57279917540785,1
46.56882137803802,2.532567911732957,7.9833850046777695,1989.594157136373,41.80162830616625,4860.00493797603,-0.5487249077409615,0.018568980228222943,0.04795691759922011,29.446497181480837,0
52.56638002604794,2.8861973170456423,8.23548925185339,2042.2800757233476,47.19724309560593,6729.666223944324,-0.9438507054237175,-0.21891730791058578,-0.07973087594819492,78.66844839650336,0
63.69771974769473,4.025677512331492,9.85598488037285,2168.5178520454733,71.81434439403134,12055.858626438247,10.949265240397779,1.4363822175503034,1.084010705945635,154.01801363014505,1
47.10678723616492,2.370953009322449,8.024789260242354,1991.9327894174103,55.47609269818973,3406.0416658129166,-0.15060591943684326,-0.1427507712541302,0.3330907085948292,26.331876234669377,0
64.25168162206378,3.4082617867008906,9.652039943715524,1960.5337379228058,57.83805430625037,10054.5511791045,14.53222629253013,1.4605167824645005,0.6364860440121906,112.8134355377786,1
46.70556356590746,2.3914565982302296,7.098109289110911,1982.2506357943355,66.00332732065922,1161.3896020052562,-0.09343407091699951,0.045796485012215615,0.07187296210896262,68.07845501473712,0
66.68086440961034,4.030136635830609,11.426110559901375,1896.5121710968106,70.25368736957323,10537.114853580111,9.042162561330052,2.404754531512175,3.4177748667815493,168.5611846889418,1
46.80979398028715,2.2379771097736576,7.369272583172446,1956.7480386825503,68.65669543465629,5577.088262500439,0.9614216853675427,-0.36494480938014784,-0.05155889593898752,27.836709376183965,0
62.9171910008868,4.003186239033151,10.953700432382407,2133.510254520277,61.81328205048845,8951.377432643187,2.512973927581691,1.6888650937170666,2.4005860438518214,124.00080486132063,1
50.797658894178,3.030735010078986,7.819118465581593,2014.0060694484725,61.768426501976215,2757.6756825135694,-0.1246177961901297,-0.23451832177054854,-0.004041546499547388,57.81045795130002,0
74.6585864358992,6.385399970080353,10.664315086654257,2339.495307652059,92.97303944737547,19024.816527276525,6.709485132281685,2.3142911580498726,3.6305839488848126,181.49291849590938,2
56.33106310346119,2.1494367056030175,8.640367229280198,2019.0919530420492,49.05933535113171,9961.229496394411,-1.3846466206946033,0.19261779964260647,-0.23468070609789837,28.40618594995306,0
52.16808802856786,2.2412942880809665,9.119871519963933,2023.003530317372,55.77881108484135,8197.978049847276,1.214269650459279,-0.17359999990770947,0.43408006145986705,52.81877771182874,0
65.3317029014661,8.137203020289062,11.829416214407969,2108.8080075615485,85.4333855035366,17041.13506708363,11.995996167399333,2.1463512891751373,3.181405764784552,164.02929578316923,2
64.15101919506377,3.6558437759878726,10.191116392198019,1998.4098283390724,66.11593894753052,5660.098441402416,6.5346669416032315,0.7774952469782871,3.3288232350322775,135.22437028137125,1
89.50309772504585,4.611469908292784,11.786318352826257,2094.246038820675,87.82497240638678,9742.358154615924,11.231430733482187,2.1671360525356693,1.2388936490814766,158.25424138660725,2
62.89406886898658,4.510882224952029,15.823567865518589,1699.2577700311826,90.27416504508577,10712.347973791997,10.326188548285971,2.9474527879370225,2.612225836151825,173.05877108988705,2
47.43598116508575,2.6005111375787404,8.003982141323664,2050.185476190534,47.97398968158568,5858.647884535192,-0.6489138812724988,0.037818498767810405,-0.3316059952658375,65.6436521591152,0
67.81118541751535,4.644714824967229,10.19627076568764,2074.8787402326825,73.55908780294689,7714.093804467144,8.457040496633304,1.2106852323187918,0.9683992704989259,154.0281314945777,1
54.17014065757916,3.417807252431697,8.930500416034068,2022.6867436598984,52.4464957120883,7761.695578208995,11.19069433692431,0.6567240540546646,3.437684723246008,84.88988313406134,1
52.475294794002906,2.23986093528673,7.670941755462372,1984.8136985611668,44.40935675201712,2703.9328638452553,-0.47622087354465903,0.1748778361425455,0.07876839870057749,53.87179822735089,0
49.32121738647874,2.726815996623594,7.967226196609498,2099.0845903200016,45.505952218225886,6327.118787486009,0.5222436812480098,-0.16328079722020838,0.0574520816378192,51.36741258620522,0
67.15081658178511,4.743704424656105,11.18350597033975,2051.8453145033773,74.55540095392325,5481.860123932962,6.680656056712718,2.8919995387107154,2.2514040099857042,165.56954369582047,1
45.675553815170666,2.437164230305277,7.29771787146518,1929.1751182460266,32.09420080749889,7675.676285179183,1.235121821948528,-0.06401839618887806,-0.1189986479465753,59.65048097657183,0
61.53818754099269,3.817960329839376,10.418946995679587,2167.173553109661,62.45408725065201,6366.009036511727,10.471316886204596,2.3464936453308267,1.604695703171725,122.50536237466837,1
59.12572214487681,3.7842139390997698,9.584004940393115,2087.0492402347336,61.79021621456859,5580.919520803498,3.449658760176593,1.7896547567808203,1.4365743685479002,115.5617816850353,1
52.169762649357395,2.6818954044563657,8.72624619367278,1861.3899021372938,55.30737846833786,10309.376784120937,9.736711773773859,0.5248095528195891,2.1243330580872635,81.32240497894585,1
67.29765624597628,9.13230098464547,11.191899505800293,1876.9073021049303,87.70792477013539,18285.554718275387,9.479620242270228,0.69096236247864,1.839031132497224,178.3564526058297,2
49.21713550112223,2.1136673664105285,7.396864345358599,1935.986579531853,59.56106231151835,2232.633855051963,0.9557079561210825,0.3838001786437212,0.5647085575540435,65.72625419760894,0
51.067378924782986,2.7305551342448666,8.630966938365768,2008.9859226549224,54.24586259733919,2911.44247785179,-0.4718595944334637,-0.079505964191092,0.08936847494360695,61.325617594347406,0
95.90206303813827,5.592710166292974,12.659671815780218,2034.6051358578025,96.65237204539413,8907.260487401009,6.753849727397827,1.0634531700169145,1.185415794469945,182.14813125717242,2
53.84493138501131,2.6673073182175373,7.444271021531484,2012.3252389216002,62.444950797338834,6359.547071637285,1.5805406865683735,-0.20301883836557374,-0.24325725336310144,24.848442821707675,0
81.85708120021896,7.2233841813223485,15.263121691024164,2119.211543090416,93.98485184100102,13967.74935402767,4.993261969236691,0.6114095586216979,1.9547476534006698,168.07270275521392,2
47.903148681609196,2.8756638729279453,8.327327081454003,2009.23263879523,60.434173780579826,5468.5964097512615,-0.1701796665065516,-0.26281346170680797,0.32615855531859134,53.636780744101216,0
50.90485774386079,2.70639008563481,6.812166994453692,2029.9124687314975,56.36455057878106,1088.9331398103907,-0.02943473090949095,0.45566660583232665,0.16400859712976265,47.74752341474428,0
49.34737775424817,2.0532998934628086,7.588784211372569,2065.847941834335,57.93244628910291,3952.059263099702,1.0499842925713831,-0.06355612086721393,-0.21872374893080967,70.95825938261157,0
54.45760482655305,2.433828259755748,8.153007199008949,2052.733315602159,63.41631323368504,7844.2085800341765,0.8945776792437568,-0.42333275217940003,-0.14698504654816041,59.372115929991836,0
48.17742097296057,2.7282308925878063,7.72135984981865,1927.158106530334,65.78571190310538,4.427814372078842,3.495877789600099,-0.29268119168533774,0.6770254189302353,43.8515311080348,0
44.885908959511184,2.373237666878489,8.62234402318255,1904.191641016706,46.62415583629342,8472.716677218594,0.48716444022019184,0.1315048826970221,0.13242644984727764,32.70098696738347,0
55.05063949633535,2.341863584375465,7.033279446607009,2084.439695665495,43.053537237279485,8396.596557087903,-0.21795205326864608,-0.22213043924993722,0.426077079732588,39.3056878437871,0
65.4958942849595,4.397424900459186,10.503323136819443,1984.065360797677,72.93799844016151,5328.0962412860845,10.268552094139588,1.41088559607058,1.5333463087137476,159.99986816032668,1
64.25348429020941,4.418718979996039,17.42578578519335,1525.2944883002472,93.66124612537486,15855.808242391453,3.970735972401292,2.6897077087926426,2.3868309345760306,175.70010780113594,2
48.48746050697699,2.475543198069506,8.173838241769168,1975.6385717943224,30.000465390214647,4165.658284822922,-0.6757080791616118,0.00683048349760492,-0.32617378165884076,28.283497422296293,0
53.65212070925489,2.7461666257019117,7.874134659003747,2056.6811735929523,42.11723622561717,3252.951340230311,0.8635966592465905,0.1159286458645294,-0.13807902047499693,27.29078212603739,0
65.83081097954111,4.112561661092054,15.53837042147482,1625.799930043839,92.35709820931919,12973.63658647212,11.799786107399841,0.5516784222297612,1.4415687637940866,191.30120838626326,2
52.325838188886266,2.0813998821241615,6.879663106790126,1985.3101674929603,67.96834507482049,6321.594991864574,0.17201569901585353,-0.21186252422354848,0.21391835427798123,69.20277012959492,0
49.85417931538155,2.634583930995449,7.82259632490789,1981.0852362869393,33.92939968756322,8035.181084349343,-0.4177797974317798,0.1884476302994723,-0.11046758257232742,40.80538537251546,0
57.98329780428986,3.101358952656153,8.822893718225458,2150.8651231060157,59.32497075483395,8119.840203264184,8.272505463059689,1.7666816224568644,1.8553304491233358,94.15936520016454,1
59.0124381015814,3.914416158918809,16.414475960991297,1716.5567897117962,88.08476714813601,19604.423303073752,2.6716933815534945,1.7619889957613204,3.014588815628925,155.7227839241453,2
85.5265975262209,6.651560088708167,14.595159982737488,2090.53146475273,90.09470895016048,11798.59598321444,12.6133402045454,1.7537886536993346,0.7481205156194988,163.06650253585053,2
50.08116212206686,2.530558211913956,7.668607599254132,1975.1847634522358,37.47657762433847,197.95658347254385,-1.2268755345137894,-0.08692901795803892,0.20289301799927364,47.25291652187712,0
50.793932015363865,2.7844364317301933,7.635727488839996,1936.0970760441098,33.356781432857176,3334.625935960105,-0.510334983207748,0.042349943616225454,-0.15092416173139664,24.998630215872115,0
61.98366076168644,4.611575086561428,18.197631971747825,1563.4301960457788,89.4001926477232,11334.233313076547,5.592148410056097,1.580047318986265,3.9312905932976476,190.3187820331496,2
46.01505514560485,2.523242115621169,8.75679898732639,1969.331959374086,58.18217712109781,4227.2863689393225,-1.1082574618159868,-0.3322486325412844,-0.24855463084124993,36.744310424112676,0
47.23442056062406,2.1988127883755504,8.103633664699473,2003.4672168518125,54.145488022375005,769.7946706496627,-0.5466800845872654,-0.054331022065210656,0.5020356270895611,76.80922103580696,0
60.6338235268463,3.0566240551605266,9.851153688735529,2140.657420186916,58.94231044357222,7710.9625376406575,9.76968767513514,2.6652390840292286,3.8135680512318846,104.06618250717872,1
51.65442882571857,2.602176764920149,8.195347960464073,1933.6763935844458,58.04558377669895,6801.118854469726,-0.22939074406802776,-0.008695389962772486,-0.45933225076671663,60.2850951203567,0
49.670691488551576,2.649245577191697,7.8073083362373925,2021.022623862378,56.89841992100115,9770.069544389435,-0.8643910709141808,-0.02818558285552396,0.09496209798258957,53.79321754126842,0
48.68970728828535,2.0180268697783963,8.87479195210271,2069.0727039345243,55.50752987583742,2420.220799808772,-0.5029747705513431,0.052697443066211914,0.08826723870404811,45.31184399367356,0
53.63865197899738,2.8134560153221404,8.374893371886607,1970.572385034122,51.872682929632674,9589.405165968205,11.525535172220147,2.016829311793591,2.8550508400932793,81.23709986102108,1
51.4990553309088,2.6416006812757824,8.037977633958043,2037.1341209179861,38.01128071470504,6167.836078525412,0.8691560643892732,0.17745816745334841,-0.22898583125357447,50.75875670895204,0
50.46149574823477,2.7299402104334787,7.14110295209587,2014.2434321745209,44.737956796663156,8953.460891531693,1.1069647663026416,0.12823733248221403,0.6424149355533232,34.9879420483757,0
48.18241753772332,3.015813371862189,8.99625767658406,1961.6671706108325,67.45122485875706,640.0634660862092,-0.5495571359085801,0.1719175773959604,-0.11613919493685437,49.091775641355234,0
47.928840121583974,2.5012279023026367,8.396584683396549,1999.1732124876187,34.21572872431221,7644.407280755044,1.7492242025271545,-0.2036499288656456,-0.2097714651855383,40.15283852012974,0
52.371115688155136,2.602015388370667,8.285306498609765,2048.409233026643,34.417274536444104,2891.8744629594985,-1.085150526557798,-0.16508210599579104,0.8847283275926175,74.89359161473573,0
53.14690982777351,2.3599590643922412,7.665964673951115,2050.276761298728,66.55153775493037,9528.150170025061,-1.14553821799892,-0.27267452494423167,0.21229092711254627,50.18076373024615,0
92.84789418493979,3.3832404292337594,12.419770725940616,2032.6747819268323,86.71707392010339,13542.121775301324,7.3887088426183,0.5331275837597764,1.5358001110052981,159.61555831626154,2
54.78420202195075,2.308341541616688,7.88889766853855,1879.5262839390855,47.184343685294536,7406.261488943705,0.09846281707420244,0.22414748896333028,-0.20289126141498778,69.26489974773088,0
47.03519342546957,1.965188576965593,8.28630405395705,2017.4345225878624,34.859815643510615,6346.392564873805,-0.9729497793166654,0.04188938645928347,-0.20081581583134045,29.591908723355264,0
47.55392032918214,2.2302666704718317,8.599417648355677,1960.503698735587,52.87648815402403,9862.466719514015,1.4980945625711226,-0.10063124641100273,0.11434441399629663,65.82139404552218,0
47.72806845896612,2.694426509398123,8.265095653671455,1902.0779228932681,53.016375491445935,221.41475472629457,0.13315121142428596,0.06028410310335341,0.22729886188199278,49.849692714584435,0
50.03051570516816,2.6193416355251413,8.145880721266774,1978.7507313311676,57.15590900311362,7729.867213055868,1.0276945935014785,0.06404543709986922,-0.27197096453314024,84.18772133115405,0
67.05982488250996,9.058330898901069,11.756403560034741,2059.6635636837414,92.59751513376163,13821.13591975448,6.337169145879254,2.478895506478425,2.079529395602392,164.98552073529677,2
47.59988430680706,2.4809426276153936,8.61871906734207,1977.1349172456605,66.07096114184915,2034.7274249759585,0.8484308822052846,-0.44937786679692104,-0.18201008842958902,54.225673845589455,0
49.11566214710077,2.9038534790879873,7.461064094311405,1965.5641166788541,44.02082137144647,3725.332737595508,-0.18677191419529146,-0.12352183636015733,0.5285066792376577,44.34306907644413,0
65.21357651798928,4.696189157469418,10.635304565782375,2185.4775653876018,64.4224150518875,12665.150495325846,9.58827664050773,2.454899942894898,3.1311144733854412,143.78890897062388,1
63.58964658798837,3.518685726554866,10.744904344433696,2103.800266078981,62.022955255790606,6949.751999002892,13.57532372385127,2.374944496130177,3.67879971045113,126.62072597641624,1
65.52558477158392,3.9889103366472636,11.165485262788264,2142.309104535907,63.31356266786144,9739.212201161026,11.313162455455286,1.1773567457909135,1.2078896318358723,133.74397753912717,1
47.7257440199384,2.29378470637279,8.425323833891126,1992.1628962108862,50.28238586954873,1879.2038081532303,0.22226613244824175,-0.09586737228817033,0.34676552525780996,41.58122228615431,0
68.79683277420935,3.8647969235701343,10.760134577418336,2063.3428913482417,71.69608892507839,8245.11800175342,5.503654209799544,0.9773164626791088,2.9312433561280473,151.6617305487232,1
45.422210843682215,2.6853624401393703,8.522256993121731,2026.858921381288,61.121009725786124,7608.5133093078175,-0.9494243267257642,0.2869469959328688,-0.13802287624004958,48.67224764820056,0
51.048950141899084,2.0305591685913833,8.047672099720653,1986.8275891958876,42.921093830163755,8979.191869576658,-0.3294477863470914,0.14637414085765912,0.10051740872523525,56.32311914365557,0
47.87811985809211,2.5376095947295507,8.580699393715703,1959.4371440431403,62.26660212107266,8580.232710072292,-0.09733681866268276,-0.10075791682078734,0.3644391170683155,38.048627284660675,0
53.245300183018486,2.106334241970578,8.311034995153024,2066.4466659767704,60.4921049800384,389.3801668766561,0.38680852068920263,0.2181960850371934,0.6036811337102296,70.47419092213963,0
96.8631367567909,4.45081898002145,13.335636700522064,2175.4701428882827,88.28637873248574,14946.08201642711,9.403298294239299,2.6710269698534552,1.8269468043147645,181.41214279515083,2
54.550840369125936,2.9053407739783688,6.7414284289518775,1932.1104552371062,49.76590682551531,8610.452995033118,0.7018492854920929,-0.012390549219619356,0.1963477470213611,50.116670933308676,0
60.84057907128873,3.7393635987968135,9.748559136758374,2007.2763365781834,67.26624034853249,5698.006546146289,9.210940227141123,2.369485874398431,3.33590505344836,112.61881903542462,1
46.03752867836313,3.1708850952387957,7.910425121168286,1936.5992896308312,48.194897712114724,6857.005429336439,0.24324456985562717,0.14353814828789271,0.3552517582980437,55.99549127443129,0
55.339736373192466,3.192540249294948,9.802613567095374,2071.8504966559353,53.079317038735645,7307.946539265317,13.903739019401447,2.040786230582241,1.3620010658368606,87.07020478313544,1
64.83519829260281,3.8956031801999798,9.72574865310298,2172.039689837249,69.7427098800791,13845.832929211878,3.6278672737188087,1.0013824446131663,1.256794531947229,133.70987779655206,1
65.20992741475936,3.9517080375405707,10.025217253311496,2081.903513092984,65.32978281521092,9353.936461757356,7.147500653718864,2.173271522904698,3.621625861397969,134.27355995479553,1
54.30340060803816,2.5771391957255863,7.4031445061695855,1984.9326775154225,48.998038610549926,552.2252074302847,1.2319844712696357,-0.5074777192139769,-0.12341694900824722,40.31900727225963,0
55.46565011211891,2.9395919017982033,9.752830903949668,2133.1072611380846,56.51453086403454,9784.961162559619,12.14722834953378,1.2590598453596007,1.5909143998026452,99.77361113522605,1
50.34931472199018,2.469688366935423,8.156524854956572,1998.117002823728,45.828318542951706,7151.864547802413,-0.8639591168352135,-0.2766907036137312,-0.16199629071770708,28.160490506676908,0
50.52188344905712,2.1882779300824655,8.008274699454557,1982.3972196144032,48.83469424892707,6560.5502197570395,1.8426513728833425,0.11739045823667496,-0.24043769121891848,56.616218505195135,0
55.42070666087834,3.6919021535782743,9.558457227117543,2029.4183443678207,62.11702362762871,13178.563056550294,8.631928945932202,2.340599525334583,2.295139694315833,91.09093181446923,1
77.13411595496757,8.319881189363073,13.391005609691033,1982.5118026778287,91.22959291764153,10223.244264599885,5.622359820495474,1.046774500808958,1.1399322295408598,173.1249124954805,2
57.07588792878832,3.4947237795954957,10.094677738538916,2001.9519496377236,59.81664350486673,5870.1721830278875,9.238203842066444,2.612802128740087,3.285742355002258,105.71368108948013,1
46.69312355049073,2.7044078531328846,8.204303653850884,1984.6095764430559,39.986758109609205,2632.473465180112,0.5348173363459102,0.2457961004978124,-0.19119232410863843,59.167734071029685,0
47.85635897458739,2.421488479696532,8.414564913668057,1998.6334032946954,31.60236476202778,2914.609134937939,-0.6561959548884432,-0.14657857714544517,-0.02087346267636785,67.79975124434199,0
48.17940446642847,2.6373059758160657,6.626247578637383,1975.0134911924185,53.87642762186624,9995.577032504385,-0.5262478565174211,0.2776675556416896,-0.11550654351385908,57.65977969481857,0
48.20190051847904,2.166998928434222,9.205024324703567,2011.0745811639197,66.42422868857687,5098.540095504577,-0.6508327256299632,0.00036919104620114875,0.016900886043636276,39.75708535303734,0
49.137657441798936,2.586198671320903,7.977243877349379,1978.7881833300978,39.4991422700903,496.14373338837447,-0.5698329282387588,0.06590174711460182,-0.4551521090015037,65.01158335043532,0
53.663706980200885,2.3538525932062884,8.714558509275516,1969.2524780925833,35.01945187196603,7727.714196650792,0.7540831702904721,-0.22365483091305585,0.22285784387316945,52.277388006193675,0
50.294202618616836,2.8887615345589044,7.640583806195635,2037.2502656438642,43.80334982052935,301.0387221131894,0.09175248444837286,0.050448079285335484,-0.03486871293658745,54.294263663410526,0
66.91580870938337,3.8810880946317963,9.98377950978817,2137.473173546051,66.02915985032381,14633.60320446038,2.1336984471639964,2.2901249331053615,2.971861568943418,141.06499714633742,1
67.67499371724489,4.101352120374445,11.121964745252257,2007.7023643188481,71.43244449191207,8433.867021776441,12.849433273323159,2.838711283818739,1.1500657520181496,169.10979614781792,1
46.71379729097229,2.589517553969891,7.972400882856312,2024.2439340766066,50.06071841400666,2466.586158054065,2.075637542165838,-0.07445449685711983,0.24742470197168936,66.32013697548847,0
47.153250437525486,3.0242089593746675,8.466095782130193,1988.1722356390526,65.82251392527354,9091.752640535857,1.1356201471829441,-0.22125870248232685,-0.24735424845830206,37.828205535205996,0
47.491679012361196,1.934564092295118,8.114657064217324,2085.6333856419283,41.5178137070397,4928.195845328246,0.7803428116164461,-0.3249595980205979,-0.3627103190967556,45.23323655372858,0
52.73408816652417,2.531726137381444,8.631853338827334,1957.684201126713,56.346454197590674,9315.54914309481,0.26402008133367,0.2544707000213536,0.21974763083394067,55.774473256500464,0
51.40014870201555,2.6519100932578765,8.088609392535842,1954.3972948923047,48.559267926675496,1187.0909550911147,0.14891007584637195,-0.1358881845863426,0.1270025845825726,91.6153180807838,0
50.773257620428254,2.127471827355513,8.167088208622449,1992.2370475587625,62.74960917936203,9835.67206513663,-1.907807557877391,-0.17207700215590038,-0.12408166002649326,87.7537531468038,0
45.75069911541142,2.695957933174093,7.067227449460939,2051.4327189727946,62.94208906447276,8206.961607667794,-2.1643098678478396,-0.06571988761831125,0.346069028597958,39.627840419394104,0
45.441961773569474,1.6503533205668295,7.774420570795501,2027.587039995546,45.23965094673599,8084.05738893691,-0.41142660711600243,0.23078014685114945,-0.5609225099086261,42.22958449633981,0
65.74988171977806,6.447927258129784,11.855424570391955,2021.916548489292,86.50784961261954,10997.265949358238,10.50408200571928,2.048097580133954,1.662384241578436,160.3389694583711,2
62.60912185189967,4.347543535491916,17.37750966082367,1625.0055564474656,95.45424478088863,8921.636579773058,6.610660664806077,1.8766584486021287,1.9112271464663828,193.01880473703346,2
64.09736039909524,4.635958116987001,10.522601977994935,2044.4943473384587,69.21305491964534,9131.725172077196,10.785698026352957,2.145399560743934,0.7453784887443993,153.32039042389903,1
48.868867492597225,2.395115502989335,7.400070138910201,1985.387239227808,65.17320862713896,5570.405132750351,0.01424416401371203,-0.3152703417798872,0.10606435895960294,44.881388766604935,0
67.32463405249267,6.940845606968801,11.786760144751447,1883.0422269439443,89.80367811114718,17371.566363733225,7.176961321454152,1.6097595807997789,3.6275810525754606,196.23892450394297,2
55.62940310961379,2.900462182577293,7.3975992019952,2021.7180816353575,53.640094656985575,10474.714898623186,5.566999867633637,2.753957513217669,1.2532156790661748,80.72531930079079,1
67.82840698688909,8.02307485517874,11.217313479082556,2222.0694679199187,93.40647226381493,17665.160516551747,14.307831180999129,1.50053068962418,3.241542940346167,180.17324415773106,2
54.94844268297176,2.821183167993756,7.635198765096296,2018.0708658636552,67.54119133892522,1811.832790500828,-1.2931415437586478,0.11447806223513515,0.13518102385876166,12.603673209356721,0
49.01652942097191,2.3984518107123107,8.74805111671278,1976.2005698806815,65.91858587391154,841.2766225938284,-0.8404709356859309,-0.044949124102996924,-0.33980071556306884,56.887115385759124,0
51.47362299623599,2.392591186075904,7.930301399668383,2036.9826575862335,32.02489889076296,393.918336928194,-1.9093560875072928,0.26366046497053386,0.0218041572988024,41.770137108756394,0
47.96998759025596,2.8013778727379472,8.048414088704758,1974.807662358756,45.90737657732219,9738.004133571496,-1.733826354483668,0.06819053804432527,-0.30585186071525616,68.68855566462615,0
64.86238388397071,7.12834224185087,11.20483810616133,1826.558100709273,87.90429878623729,9051.095568871357,3.16891118317613,0.9831235380854204,0.6769571578583864,171.86248867283194,2
57.445675254720996,3.064383813292307,9.910336459529363,2062.6028783339093,63.76275022271662,12275.29230225095,8.29708541281104,2.2345138924185295,2.4346682881175408,105.85940448580118,1
47.992986131360546,2.212748415005338,8.04996258610862,2043.2876366504795,59.356215080074776,3465.587598165476,-0.9896139590028159,-0.048780644265092654,0.11589236453426038,42.242015826318834,0
53.237339911981785,2.32632969029907,7.353090299097789,1938.2939432495464,42.47647622146821,1221.1151592428794,0.305062138965167,-0.16019351937919596,0.0841175913339943,57.240802917181036,0
47.137882593366925,2.533077735246673,8.064276961695032,1981.3109197404485,51.40609334721401,820.2368521147085,-0.054981143300898205,-0.09316441578392182,-0.310144341054225,50.24954098670935,0
53.72263871614071,2.289175666990184,9.132856345247847,2005.818172568298,69.406982203627,7680.054353132096,-1.6847006939858256,-0.4129394979917505,0.46192222880276357,72.11809971834545,0
49.636760115772866,2.51104364372962,7.1649972628125544,1973.4169049840166,35.166977809724415,995.4651280877513,0.5555886846689371,0.4858565285902501,-0.05880205004150713,16.7474735549729,0
51.65770217197103,2.1675822885648914,8.330894727345367,2031.892405325799,54.098793228138206,5116.385825190141,-0.13805184997237743,-0.057127913499717686,0.20510172642507513,48.89105275772415,0
53.7160873071932,2.8933467604337793,8.380710883698496,1937.0009260780841,38.49335897147565,1220.0741357688905,-0.6571498307885644,0.06847023580592135,-0.47829854798443733,83.87132939056583,0
50.23678345721666,2.4089084389036426,8.216557981936555,2019.4233207524146,49.30853892307738,7774.554671823856,1.1945634311841287,0.18414510257877867,0.6881931849879444,47.45483960195451,0
61.73912777683787,3.9813240283707048,10.113321420331607,1892.3199061145133,66.5601186820613,6274.856801402462,12.402682519886529,2.6575226151680673,1.0274062045029182,115.80957580013208,1
73.7646595655199,8.237127584953052,12.06163820153764,2030.4087869712278,96.69951243754818,16155.598188741722,14.297020372417125,1.23956024374134,0.503892329686656,199.61541055292562,2
51.957939221531234,2.1586937630347798,8.606304118710229,2086.7415945613616,30.64973772837815,7287.780544506475,1.1650321048394572,-0.249118782322911,-0.5910001366256622,64.17437347035863,0
50.69433776757672,2.6939468613177313,7.892166181226184,1956.351945477315,59.15756800420629,7798.208840100681,-0.9162741005637249,0.2710885602210992,0.3510596127589811,52.68592994495586,0
100.08827188780197,4.852742966114379,13.85614742582671,1836.939143514573,96.63144244349132,10708.732686069528,7.068696701784048,1.700118443275214,0.9830542045701811,180.458522777598,2
47.61293071101417,2.444845935783436,7.018646209995782,1980.26865939008,49.058450849575976,3183.0409469234733,1.1471119271082366,-0.006995950022824538,0.4974622117835409,65.7258512678922,0
52.52849373418529,2.8619440466245165,8.094781928217316,1950.361741212409,40.269739852390316,8040.956696335928,0.11788450610335514,-0.034270198560723726,0.33740875703906875,64.60654011846658,0
54.334137483092846,2.488385852985898,7.630324690316756,1963.9106399382795,52.0420381317973,5235.635795298558,-0.981645070175222,-0.21170401000851205,0.2764242542023436,34.92172941266711,0
67.43830314615788,4.381007235471886,10.987900424761305,2054.683415087164,71.2156398510933,7717.8651608012915,7.189168328643254,1.996487768511677,2.7853238034824477,154.91754650692275,1
50.11577558819684,2.6233546478752867,7.650340896086169,2058.1229143296155,67.66307410935735,5297.139661083676,0.3202774109710961,0.035098993592198494,0.18805009710843895,53.72975907933901,0
61.24483900021218,2.828803325364238,9.21027336599669,2110.583577851454,62.32761297460089,8456.249935764015,12.605002260256393,1.6668202344198761,0.7685298939850983,107.65150656629484,1
49.99655963277361,2.2833796021013115,8.15404283037957,1998.4807255245007,30.007461126826524,6139.794562733938,-0.8108511341406807,0.4436686966022773,-0.2913294544752944,5.140892498804121,0
48.05144536728851,2.623168484568083,7.7400333827537295,1975.3964964525678,40.49882340485058,5252.584187815833,-0.8385931529638637,-0.10071132516347453,-0.06072059658940325,51.539079804510905,0
63.93435641116362,3.9688989281793092,10.310956665077537,2020.2733404444507,66.52225099844459,10299.703410214206,10.81909451153917,1.981927352175462,1.019261180513309,142.83785876088498,1
50.471132741626015,2.805815793088063,7.837853141591379,2046.6972583050867,54.57600029725295,5236.6341605461075,-0.328662015162296,-0.39520008954416674,-0.4298817362056542,50.23856474800314,0
45.82416127789053,2.1966874706170567,8.29789390079968,1949.1297489355145,42.92398806665349,9877.495390991886,-0.9831221345818416,-0.32376106177153585,0.38067289275474775,58.692647309412685,0
51.19608555086671,2.353228230100272,7.226918940194551,2057.6472275911433,64.95499822084074,129.07227980991976,0.36051521494449745,-0.29459727754835113,0.3569673161624972,17.991928764842605,0
49.467738685374506,2.0933411501271197,8.182125106111494,2011.3229515556723,63.414901211369845,1968.8787177568356,-1.373999547423306,-0.05380055517662178,0.007838241880736644,15.301447357298755,0
42.69747084247222,2.0469309263749307,7.944490563196423,2006.0627341551965,46.604997581388844,143.30905867001255,-0.40911661365525137,-0.003700920645932545,0.1302426660786648,58.54267457375322,0
59.56467842237341,3.794710290238608,10.196509980972225,1938.1737334290845,56.223963700643864,6429.608776007522,11.649815996213416,1.1104040217903826,2.5930319106506237,105.50276620020065,1
48.968353415562014,2.6725099105327055,7.9418046685696115,1930.3805236108155,30.29336603344721,258.09392863181733,1.0555446021319752,0.550144606107466,-0.15450248290670754,43.552828983095154,0
69.35072415793087,6.463304681136675,11.619592725296876,2024.6268187089001,97.79329323189438,18105.984519804573,5.8559622680422105,0.6929688255661699,1.0946047562667005,190.00150600063026,2
50.15677547149245,2.1818184800810196,7.641491925436032,1935.7707867150016,69.58021333537289,6843.142489253448,0.9778155496862003,-0.4211293883680649,0.3460771029950776,77.72698794525687,0
42.07730696196888,2.402968639736619,8.055194819553849,2025.3710463916645,59.14625136946411,3153.637432661175,-1.3938310438129229,-0.1132257177215136,0.18622426658382718,70.80377129585504,0
52.446503067332785,2.485573447800768,7.908424764473352,1982.1663432910063,43.997514142828564,7824.258122127879,0.04522270899998256,0.01023958037621707,-0.15053525784345959,22.550689042317984,0
48.207729904570314,2.8233705218359977,7.722972353293608,2079.957834226431,53.1343905246616,8326.117733261312,0.33972385937475696,0.056400525003371144,0.04791531860463002,42.67516605043641,0
53.838556009280474,1.8349543481937807,8.251372403745407,1875.3364589834962,69.86105235194476,1352.1731371285473,-0.965664803523208,0.32583327298018905,-0.1745346100176162,26.52240071182055,0
58.59367360349766,3.4103108362991676,10.709841937255367,2187.4531263671615,61.32302405813406,9717.398375184392,9.19513309072805,1.9257173468284763,1.2353751751932314,123.54222858745825,1
57.78733530230345,2.8505690285338914,8.049780749509482,2047.8648015748154,58.40311490020973,10673.909441560734,12.351166922933032,2.337562965474558,2.635377727126821,82.26791853389626,1
48.80557396823459,2.316423363576469,8.904757459259303,1926.2881360552294,50.5483142086122,2881.845259595295,-0.001736523275695409,-0.045577596310132446,0.2981789271364955,31.835876354228592,0
51.92162880522432,2.5369234604968542,7.94343597374213,1935.0391818277087,33.65687967268553,6256.819122613526,-2.1899217049785533,0.23891844410274615,0.2875157459526127,51.033219537021594,0
52.80862702873985,2.555443090746922,8.626544458651038,2019.5835307807636,47.18693453420592,7498.599312882688,0.1443434672966939,0.1653283070779793,-0.17165822108803305,34.19974395837848,0
47.55387311505164,2.1801295204302327,9.06238570150848,2066.56695309942,47.05998988967444,6154.207798208355,0.07125374991089249,-0.25870152504081917,-0.2087084631591192,31.637460331668503,0
54.01076131269414,2.8547697181182614,7.946322604642992,2049.9709516338958,52.583625557338536,6630.272037231473,0.4796797395099632,0.03978993929666191,0.19484920945777187,42.72161213020727,0
51.008434889078686,2.4317571220139778,7.588032256514,1964.0445274275407,35.525011725609886,8591.117576469165,2.049812095785926,0.0001365637914965256,0.23463900045943775,34.182012366648934,0
56.989817950521434,3.3443329069908687,9.567248965316036,2046.482683265824,65.97220325550455,8033.855436291332,12.164581868959566,2.414646609711855,2.920794781532895,108.13382224174703,1
100.32062071315457,4.1122221745999425,11.802596433886395,2207.6486627231375,86.92393576490254,10478.97219466137,6.072464195547934,2.0901710508805644,1.8939819218116904,172.7099901247842,2
52.464363287760214,2.5136849287964633,8.232401065415988,2022.3015477626063,61.80232070424525,3237.3082561042365,-0.5501377114780691,0.08176980379974834,0.37131734565874086,77.57803399692939,0
50.463451987157185,2.533096331754157,8.40091549127246,1970.1505804512115,33.29623887447793,5999.678582610661,2.920752565885881,-0.18257286355272595,-0.2101957963033664,67.6529615402624,0
63.66999185067445,8.417531147739425,12.790914893428194,2001.2875880409076,88.3370117807641,9439.435300771638,6.056832580476268,2.5059900763840814,3.514963161334311,159.38784616087437,2
49.61330244764543,2.6021962409236425,8.601523926102962,2038.7711866544687,62.477849385515334,9457.497022259302,0.8168679695322622,-0.08525371133528505,0.12057568655217688,35.56073345749741,0
66.27257575556506,3.906361685763536,10.32467221486237,2205.7839077589774,71.68999854121053,8833.97141058259,4.187621650600267,2.591105481174674,2.4211837107402507,140.99509170811885,1
50.273302599818365,3.0419604014378,7.569903652288751,2114.738429577389,63.148359352720256,8295.627156830498,-0.5930721344322301,0.06294126151089373,0.14191527846996385,68.74654583641754,0
61.167573653602034,3.726942929198001,9.560687686216912,1975.983416593215,66.3974947468711,5471.96701697379,14.498416055346643,2.197906420798907,2.7098159217518183,112.66845563634845,1
52.989573901689745,2.281100612853662,7.488707324863954,1984.851931156285,30.428611907814357,5442.573370152508,-0.060917832770783234,0.04429553953518325,-0.4104806816176887,24.9340874539347,0
53.037912228932214,2.452553846688304,9.621546484797367,2115.3958125308054,35.534863788822264,9827.39540910386,-0.18144906924751675,-0.021267400506262996,0.2986744542006089,84.06345219836075,0
54.197850023810155,2.3854203184823906,8.255113822584804,1975.7604661821554,55.94988455580072,4189.6977377952435,-1.6553688814058016,-0.05710073939422298,0.025297148172670165,83.02473157374573,0
52.37952706465603,2.463382860363617,7.7710758069087555,1992.0318883927046,38.169684254737156,4186.951433276842,-0.7146806769904318,0.1042559810027629,0.09650356241295002,53.361196119336405,0
50.10170235237638,2.1874457363678412,7.3832512080275485,1925.5181289281945,54.85322496622829,7187.181132622024,-0.10648788318054717,-0.09075849703281676,-0.1721790023902073,71.8647421516442,0
50.31031438792432,3.1126228120431234,8.138679230982339,1998.8860510408144,49.329283035017404,9868.959453882975,-0.8130143722601298,0.16465598313554108,0.06772845693352632,50.352265038673146,0
95.29302830634424,4.513436681298485,12.436788729071868,1982.084618908442,84.449046721248,8219.300836682074,13.753759583516478,0.6716216653696806,3.971612185816221,159.38151022060495,2
76.44338261292003,7.530275948545431,12.133280213705234,1672.3981426518512,92.28670607527135,18863.587988126186,8.40844063152618,1.325389875789011,0.8738024640082727,161.1659409516344,2
63.998600493157156,4.260858291736275,15.823433069865233,1700.8596067222938,85.7877813209236,11915.385818827357,2.2698544176115347,2.402214944178774,0.6495886212168298,157.71021252051338,2
91.45919314123951,4.581372283321495,13.462687702035058,2010.2955572641574,92.73790978348687,18910.425634477844,12.655123304119384,2.7204783741532603,1.1972689004297679,160.33972765135422,2
47.44339510603525,2.0611701078666638,8.46637180417279,1888.3360590322118,36.39519053465766,6912.466637859893,-0.5124052146241178,-0.17959752830887776,0.43375939789260926,50.32631203371554,0
65.00982629420264,3.60961440335922,10.238961080327368,1999.8227827586259,66.75478371828899,5398.114394457538,5.561845293109634,2.8891236681662233,3.8377141274039133,138.098092076947,1
51.67191288134146,2.459756447120063,8.20173445905396,1972.532007253228,34.34730157498768,9812.575773912768,1.3147798255965035,-0.11310225764352927,0.3591559453867284,20.478658164565566,0
53.54567327887988,2.6442724278246685,7.898737886467585,1973.585147666851,42.54812499028625,6356.453219526133,-0.9701242603796436,-0.07951155309834429,0.37129612725359945,57.59535272081792,0
49.165642309066286,2.398843558662648,7.609351646588471,1948.750384309062,55.711802820252366,6009.45484537719,-0.9851944027873477,0.28098846584362397,-0.14621682488703158,60.672959907377745,0
48.42601277879959,2.6480964542929453,8.648031530890698,1944.6421591598773,31.01394417055754,6900.468884094496,-0.36550593698526584,-0.030259844046504464,-0.4187367606577455,61.826984835168005,0
48.39148350012803,2.4207886714016795,7.4693532341442594,1997.7267511935497,42.30716357911794,9260.595598182656,0.6627258265192667,-0.16142799659586726,0.30101482926598205,52.43629411549716,0
45.829334224539615,2.547328431788131,7.451315840514467,1926.153753623405,60.392946337135534,3388.2348242280736,0.9500158286696456,0.04860094441087994,-0.4598101679669792,46.074386972241264,0
65.10053329884438,4.111716692174626,10.974060392454582,2122.1188237645338,72.43622856345989,8516.498723419054,13.8241301491578,1.922388708204627,3.1676110551357564,162.72872279483528,1
62.42999444067525,3.447064018570144,10.217260133388033,2001.497513390793,66.56320598025502,11232.10373068007,11.641154736874556,2.5127432801028373,3.4576387711382486,110.76641377255325,1
49.62671803068074,2.329291791317442,7.722831016343335,2096.999419573817,59.95852603441594,3569.824294686639,-1.1354666958101698,0.09758108901483727,0.08912503544725049,82.42453759452457,0
53.02841536578791,2.246517568421951,7.2504920197708,1995.4077617832522,68.6908476148119,7151.250198168879,-0.08743532877718108,0.10966392551089975,0.28487837140934646,48.81169637455012,0
46.95858220208041,2.754379652005979,7.482044507493772,1992.672073215416,38.23920143507847,9.43415267631087,0.7526823152860572,-0.2374930803476877,0.054453999452266304,74.29947022584474,0
52.01459351518716,2.9584094078163496,8.44375198370703,2038.0423327155738,69.0164147073898,5735.6328002671,1.2495049007061587,-0.26655547949592995,-0.10483179816508677,34.548625024875186,0
62.76573710151853,3.1788772572552366,10.027439335481473,2127.016041643306,70.44811965807452,5881.344309766915,12.0983796837122,2.618869082636841,1.1363617849306857,133.75811404976406,1
51.5458829648734,2.2497154569896125,9.092048366690229,2028.5253604177258,37.85947867824844,2117.4586205241953,-0.09294420661358828,-0.04790038440434996,0.33505013265898625,53.728323394880924,0
61.629561514036716,3.8837463878902962,9.540837922437024,2072.6536933473253,61.86488510391519,10324.709078838974,9.337415641136719,2.00145799246784,1.0818936562239523,119.18566910597764,1
51.042684841410654,2.526009309824319,8.177834474281614,2009.5788698097044,60.48848233256708,5917.169688924005,0.5681032051286461,-0.20993109978198823,0.4087688558137356,82.81229126976575,0
43.826099739809735,2.6068650129443385,7.293852840035072,2004.509131874845,62.20697589441507,1857.769546987078,-0.1268807141021942,-0.1651968356053033,-0.22808728426919395,88.64918994899105,0
44.07353668634859,2.725329836352193,6.9674584768718395,2001.422879059158,59.48529655826556,367.1294348306664,-2.077811819856197,-0.06405956090732838,0.49301344674136016,57.2129578287159,0
57.17229849430317,2.6131276281227427,7.950015110091549,1920.2181619555158,47.165979678332874,748.9584200198374,-0.7150632206374263,-0.12198015257438449,0.4726168422168496,50.575816274769636,0
47.045020622548954,2.559604002864222,7.960466329067722,1971.0437945182127,63.75973887768099,2624.083764893019,-0.5176925728692147,-0.017618248805814658,0.6509809764241629,21.52634726232154,0
46.29415851570118,2.163354028635701,7.861840182436776,1959.1981052302865,33.979786754918585,7665.959447120516,0.28053234055525844,0.20321870432939337,-0.3192664531006522,69.90422444954797,0
65.07669517409694,3.6495502233939456,9.411767196390686,1962.2605892868528,68.44810980120417,5562.242948509723,8.313245879373426,2.7820020010196544,2.6362705273635494,121.00845944958897,1
47.68885118385163,2.1309585268725737,8.096280117266312,2057.237980572615,50.589687750271196,995.7971354002892,1.37004366117099,-0.3265755676980745,0.07059538843172984,39.197938128024305,0
84.96807930230736,7.9845362967032125,13.119431435414521,1936.2681141215025,94.00983358792212,11258.605462129828,6.110796593323291,2.6124271341002534,2.167128232724165,180.90493638488388,2
62.85521620574416,3.164178957108514,9.574307730644762,1969.1703068205811,60.33308528686364,11957.949669407455,14.274714898499399,2.988777420039666,2.0759688365455675,116.2135745650221,1
53.508182221088774,2.442245132847234,8.199221931678341,2021.861554877352,42.716186950931345,87.77211947929464,-1.5122755927410747,-0.1798748254309308,0.0019392561592791668,38.85290032689223,0
54.046641041363834,2.949309554812439,7.884086915378762,1933.6900922178559,49.524701737349396,8130.627972141201,-0.15896953926988067,-0.17857092817554615,-0.3749662442574772,61.277263378487085,0
67.3268810000571,4.065997608791734,10.30067128250922,2026.2545036182619,69.66084702144688,14545.538424175,13.940780836016732,0.6174812525077937,1.6858455756169686,163.12983537946877,1
51.95403503705914,2.10428084155451,8.491961340715367,2019.7035855056731,59.634770735408715,5425.733269659556,-1.2858026340645248,0.17475439920975921,-0.0892927719064289,101.4214031325908,0
47.57767332477726,2.2006134138930484,7.558770475883875,1928.8214678909437,56.54970954501548,1182.3839247214053,1.7963239264846849,0.1593964365427238,0.19084664551183061,17.529332312031883,0
50.11551093690443,2.932175524180564,7.588397451349288,2054.4348279308847,50.579584092481554,8568.353497231763,-2.170861570833669,-0.10251353148885806,0.535761337291235,55.94111542983819,0
49.548077839155425,2.5967247948133383,8.80950464364365,1992.2692929226546,57.56484361983033,8636.410524171562,0.6251488635103922,0.07584313136669402,-0.16428896355443592,41.04404897154661,0
48.36690925547271,2.779402276954901,8.035662158062244,1872.528847220765,63.57812936838203,6508.33221561485,-1.1520616602649387,0.08174538699491486,0.5489879009262629,52.241327503564776,0
91.36013492917397,4.037720625651385,12.140962913573063,2073.7258470870174,93.8917880786465,13822.765469184274,4.329130937771962,2.7278502294837734,2.111243805971894,164.06328391460085,2
67.81136895173196,4.770263219640361,11.111992393651994,1979.8493430816739,74.76577664955957,9283.518005688464,2.35238648037103,2.458753756469772,0.5367962858957872,168.53404248882367,1
70.96775899471808,3.612039119521622,9.75046584999366,2030.556473323835,75.95372624188981,13939.335106699906,6.365612740339949,2.0376743850367447,3.7441764675105245,160.39740444093104,1
90.20829038966542,7.552181231203513,14.211084422369058,1536.0782722716756,89.56048159453502,19425.727004916218,12.707392731790181,2.272503778315949,2.5566944531528804,177.90315681899213,2
64.26405331368909,3.472785841966517,9.462336633240604,2030.4688998742993,58.80415283628456,6153.6280130570385,13.305857203467616,1.680566064390511,2.9950882927065776,115.30403373711924,1
47.59772734182135,2.120672524114731,8.261888605779339,2061.52802144346,67.50559119831608,6797.04778576834,1.9542972380253116,0.24893055630706018,0.009277625334749774,41.37706233636125,0
67.06763054190749,4.024943611860686,10.558681530120555,2052.7573046221796,65.51413604726336,7954.22036313765,3.1772730788119663,2.1700081268575353,0.966643857199013,147.38286305952397,1
61.32550453903741,3.945952107023876,18.1608739753122,1576.2383080606173,93.47066320208388,17528.173403191555,9.494355740818257,1.3551735866438883,3.3349256028921537,191.77359728269883,2
50.075632602620246,2.0370645316171387,8.082147382685285,2109.81115710764,47.82071257972645,9669.685146183154,1.0753434019568977,0.042133693040622165,0.0628602690788383,28.167496556817948,0
65.90748160232381,9.218877313503754,11.514350431410659,1893.4097328567905,92.68544795449306,16618.015370726163,3.6174845290746154,1.998993150110135,2.4262294759356284,181.2397590775954,2
52.64152299163562,2.6488265488877696,8.360546398243049,1983.5942333415728,36.42534450474203,1730.2386975116435,-0.5749499553868769,-0.07048897315520353,-0.10713215767467561,45.106309823317375,0
57.242120914715066,3.258662223883448,9.89467436220014,2033.2621042301168,58.726409942865125,11410.248576353548,12.222311520135525,1.5127701364696418,0.5094785243715823,92.50720926979622,1
60.21340560209379,3.5707326474289056,9.879236207381988,2042.470040858681,60.638703135431626,8954.182702423781,10.933469954092796,2.5369841688091466,1.960870684021351,114.28013263621963,1
50.53719628782015,2.6327717060681706,7.240773170516454,1995.5380666728788,40.15939013505014,8776.921788278481,0.25582964843439365,-0.09751037640889537,0.27275890550985654,34.01428572267457,0
52.826722043475634,3.019765911384905,8.100977577322055,1893.670019569947,54.16588362004255,12166.06298960031,6.662597719343968,1.1694811863065844,2.012808708265779,80.66527112998637,1
46.7195397989421,2.6494558426768466,8.323117065578858,1936.2504274692233,69.71773863131628,7777.174890725507,-0.6180966229483876,-0.10461144800771721,-0.04950220840990255,71.65367033967364,0
50.781883572800076,2.589596334477847,8.080442191495884,1953.8703666586237,51.25916985127283,4579.632144895355,-1.3096368741085314,-0.3929915917333877,0.0391546839012287,15.829629935385583,0
61.15772492287904,3.3774885810748074,8.99839642631051,2027.095576493715,58.627502047773504,7964.448877441531,14.085444900117269,0.8115334641958184,2.7836658442753124,95.67410231558567,1
55.826568838081315,1.9189614133803283,7.796161194212757,1908.3245228004077,36.542151781207494,3041.238494680362,-1.4943463075014,0.18261840610595587,0.07669431115512887,65.91711259308092,0
49.99833111273549,2.3295721331269776,7.609893538816799,2044.0581234218348,62.270942785950695,2518.0676605088147,-0.002479831123160667,0.2232376128867697,-0.3127618342448652,31.93873521807991,0
50.574478555019525,2.2319420545140036,9.546320639231341,1926.7778883293167,56.67741670228868,2671.440698706493,-0.13302188064008896,0.16984046185244364,0.11411731616937021,38.35385744137636,0
57.15925066608196,3.6412868920753043,10.017283544590112,2030.1273321288381,58.01872357632016,8866.964499874619,12.674851521364515,2.9237272485154455,2.088741477476286,108.41690622356334,1
52.14717901717043,2.535842902292714,7.888592150140159,2012.1151137331924,47.470312713883004,4640.004281964263,0.46857506995396153,0.26330923443693793,-0.5218205915810211,28.950398460071742,0
50.81770735161082,2.3155289413685196,8.019672921228153,2052.452480342717,51.56764318054532,2550.934328323794,0.7595961908857367,0.16162211235121263,-0.4090626513562269,58.38672939547928,0
50.4240605798208,2.3006503955583297,8.134481757061657,2012.198606913784,48.54488297373799,7842.712993067169,0.6747285460635064,-0.03191305639841024,0.19192783253467333,44.99883088416205,0
70.72782239881631,8.961075175608636,11.202312208160462,2165.4394616036607,90.62026527594885,9503.014773154495,10.521629633999463,0.5994928183391314,2.591888174332107,184.7814827858491,2
89.16275435655815,8.313967200597585,15.259219362266041,2047.163320463785,94.19164348201828,14873.12639546104,3.7839529060193238,2.8441536515414803,1.7317541975612187,195.08744667303353,2
46.41404960542824,2.870604595225873,8.359962253386554,1932.5006976742502,30.99936329127398,7207.251120266789,2.4642124409992205,0.06535289553230171,0.1380950159641017,94.88450359872161,0
53.32506525053792,2.74143115656813,8.320452656896894,2019.7198262091422,37.57773732669611,4011.4796949179754,-0.1306539689621132,0.11315473993441268,0.02167857029219702,28.693286117614882,0
44.65862854398046,2.6023115531522643,7.184362752215917,1979.8263470003496,63.5359855236876,7156.207169717857,0.6723592088835013,0.06394678289477614,-0.33578199457424757,69.61216709733515,0
60.842612184218375,3.8663907213473574,9.54638666908894,1981.7112904481814,59.93765289506336,8285.706327322943,9.829331930904345,1.3058120611735622,3.2191281187170544,107.52321601552975,1
53.2022508590972,2.6661099775770545,7.983479543963361,2103.0479718231254,68.01228054944724,2999.3848979806357,-0.04785151332911929,-0.06766161329268956,0.18929234694932934,37.33006621590954,0
57.27071676211933,3.366637957946954,9.151885299357277,2032.295204543793,64.13055899610121,14760.860241995717,4.889675966301608,1.020265086490932,3.1380206179674537,99.59560097146402,1
50.51565450275399,2.775565247138099,8.51269328227198,1977.0042836432162,49.7362680165358,9116.329137084755,-0.158673505479252,0.2504734193321551,0.16613053884462956,42.95151489872545,0
46.024438087529,2.6632113570321336,8.955831203140516,2023.7268673232766,37.6091172328055,5208.857827006792,-0.7742461135570251,-0.011168980164554572,-0.15893294125284876,70.52512852541969,0
57.19549582007969,3.302231167745805,7.90975417050513,1953.6755467649878,48.09467036826281,7336.428403644485,0.161039507812854,0.24345794678455351,-0.04605343913795901,45.17891499366664,0
49.039146161701176,2.2310304467787168,7.641675045090022,1965.5782278027873,32.18772698305071,176.7004479543388,0.4228788467533307,-0.5548440351969629,-0.06828877844544082,28.246362469246534,0
55.833781980791066,2.3963594058579782,7.764638295898075,1982.5027082742579,65.48170977787848,2750.247724877978,0.5048661531778007,-0.07815168261290406,-0.0641512269413827,76.25546235980119,0
47.343527340236456,2.548566455872077,8.344304026845014,1996.0351671235776,68.11337556682338,2393.3228654735863,-0.47898604707561543,0.4586422011398648,-0.11174583645160632,62.24465373582211,0
48.655898421698865,2.198590870103718,8.515328897993733,1967.406893298302,57.22242664555351,2995.5631961489726,-0.9043058134946586,-0.018896462828897433,0.24564113272117893,53.15915205561908,0
49.54134764221718,2.275066946714768,7.44408088813157,2037.7834260323402,33.35850253786907,7700.212284558286,-0.5071477427721613,-0.03603471130701597,0.04809492863609893,84.57363151628613,0
48.04909997001064,2.6855308931796307,7.795157905390986,1987.9680972814965,45.97729116123418,4189.292239374189,1.8609870401836113,0.025936781913055203,0.12130064328918255,31.754100736344938,0
65.19273131407621,3.8619069395385677,10.321349870553858,2064.8260499452053,71.26851807561867,14837.350336757578,6.690482047914033,2.38211868772846,2.250118704493628,150.78551421753102,1
44.920745552507164,2.7087212495531854,8.048981632238064,1983.0980979545027,64.35729397298911,3447.6976689987414,0.8781479353385309,-0.049274371682670653,0.17753064706736363,67.26740923680677,0
49.09519359907086,2.5243427556866234,7.330735164611916,2043.1609489508712,47.9870790873488,3452.645520570531,0.4184638591137938,-0.22452628900786908,0.18423878383513287,32.61612042896795,0
60.458527229816596,3.6707775077767466,10.133211487255322,1856.4624578989797,59.17708828894148,12505.441637537377,11.703457790128038,0.8637932509685624,3.5729243387488068,110.90400106171154,1
49.87747109745175,2.5504627044052173,7.754889203992355,1946.753335542093,47.60721314788773,693.0777303829483,1.8372383927745388,0.29438127982270845,-0.19598879335781838,51.205153546649505,0
56.35374528060032,3.241846483278157,7.483177774773658,2045.9463260676348,53.30983004675035,7909.99389564663,13.29646836527165,2.7611320289062347,0.5026169792968587,85.0155187130886,1
52.382770034486214,2.9400473249214305,8.344501572020704,1974.0724196394453,48.52797745235682,4868.282119412368,0.18251599658135578,0.1158032215588873,-0.03055905302940908,68.67492417675984,0
49.7805212120556,2.728507101077789,7.716764749698951,1954.3667712169615,32.03210358755769,4683.005914563852,-0.3235092195836363,-0.01617591457822529,-0.1149132491173366,69.26365485705634,0
62.1810822408496,3.8797555584253827,10.426430191869397,1912.5205746424358,73.59661347199143,5048.684076555032,7.36481722892894,0.751143874202421,2.2820528794691093,144.340859426956,1
45.85751491616914,2.361915294784949,8.075954875363289,2000.5100735712435,62.021444205069905,8456.420916244213,-0.40710696875416463,0.024023776615024424,-0.23999792840851097,44.59543361945424,0
58.944877257952356,3.768369619769801,9.674446571786435,1976.8711755851803,65.38047885731143,11237.437260875957,3.7423236261468933,0.7894001156158116,3.4546506353842856,106.95119515408292,1
48.345628074934766,2.507230967943204,8.11894909440107,1971.0592092940744,57.567256417100666,3414.694066084424,0.6041205059847414,-0.10953162107427683,0.06589717714741652,20.428426646540217,0
92.7099104290623,3.8999059588115434,13.73155073377597,2146.710780094565,83.77858457712254,19524.401295465563,2.579645205543872,0.8576548818085059,0.5490508113411994,161.65335970380727,2
50.596027572590245,2.6552560297472283,6.9834996321649765,2105.6174854742876,49.95871776883172,722.1318533518795,0.03486688277914605,0.3993700437377703,-0.026437152302008396,81.77014588707259,0
46.861636744812486,2.64202222471374,8.145473682169742,2047.8919815554134,36.28815534227817,9623.380574812069,-0.7908817916945654,0.006801619245629361,-0.4095065386279906,64.0298956384943,0
67.27056916620674,4.351164977585924,11.564942530713155,2044.9689776977734,67.0455038876107,10469.155137931242,9.101218801701062,0.723682807025968,1.9629442992741974,153.6039866209572,1
69.58177864786268,8.051312498521035,11.853469109830442,1845.9889286118712,89.94006970467548,8191.043207153583,10.010378547763764,2.902073542700471,3.6600380820125253,193.52691298975972,2
54.602663928789404,2.7972624960901085,9.386705487358912,2064.654437877479,56.590591744866884,9178.839966176096,2.5786175105902274,1.2228417960469025,2.0794981201217397,88.69765257483843,1
53.46304872429652,2.454176629656244,7.615319475635984,2007.429311454153,37.666852753210975,4745.443501585562,-1.3750628849187112,-0.2696395004230587,0.7439554604723809,67.19962880547226,0
58.97838587661434,3.834003964285846,9.65847298084469,1994.1875314256208,63.01642139127287,14345.4024562186,11.438797238812167,2.794431631236099,3.6792152358505334,110.68699071162362,1
63.68187056616081,3.8054309168403027,9.89732975849998,2069.4800194576496,68.28400124387005,6705.380488982259,7.815557137073133,1.0261491804413356,2.9135407293663045,127.49858588028029,1
65.30482954222789,5.317389002177418,11.514696919461073,2059.2708709586204,87.25998227284994,10921.604528801121,7.950939965153744,2.39880037179236,1.2209586446596563,168.06628484150065,2
58.17185807881968,2.905894309226559,9.229003753196647,1905.210924194524,53.4304891485486,12419.953911261724,2.679628342493875,2.631356612188751,1.1936873524758385,81.90348410144746,1
64.4726818709423,7.1184559297448065,11.024621938064973,1852.0441291492773,90.33603905578849,10812.441088134507,3.6063643362204902,0.8092271265344018,2.541466689986838,170.86381585852325,2
59.79607222340381,3.7416906684283995,9.300785520520288,2035.4996893316081,64.07396438225912,10280.68080932079,4.62705216912477,0.7751844004526429,1.8418575227119947,108.93797079545068,1
71.01666646692823,4.503867088935555,10.985193337100895,1990.4704315685347,73.24495910049026,7007.128429137922,13.442011527833365,0.9874918438025494,1.5971707594625766,157.8765103280922,1
63.2610220218798,4.058831197119538,10.38770340556691,2152.0480821936303,67.20351911340384,14810.976245135096,11.624917860233257,0.7950150665484372,3.1478870852918424,137.45150586176578,1
49.77208676162506,2.388252436038956,7.51362961318409,2025.709762637365,58.99147899833544,5053.5366823782615,-1.0323448383776088,0.12505963844659823,-0.024793940407992255,91.99516796653116,0
59.317274172982025,3.772921297273861,12.950253519649674,1628.3388688973048,92.48458372453234,8671.116201538707,3.848357893035571,0.6320647347715063,2.6904441824383154,155.7133329004344,2
50.133823173302865,2.8771239305443213,9.297155092387056,2056.876950657532,36.83254825224843,1976.9030311448755,0.8686630423557151,-0.3366689389145665,-0.09456087784904368,45.23694129912284,0
90.53150644748885,4.225862104979949,12.162616137821061,2145.741434487708,85.29156096437703,17207.350130187562,14.04665220052931,1.7092270578669848,1.604437160550888,155.989181666433,2
65.89570259502082,4.225295467270579,10.286782713651062,2019.9427676275259,68.47408503743105,10657.420260709014,2.199037626149771,2.45143181455235,1.7656256144888633,141.3606948009609,1
48.604791652809276,2.8575605518925995,8.024369577014383,1888.7990088819356,49.7312330935424,39.599430121427524,-2.4156673794654804,0.004833230410038033,-0.30401040227739723,13.289071784233691,0
46.64997779986956,2.6952766474122907,8.362311573382197,1955.9100447766614,50.01162074712718,4151.556760573104,-0.42154221565931843,-0.08925249734002627,0.2867812427293094,52.773052509457045,0
47.73288503988052,2.398407247380946,7.784323036540357,1994.809665943283,66.70402785047601,6731.1134812452865,1.9375543019623378,-0.5316952863708424,-0.05021740176163251,22.71127855515614,0
65.14764345167494,6.551652450784254,10.594922799511542,2183.5889365684616,92.16512619707657,8787.51305813381,9.14235381679254,1.9771656684877863,2.7845484332202846,157.28840406361195,2
53.07132890486245,2.3789686904135925,8.244463619819514,1977.184848373869,52.50621691610969,7621.875111940822,-0.9171554913710485,0.13396161960186767,0.3176342020470742,53.96263302271751,0
49.845431214426064,2.650927110587124,7.840625842376934,1948.5094075729078,68.06809625562148,3197.2084933985425,-0.6556877194614437,-0.047142248971333706,-0.28183897259579477,72.38489835128192,0
64.69731842498831,3.639668482974127,9.358147269551365,1893.7054339749814,62.72969195638402,8673.4051527728,8.837305499718973,2.5219986112528767,1.7661890917289806,119.83893634343899,1
46.40610071234821,2.766123932933886,8.143387056191294,1992.6397360657202,58.941382933243545,5771.866762233089,-0.22104246353705057,0.013873960531613886,0.05777907561939154,97.84219270547985,0
47.993744859267366,2.432613122922557,7.56127262999845,1879.7725237074806,32.10839159413756,375.6622954398059,0.3126509912073227,0.3564908433114629,-0.4891671606741912,51.105251917580354,0
57.178888373178246,2.8443384723374576,8.713215932885513,1976.0855551934674,60.480634869486174,11509.717452185445,12.71872190739908,1.5442714174324397,0.7557978185915258,95.14129211976427,1
50.17135352165352,2.585447583587091,7.722277603567499,2001.093287109111,52.76920848365792,9207.708496360754,0.04278290212432007,0.098836042856159,0.20001181825758282,48.74768362774155,0
52.78556173342954,3.034252320656458,7.719978316735053,1920.083719384072,57.9896350598388,8567.704903492511,4.135515842927065,1.7592985864748907,3.4057100952101673,85.84093515845686,1
61.5375192424492,3.6690822860527597,9.969949998805937,2208.269039787042,57.36903209927974,7466.564468447778,7.9749917725280435,2.0712597502089194,2.4503814166144373,110.45310793326942,1
57.51251640378241,3.4594867408536807,10.225446771023787,2001.1916281999822,62.96981329025718,14906.42737172179,5.612584637840828,1.7454732479349477,1.6533564482089886,105.17902377983367,1
51.287534359625,2.7494912676854733,7.889182556714598,2014.2943483628396,64.93444471365751,597.6227417838443,-0.3257304552504472,0.14810907317488728,0.038838580537559654,10.286732883928813,0
80.5728811979596,6.2063669776899015,13.479414277332546,1766.304332143743,91.71758137954478,17299.141667671458,11.558265811988315,2.4933420141249067,1.442962612653501,157.15016141066326,2
65.24345029424144,5.59779143955226,11.01893303047861,2131.8639931656908,89.43782064874118,16657.389885314864,14.236626075788374,2.7040883729385268,2.303172791483748,161.17865188137222,2
61.444992276225705,3.883994500906882,10.191380802381177,1971.5411414792206,63.80722101868659,5210.369024604686,11.39690965070276,0.5812164917254123,2.583468943864191,130.59302784448266,1
49.94898177654851,2.65150632648213,8.042259237907663,1964.3207665046411,63.64384682464406,9968.4928428144,-1.8207602778020162,-0.14115469661907304,-0.4175875142855194,84.08204156118236,0
46.170992238120384,2.2509349843323183,8.156555884286945,2006.4915958144015,40.72188749514551,8114.659391516818,0.057602226005241515,-0.13437348217676567,0.21183856473279788,73.81492232050495,0
64.77779665932817,4.212957843853798,10.391756380674623,1977.4456673745715,63.92408460089387,10924.934791764052,8.272409786859619,2.056438494581954,0.5351644336919106,138.2767816013147,1
51.93511356634699,2.496276034142322,7.383193287982047,1905.0738484967715,58.587843560264886,6037.92757286118,-0.7348037072103585,-0.3313385039119181,-0.09754881972648745,31.257659095225335,0
52.06749337122301,2.2949097153140836,7.86313537391662,1999.2864823525306,33.39064617705333,8076.258695629751,0.14959795751878804,0.019565434941584536,0.13080173256677394,66.87679019283475,0
51.561505649230924,2.627830939295019,8.020307043482767,2071.629305911265,39.316073545979265,8453.299756887267,-0.44466906769890485,-0.11161727002733474,0.18963628416834336,37.54504879996187,0
53.101643164772625,2.3777619678125195,8.453981156813525,2006.1739904582298,67.04771945658507,90.98181280775997,-0.12428577716243629,-0.042276845963593795,0.22398340938064715,56.5115563357414,0
46.33347180454696,2.625913246107603,7.980381763150628,1912.2605628938807,33.44464442025495,5591.366564629684,-1.167651782116426,0.0018281351645265552,-0.579255881775902,36.51419414830235,0
49.7241296521872,2.5048075846885482,8.397300191472606,2048.681112471392,44.65145544826089,529.3593556881826,-0.7661208306106709,-0.22561251096153878,0.09296843381419036,24.528289028068016,0
54.10588886629139,2.200298130232043,6.969778481295456,2054.548333725971,46.809984072301674,5621.108826232295,0.46005434144644425,0.04530107042305771,-0.23624259146632642,22.112886666615342,0
48.89318168290561,2.564142638182319,7.541011947694632,2086.558481588365,48.82803997964246,491.4839034517704,0.5560220968422908,-0.11825695776037891,-0.5539719143413251,41.42690946166933,0
51.306993699371006,2.686023999533901,7.707047019659412,1982.5617767650178,40.07992886576287,9207.564510547338,1.0001293357539818,0.4874485151848439,-0.5127490665571367,74.5951026111596,0
64.29800276203511,3.803276311931088,10.435898469541115,2021.560139832627,68.0601083531933,7478.124429069068,2.472429728111152,0.7546181628559568,3.0497287684660406,127.09576243702249,1
50.092242749262496,1.8011675046632272,7.71280877476853,2016.741909751231,46.254656211098464,4850.729091426954,1.3207501278261604,0.03387501025432224,0.13312178738094163,40.53447695643513,0
61.867916245729674,4.33391003290556,10.333371987023506,1986.687515283451,66.2523977224375,11393.748005427755,6.39398415337037,2.7671664433495895,2.5557945400145194,130.02837327790635,1
54.74439117044999,2.4071020563442933,7.986624377212931,2072.8164235989793,65.78990283325204,2676.6843719429758,0.8773505067396974,-0.03935618977539663,0.09295127795997679,63.22205555362346,0
61.83159846752606,5.79851106570836,12.584858161703432,1772.3013784238005,88.37753675130713,9797.325580170833,2.852527944406272,2.3235386218163514,2.4590110257490974,158.99479701303045,2
48.67083980072601,2.8661348566524705,7.677591189235576,2049.124716957029,32.91381190180799,9326.39693799929,1.296083449079435,-0.09338845515076405,0.2641350582316941,23.429106437672054,0
77.4688805508754,7.718936697985373,15.140731250930404,2360.9668908009357,89.36668995195646,10798.250653059396,13.23723883352717,1.273421405200032,2.929460788916829,156.8739810052991,2
45.58853134630625,2.1211690672904306,7.612062588416758,2003.9482022834043,61.60525494904434,2177.8080176756853,1.0268946182579144,0.11991550824907116,0.4856362918982604,58.316532589106856,0
59.12263448606812,3.8064202456336824,10.44013862144237,2073.6040543474464,61.18909544686121,8027.67607617425,7.971498132246696,2.544908735872884,3.7547261710098265,111.99768174368069,1
52.08896858624097,2.5836399437156383,7.895665814389767,1984.3665777133822,58.356000250063296,8237.444619122996,-0.2573000006177896,0.21642246259862816,-0.03871023453893513,32.966756513312134,0
52.92153877177946,2.2759455223023743,8.953648918213277,1928.195424373247,33.58608924942716,3373.590783572796,-0.18018083137286925,0.2742949564281845,-0.295336648939229,40.9745893814094,0
53.25259473213063,2.5630909120665986,8.099196758588743,1999.540882330743,57.166867981519715,740.7490721044774,0.4755884359285824,-0.349379138269111,-0.1616282512038287,44.901060591928214,0
53.67641163594341,2.444977003812387,7.497239992742351,1951.1876774272732,36.38997840935777,1640.6358826533517,0.9118317785133704,-0.13377520688860262,0.1305235014557579,43.89059941504263,0
46.83849351390696,2.628344318545871,7.149048884990832,1971.9331001778896,59.471782748407875,4534.162306242681,-0.274802304752688,-0.4402486946901837,-0.599666672058375,50.68059172693362,0
68.4563463139366,4.660798489485162,10.629597366004974,2149.664069468514,70.73023494389369,8169.130138185443,8.076035360823031,1.213949040596591,3.865640047890564,158.72723661400775,1
50.18565005866141,2.2217340007564816,7.904879577793392,1925.1276665697126,47.33003729236111,7996.918620027912,-0.4888861190436912,0.31778806568881657,-0.37267396006476877,27.488257719360618,0
53.58864544358192,3.0577471948220603,9.140789589749845,2068.6603729037784,56.75955561535613,10203.236261913858,14.678178958691461,2.9144261097107176,1.25344166025042,84.68651655991428,1
59.278039532366854,2.973910446407884,9.61669649477392,2021.87101237229,55.440465339966394,10115.25640809493,13.940779895760576,2.760284151198763,1.0478522469550944,97.75183995503151,1
46.7653454896511,2.6131270661280337,7.822441717278446,1935.0181165068793,47.95405462608012,5990.110442135676,1.0921029610193338,-0.2952927283243604,0.13695070055033864,44.988792627626175,0
56.20312047240535,2.864120520870055,8.54370668116597,1926.484300189656,54.090833091249436,10780.721020124125,14.453731592235577,1.7576815006790225,0.790201034880684,86.4716045584801,1
59.69277687777635,3.845899474953483,9.353269343134995,2003.6548426447264,64.81165570733422,7655.875983073599,11.974034124069899,1.0147182769164984,1.625902290454583,110.62006950061314,1
48.2890577966406,2.1462675356911456,8.01695136184117,1940.4796132162755,48.42330202778666,9007.601624507324,-0.17759599475873897,0.13117842755751652,0.28917208022275875,49.598024964606964,0
53.51244407107116,2.4732935821833353,8.46575026870957,1983.1189422776172,51.44365867016048,11433.697250697605,5.412633776281154,0.6308679460782827,1.3084275868482227,80.32906802101843,1
62.5636438542688,4.119596248207753,10.494765810647182,1989.4750722613649,68.05437845244872,8793.655982041866,13.8408449508668,2.0383696015714357,1.9418129201429228,156.6340263481892,1
97.47886951571637,4.747817275460045,10.964433585899346,1880.6783521768452,90.08331321308512,18342.5017881897,10.503008188424719,1.778976526616373,1.0562366839546005,157.180890461412,2
48.147538531524816,2.477675852970389,7.018444895280882,2058.0329944400487,60.28756478727878,3056.4849683618345,0.9520301314373013,0.46981985175755575,0.19478267295936355,42.87826751359783,0
47.99745492396463,2.726362234004471,8.49972892754769,1995.8919557071674,55.65062837027479,4136.445647276988,-0.8797974329078807,-0.29188445169662947,-0.603786574955931,51.98903793825321,0
68.27592505063024,7.555313008782439,11.713231629937784,2200.2224323480636,96.1027796116404,13649.797032390778,4.5860871373354986,2.0042165215511627,0.7123907413273881,196.98849438797652,2
43.416852590539925,2.979841282034137,8.351571271110002,2026.6603658949657,60.84972296132712,388.1294781180211,0.16540366029970424,-0.27640351373848754,-0.14508514186663102,66.83561549568026,0
46.342442516704416,2.4687286061505898,7.606596671551808,1960.7751963805233,33.33516215075038,9285.077519437786,1.7992510456861954,0.17177895933197462,-0.07562278977299204,63.44069891310884,0
56.465249117771144,2.9329173917617677,8.550493417580782,2097.188513007301,55.466496462862104,10335.544335535795,2.003133060906749,1.1031108400950695,1.2288113301287504,83.49195092559987,1
48.136585733562804,2.758720686627669,8.009602984001846,1930.5185164572226,64.62580145490928,2413.4970383749987,-0.21964501553375435,-0.12893519023269828,0.0993657836215585,82.36384978878155,0
70.31673188005556,4.829670675323362,10.814214045329711,2076.833075703948,78.11587844510663,8834.811225750425,3.9789667809192686,2.166772138491142,1.4950090118341077,166.3632932848311,1
45.99273001247995,3.140687830351969,7.744939630260562,2036.47596754931,47.94530366470937,5376.921285909715,1.1262461801557098,0.12978872125185423,0.4921191842799119,26.36953676670746,0
49.4821125971275,2.6916031419640905,7.968213230406939,1927.4536054444388,65.13009870929386,5272.5514995067715,-0.029216405853985244,0.15502302431781723,-0.3136588457022159,49.474784134602956,0
58.76746431152993,3.5774702216015775,9.936572202999884,2081.4392152555492,56.75552361091178,11009.571949974972,2.4458727169430516,1.7439152084718148,1.041949385670796,102.22688712203563,1
47.060223275653264,1.9127984232598032,7.665928475836116,2009.668972596208,50.14767044949778,1826.251302531011,1.9002684243109647,0.20461131105044786,0.49306245273615873,57.82255753865452,0
48.85436196681293,2.9517373363228256,9.094249493047995,1988.3147494145771,30.73433535996896,6539.942214202483,-1.5202660808946518,0.18961687748721795,0.06732516238323485,60.03582335555282,0
53.37479763590972,1.9771684078356877,8.204719265321126,1986.1664114140428,30.36662200735266,2013.991027938874,0.11339439196668935,0.0917988003348582,-0.05646073163184634,47.92826293188439,0
51.458505793899505,2.4024103227029308,8.809906617121161,1969.0913418826367,66.73140141519832,4080.404616028166,0.0767629503307216,-0.2768846308716873,0.0551398118980289,41.71220416069535,0
53.11581820762645,2.5279475013099226,7.744505414902137,1872.322520197205,32.81842710667833,2781.436404489108,0.3903661943953757,-0.03078104539493752,-0.0961155178310383,14.412021389855589,0
60.86456584838355,3.2140174434881295,9.353145630565969,2091.5139753508242,60.60983585651127,6262.83472584569,14.295094464202514,0.8314351937112059,3.211355280136294,94.59650351670896,1
50.454209143855195,2.589535544194432,7.608700701290705,2035.3516179805392,47.72159906540644,6178.131945892864,-0.3397590076475238,0.04632149483361837,0.23592186359874495,38.80907429421062,0
44.21065930458492,2.3808427100459704,8.799527257739344,2028.1599201733657,46.43731619851033,6292.191930082921,1.0721967159384873,0.2024448846907666,-0.5045185605986502,44.08995420933832,0
53.03082376050805,2.4866915633465316,8.689233677726904,1966.4243896509727,33.87274923948874,4760.567021510617,0.007362681423567135,-0.29570938739975977,-0.14629002628648885,21.274922701437646,0
63.10784676838737,4.5570029465857775,11.899647119906895,2070.098310134992,70.48095199368512,9864.050355361782,8.564126453162201,0.9410297760697155,3.3445651650663777,149.41023337613635,1
51.079216925380365,2.3504098312634647,7.524407814806022,1982.9089089876932,50.73598506532261,1126.0922934922069,-0.5641961798604865,-0.2988075586579501,0.37654373651247114,40.04654953141921,0
48.393328760903614,2.2727707675741633,7.409356596663587,2001.5268247497675,54.46622702584057,5657.473065511459,0.2853993767216869,0.027998748527286912,-0.16304193217606294,42.468667570179775,0
49.68509687730913,2.683837222474987,7.9872529357074,1989.1420596431572,31.842766787018704,5438.779211611176,-0.3432059268430377,-0.41715848778100084,0.2921178692557103,55.975955606435235,0
61.68476598795748,3.340230231124712,10.270085995082864,2075.1089964385146,60.4419061773812,13124.136576239005,13.094144535980242,2.785851106666209,1.4284978118011835,119.06439816303627,1
65.62302962633504,8.47075925677319,11.378407816522891,2197.3900516745343,88.1727016420737,16938.384301595353,3.0355010590654974,0.6214068082391542,2.0678379401341496,169.42982396313943,2
47.57401548813288,3.0668903276672626,7.79471896253873,2007.2621975036727,34.18251459017366,8810.040848147079,1.30333686620339,0.022064272622337632,0.022767311556232437,62.45326387890293,0
50.16676082064047,2.662469530951765,8.091606524184419,1972.0421221438564,53.50739001580043,8957.92872894706,-1.2893864910429098,0.2617034312692325,-0.42914386931624154,68.01858468501085,0
48.4009752510906,2.563498582989911,8.434935808810616,1950.5246087572257,49.20074039378484,4023.935648144301,-0.1939142256582361,-0.23245469668228763,-0.22682727864519356,67.34566820173995,0
47.19266085240051,2.5789044045309244,8.402820270853507,1980.3579514925852,39.302722970273145,6076.95903497608,-1.3210270834185944,-0.08801725605052547,0.1770052259975184,65.22995961970172,0
58.878062934900825,3.0907434770677313,8.700113640633504,2049.5990533342315,55.81652556798925,5807.08454193986,14.90602282466554,2.458959736857209,3.726956165878104,101.27029312418762,1
53.86868967249634,2.510656729233387,7.532539575296882,1906.5988856460287,35.127404411963916,1229.2187999897276,1.5294908468886088,0.20837012206395245,0.09062305463148043,79.55987934530921,0
55.65059727500299,2.8609648223642754,9.110007574604433,1970.6910269038453,58.3032149202149,7341.990597880902,5.505247189849655,2.1369267840052206,1.8653011357307476,81.2165544529748,1
47.86608550046101,2.642946628949611,8.024024918882795,2058.24531288183,34.22802415517203,6940.7233353098445,-1.8911288618864457,0.035891196855435424,-0.5130984330708832,36.86089526158328,0
48.719218471901314,2.1860488812618573,8.41106100290947,1944.198361849526,57.35506964653226,5018.4024255563845,0.5535682717636239,0.09015140234247188,0.557194860223548,74.91299128473946,0
53.90703417018697,2.2333119021887127,8.691319572801829,2102.885804015079,59.5571318452382,8126.126390881718,-1.1197760491292585,0.21384078580818489,-0.3076771957911339,57.39481605280727,0
57.97101146292686,2.5414558143305843,7.411127176200247,2179.9733390348697,43.30936615935422,711.8023631808624,-0.13679823998536259,-0.16959061131380712,0.07420560524884286,5.785196672799486,0
52.380814409778786,2.6229215898307277,7.534908765271214,1969.5302621702035,34.64722297016357,6162.540405708124,-1.3287951085156418,-0.04782541202039223,-0.28341246278172233,58.231158345072856,0
55.16724288196835,2.559891388212564,7.5122267360464665,2034.8795367811958,37.336213944389584,4316.602141437834,0.3810463339002098,0.07056836682757876,0.34132008977021944,51.290071138355955,0
49.19411848434023,2.9501261313064444,8.286514668025703,2022.7699085489107,60.42426325560247,1682.110924335416,-0.4290459478662464,0.09388177123914096,-0.03054751972812867,69.3361914196824,0
61.907518761418196,3.5854888432139123,10.166434928314171,2130.585559753657,60.35158146446169,14014.468295383795,9.246580630436156,2.6711903780069237,3.420501919670098,124.75167630925792,1
63.50525633547042,3.671564623112311,11.323357080407678,2118.881969920569,72.10578942812035,6401.654333827304,9.074380936698422,0.5200203516844571,0.8328277669875532,142.8356474643415,1
48.82231492001052,2.5633842173324655,7.514081405297656,2042.0083492544964,65.10851842787758,8131.499883638141,-0.893942382678522,0.1048534193545271,-0.2612914929438123,36.156982801824284,0
62.89723133631364,2.9847896430601315,9.68743715945627,2101.5711314042683,66.87976003777754,7536.156276385642,13.48853405480803,1.903694859341692,1.150767743060346,125.32579441762414,1
51.694955474853536,2.4977414875083523,7.965988594106863,2078.448493447453,43.50876578248868,5492.684933484426,0.7990681225163876,0.13979376008302435,0.35547338616702967,31.20603160852982,0
67.4714206849849,4.722698408366416,10.981096501136415,2179.8786751698894,70.98642668099374,8841.607579534626,12.867161370214603,0.8715830389447126,2.0965555939193785,166.32010627966648,1
51.15094743475631,2.6136942071566076,8.343583639270483,1980.9753782224611,60.871317562733914,4179.074837954095,-1.575404685821716,-0.04942355873352803,0.042690553839541685,62.12043660028482,0
50.0665894917773,3.333189823470737,8.049934750832536,2057.8469882782165,40.209297373771335,6756.440638648885,-1.5488238379606998,0.04940292107325883,0.37720039864408633,55.758296391263485,0
45.65929612757493,2.87761283745948,7.59859849332543,1922.520946792742,43.680906569919266,8322.391067084416,0.9470139641596077,-0.18294390106588232,0.44214370009976406,67.44127413866552,0
45.77846904513922,2.365656039284018,7.989547296111711,2038.0072424074874,55.2179246263196,7342.720305307154,1.4159163574558586,-0.16583518590146096,0.35711114402136285,70.373134598266,0
46.06814545834592,2.3343851435327436,8.194939377857441,2058.4055672118557,47.7740878438998,9439.959067106114,-0.4751478672394793,0.23470217167187096,0.2293188039831091,32.50952414617871,0
51.51390086277816,2.328830892158041,8.280250119333108,1987.3239927129462,63.62530579276501,8476.403295092552,0.420267210479599,0.059930384679349205,0.12631489534947263,75.11616620971148,0
48.309555558225675,2.490053400085002,7.763413538932333,2007.2935782575837,67.0511984739363,9616.312566253071,0.5730939272439957,-0.2017710065046658,0.07582476727320069,41.019948424922866,0
46.88654493872876,2.9434203176558262,7.857384842063776,1946.1631323186173,34.5069410653916,5768.832749769458,0.034371761030260295,-0.11550870631986648,0.2835219803607274,52.73499219875264,0
60.69117826331666,3.865899804298611,15.720623948176842,1853.5328734277505,84.84850649254366,11835.07311511998,9.693502799623236,0.6805733706811946,1.0160855324316285,157.08178628029998,2
51.76590637938882,2.718503563920863,8.413853999117133,2048.4615293805987,56.77541694679476,4769.91915378175,-0.35476852115876417,0.021868115268181818,0.38874812153180754,61.32850055975531,0
45.964956548207994,2.2416850983503274,8.688590468252281,2051.0018253451044,64.8387039945017,3423.3408246099075,0.34121584249203324,0.3000549218001976,0.022352878148031784,70.51264227745165,0
54.61499131715766,2.644155603432467,9.160501998030902,2030.1739020833993,49.296944063789155,936.5745260747449,0.7616721862950018,0.1651908311240128,-0.33757946694229785,28.129354270806548,0
55.4027391737002,3.268898970648847,9.304938693519142,2033.126476449319,59.08365565471035,9144.298124670366,10.963944715770397,1.3599490907909255,1.4704044572221515,86.5121531967194,1
67.87009344932525,4.612163343636971,16.027292610154316,1725.8177473798385,88.19618083813728,13754.230845336246,2.206096089856371,0.7299612766769998,1.6434115788611192,188.78556040309044,2
51.81317771110048,2.011561971454718,7.603352834074311,2021.6422276925139,55.5910080628169,546.8462075336555,-1.2136953139496531,-0.0696918746275803,0.04901571148745641,30.970549681285565,0
63.57098726668583,4.025724818712499,17.22854896796032,1910.8747617964664,84.32216404241983,8009.474133118625,12.531821179690995,0.7189364074655955,2.718474365573634,157.46541715655968,2
79.35591435870991,7.384564392443811,13.225167622429964,1974.7708986155678,92.12346640202887,19876.839172547254,6.906039124672092,1.6118897455050314,0.662517794189843,164.38933609212938,2
53.9505669788597,2.4320749805964215,8.024830166908291,2049.835068711976,52.60130099903799,6696.839724632725,0.10300161620361126,0.092574575222648,-0.08843491298599122,50.72228756979279,0
52.055256116037725,2.536357811435296,8.736322035988808,2007.1179621467932,63.61601325957362,6480.316573308618,-0.38647913787425997,-0.41516687948117953,-0.13052406759900567,65.46001858758773,0
68.71393845458365,6.735641733196212,11.564181084529856,2146.9913562343095,88.77856451286219,8369.895424392444,13.429656388609974,0.5325255335646818,3.8066252807357412,165.34128536401994,2
51.772233006530975,2.4339658806235516,8.031824530748258,1981.4110494238255,51.9573009799735,2193.2040121138207,1.8921917608330678,-0.17674382813821257,-0.2319089128808109,32.58544456712517,0
47.84782350902171,2.39662403927961,8.158034071200815,1971.6992708631615,64.18274656130563,2569.522995084699,-1.4824141410588727,-0.07518714398271586,-0.5027823057297305,52.168249467058025,0
65.6437067131676,4.511210218289727,18.643366161498573,1639.6187824702195,94.86190283703915,18256.887423103744,14.084580229768395,0.9605497482408982,2.029010127949943,195.7674785566819,2
47.04536645208192,2.4252142428171983,9.039207119507196,2018.1205731437726,38.29877752235509,9058.501920987956,-0.10578810206476519,0.2477115992311296,-0.4355651026505245,40.20609659703523,0
58.76782957918739,3.3390613650561156,9.35984336072617,2004.8108642014154,53.70462038777044,14127.873853865254,3.5387089620668744,2.1143979448450816,1.3752886411987963,91.85694196687678,1
63.10080535702548,3.447604555229396,10.89351807716774,1976.4284771728726,69.040439344113,9093.891311834184,5.768448833940175,0.5362877363190219,2.511936632509562,126.107032482392,1
46.54734712302106,2.3635001740487285,8.144428952098838,1997.91470719573,41.91016614688977,5997.044134081002,0.7274513537727173,0.161448477554706,0.3087677487737678,18.206784560671792,0
88.93517458289257,5.36406893120782,15.978276173940692,1572.0835851633242,91.49403211135629,9255.927606894755,12.69442305352056,1.025118343230174,1.8792927697851116,155.6951342479885,2
46.742232412131095,2.4069336978250795,8.710791428336337,2000.8412533143905,47.661360415155876,4906.135758981991,0.4667552048385791,0.15800308179563582,-0.5100059303430634,48.660552805549564,0
65.1312273594684,4.61422689772243,15.75802796112913,1622.5296231325826,89.92324602780992,11507.63655865805,12.54413420060336,0.7189389335404368,3.3198638266494647,180.96591807607513,2
69.64728827757341,3.8915592757125146,11.241346825014286,2109.3672149084614,68.65164460903061,9728.256248963025,10.366490895617662,0.7701937341659708,2.0268555692751105,145.91973132174047,1
60.902843432323785,4.266013867794132,16.093740482910448,1721.9769842975147,88.7488723015125,12046.424422027434,5.412611855465073,0.8047230302008974,2.2841497341530497,156.68985440270205,2
48.841032573658474,1.8384116881732282,8.694882066973177,1932.7395164595698,66.05036831186254,1639.2026204694487,-1.0034389034995035,-0.06627045981756984,0.42492353751008777,65.46479973331519,0
88.6369466786415,7.9585690401568945,14.931479256322296,1748.2587056235122,90.4561345707052,11134.941589442988,14.764769189730258,2.7447452619356305,0.9498048395544075,167.54923668174342,2
52.66567362086418,2.9821140049380888,7.899554896863285,1982.662436070984,30.75710562045854,358.92751188932425,-0.23926020466945583,0.13414876508657758,-0.0846267848025739,48.955218264733205,0
51.39126838319319,2.8670898812689196,7.834942538348631,2079.3547079516297,42.3891688700532,4828.100933283703,0.9182492537296029,-0.09585764744762904,0.30263360325600414,24.449450321367202,0
51.706542828405304,2.577158455668404,8.570061790886264,2103.4144425420936,68.4447307208656,6273.965553158464,-0.8802769538321104,-0.20390468280464852,0.3101488950998184,68.03051012206716,0
49.374675312292204,2.2389659987783257,8.136277206759637,1968.0737806022792,32.25933696013928,6728.550378096911,-0.3275108200805445,0.22207947677149034,-0.740557404037502,61.09501508870488,0
48.10581905552148,2.75194835048177,7.560549284265934,2033.3463830678684,39.99415184313318,3364.611625772123,-1.1544496590437916,0.4516532986578445,-0.24220949055299829,63.819744177206815,0
51.84473646247206,2.658612376409119,8.07561589410326,1969.965696926122,45.128271354923115,7938.956551945168,-0.7312486577209044,0.1755420567047066,0.043724885861061,77.15643150232401,0
52.05328328125493,2.480003357133253,8.38695089789955,2030.8918391350958,40.85552752947059,4716.085707410923,-0.5035279453539113,0.34855944676193507,0.10201789521170991,37.208997374598155,0
80.77692970213555,6.341616045666344,14.467561372884976,1545.3726120020656,92.91192279838786,15581.298123833065,5.342540551983029,2.8716352022574765,1.0941547437249755,184.36181277827708,2
63.39208227652372,3.836292299502149,14.856880895891177,1584.4649254897747,83.91040896417438,16585.234439318483,2.899264476570423,1.328020755821304,1.4887455431733758,155.66852551283768,2
50.741098610670015,3.019402956728742,8.618013054366848,1969.1673439013264,59.55205533072758,8929.645917048274,1.4693920631621376,-0.5020229844645535,0.3338602106805493,44.64964654472258,0
48.05201682291241,2.101991640976667,8.169852015658334,1924.92347383394,35.37960425982009,3201.8621940405533,-0.1750325382934764,0.15944182391945447,-0.1469535856363473,56.29155094825224,0
51.795856621743184,2.7098720508555667,8.247683441985549,1993.7945673031265,66.42572063338181,9623.007491122398,-1.340622859077889,-0.06388811616210135,0.4434419141701594,70.26475774869972,0
43.79805533982907,2.4366107148884724,7.567358063803609,2055.525307098833,63.072284511241314,5949.534887808106,-0.03912463355335285,-0.022777838553404497,-0.09147885572386948,39.938612008898154,0
60.85416165800332,3.2906357527271024,8.344481563814226,2182.857260494959,59.48784842356718,6335.430895055511,6.037501202160235,2.0393151336129316,2.9183297819378455,82.90909387934812,1
49.32551400999081,2.7996010350282616,7.773265779676827,1995.247019725658,52.04565344778935,7086.808385119051,-0.34484776693099867,-0.13667269216056957,-0.17756261772396098,74.83120061474182,0
46.8681081123442,2.6778497847777967,7.997945622895039,2094.024461411778,64.79718249587975,1261.950910262366,0.7346851196382621,0.3627712273996331,-0.4211626079722847,15.057175928632333,0
68.82055399492647,4.435351500091127,10.48856687947827,2125.8987048945028,70.28247289179355,11593.503030992502,13.82644889314456,2.9559763862939166,1.1931083132088278,164.396748944134,1
47.98756729351916,2.1516662829600337,8.006252495512712,2013.040276033215,38.18855790380405,3348.1834471345105,0.4105572450413729,-0.15346409504713107,-0.09276165407976171,41.2784674368356,0
51.43174760803084,2.947824113332311,8.319425217101006,2090.0899362296823,57.34369700887476,28.421536639724465,1.4091783936025881,-0.0974856425019871,0.1896479458092331,48.16738412889686,0
50.62091403519798,2.5748983535527725,8.144079841982457,2024.7670743416227,44.67992589072883,1061.2541856490243,0.3093133330163398,0.032697444500039315,-0.13836138108367016,58.3320182952221,0
46.99475770187085,2.356745397326935,8.186510606865603,2003.203033509309,60.45835333744634,4233.867490674619,-2.010633473879639,0.061227183031142135,-0.04282777644527809,30.596375404070393,0
53.55505891385723,2.1189073819349336,7.827313377239324,2085.13223346861,57.37314601821067,3599.140362153634,-0.2790052800459628,0.020382417176583015,0.38744466942281536,40.298041213979616,0
64.44060366865129,3.845794118183904,10.404455521477184,2046.8907920440854,67.16722765659866,7101.758352339233,8.469943474121038,1.6900517672002997,3.655269668079561,144.45339009881252,1
52.68318254090395,1.9999932595676353,7.768427734228233,2122.116640392161,62.62662163258535,627.221714144588,-0.02256004133353401,0.2713588735615941,-0.3035745965073592,58.9763681154445,0
50.93354822330073,2.192051717143124,7.732292264829891,1968.693173437554,31.005589030252565,7229.306722386036,0.539053050405821,0.11271949064799346,0.20838956642426112,56.02071709344706,0
54.303816197888175,2.4046397659884997,8.023219863970981,1954.7592608094144,63.455369425249025,8301.925630695714,0.05798638503370229,0.0266799308602539,0.5765479167222561,7.734456081269528,0
50.68645373293838,2.2011561087681852,8.372178894103138,2032.739839932549,54.6584351291519,9859.226589700178,0.9460377466642484,0.07350607375620634,-0.21067663468450812,46.047034327997046,0
48.40770233553993,2.184008102246361,8.897083493651493,2018.4515864882064,38.437093444260476,6725.224042381394,0.5103526458618879,0.35564654937436785,-0.08323502051531853,24.88401117642792,0
44.02019284814244,2.890196825863226,7.5914435987628455,1973.3327119988398,43.41352953392841,6079.59350832342,-1.1894026240254314,0.05359426876502693,0.1561141245202436,48.565984096516814,0
63.61819736798913,3.884907028145047,10.363112922855723,2026.9308173465859,64.51940577021296,10278.073635588298,14.996199291683803,2.608257415380403,1.76619502020543,124.07336286720697,1
54.37376307235635,2.7706322556229326,8.124144125775427,2004.0014478801056,64.51884109328577,4488.316931806486,-0.039864473999883895,-0.14557694790461745,0.2705948655965046,81.69532468119715,0
44.452876412397615,2.4161333086085275,8.000935091945937,1910.0560670363052,36.42412585718596,3406.854235748016,0.8576854683508439,-0.3465294710255197,0.5667967865941639,63.7979482651589,0
60.56622139967307,3.4255959178266027,9.138833487134155,2075.1378999020903,56.89207330161242,10776.614367196637,6.651572636133924,1.1886447753454257,3.3252384874889613,106.23357231582828,1
52.58227684927172,2.3649797397057775,7.794403020153804,2049.567613977585,63.29994803943865,8507.784903326605,-0.7033754054943184,-0.024683771409629143,0.0012785001657263364,48.17616506052578,0
48.99731366410419,2.713827933686123,8.256303301430671,1965.1845177805167,45.13095574731492,4731.726516309564,0.7499914982618201,0.047954764012926136,0.4195537066355138,42.01199927678906,0
49.937392210813364,1.976878089115011,7.349783209814152,1983.1072966374604,43.3525964683695,7277.06370060967,-0.5341006013079649,0.04222484535651953,-0.5006294868183023,55.97106562115295,0
46.78076561470942,2.2626216546079596,8.270677715490764,1984.8755071478379,55.44875314677379,7306.840974207765,-0.8010931755623457,0.12669315807972403,-0.12246210844560554,59.46360990047926,0
65.68808913784895,4.508441705761378,10.666104537738336,2072.01707880018,64.35174113954989,8088.4727478162,9.94764117027897,2.9101353253287234,0.834510566819104,141.7042759890387,1
50.78247680190317,2.6442237482668873,8.128300739071523,2100.6647703463927,61.27810467888608,1556.479927615908,-0.22769321584874122,-0.4922944227150482,-0.05804184686053352,31.27005888162919,0
50.268566152281956,2.5201610358130635,7.515303123314585,1938.3068344770682,47.061827944403035,1392.9668940710083,2.129797143083265,0.21206781721345438,0.06425832116527234,61.077815306874044,0
66.18810977969662,3.926776510683652,10.626087670885413,2151.1818201403257,73.73736520772941,5483.958819457656,3.930726515342527,1.5349192462101353,2.1918722333874427,150.8271783593068,1
46.923073272386475,2.3690452340871198,8.72811626442666,1997.307514437653,56.45441574645223,1077.9224736554127,1.92095466708025,-0.02413924968140515,-0.7066578907955914,63.00153153051959,0
69.0912254621822,4.2107763454849785,11.88221990868759,1914.4000348240252,69.95724199422413,6766.430298704696,5.70969801797211,2.889675108171299,3.069380034308159,167.1774798770248,1
63.84496005660632,4.519953933354284,11.01371581097725,2113.6603186139537,74.16232419026399,6155.179001069821,14.601696184945089,2.8990653844743277,1.7511437592560954,153.5261918654836,1
44.08183541540865,2.7600960017603877,7.500536494349342,1956.4685484453028,56.56611060217928,4193.878315196859,-0.6687040647622869,0.1884520547087446,-0.007197631464834513,33.417805731290414,0
46.18955377218743,2.434388092597433,7.681040883022066,1956.168539905526,69.9726507275885,2680.115005195973,1.1877245121202138,-0.25524217940141075,-0.28891953402355364,36.03577913219841,0
48.000162251057446,2.4049431130217127,8.185537087161718,1975.655958941519,61.90169915946639,5379.195263292431,-0.8196640161872062,-0.08789365399804178,0.19231808082354257,79.94592334363851,0
52.64541579192456,2.502762427313347,8.820502640192169,2014.2605160278192,58.68413356232246,13232.686531147721,13.432160912976498,1.7192971707884237,2.7072266668537766,80.7802180860618,1
46.35287831355704,2.4873615171474044,7.269434180729984,1944.2078226511849,46.941623089660325,5716.366179741326,-0.2166516954147601,0.16544302454493365,0.6664066745068286,53.54150083532096,0
50.818973428475026,2.8425967685187272,8.219327406276875,2024.4459422413674,43.81844605873076,2596.1062523321166,-1.1668884040635927,-0.49517435949761107,0.11915980083229132,44.76742320183974,0
51.92244923534331,2.5239552835619032,8.505755245716175,2000.6368953315475,44.32579124783222,3786.4238340409406,1.278687707605658,-0.4490459582804124,-0.06022219671275062,109.63586987510048,0
50.449749029235925,2.7168914745905166,8.869604448275616,1946.929487399044,60.718670312392206,9607.28088228243,-1.0076818255154478,-0.0002342352382427802,-0.28907341016564136,4.282735570209454,0
66.92763444484923,8.456851115991057,11.357153991761413,1985.5542904993622,90.44076878934608,14650.036659332001,9.264931322410664,2.267577923307211,1.1211864224685413,172.7660345808329,2
49.97818221500088,2.162058062576033,7.56806701680215,1978.846969948711,58.39732293736985,5337.254136714444,-0.48495442679826284,0.09230360927562263,-0.4883693539746155,71.20577281774634,0
48.26565962385307,2.4225974391407172,7.681888143674035,1971.7469763224403,47.12077409758575,6582.837834261573,2.441221722471914,0.08742535594621037,0.027616541193597594,59.524807067753315,0
52.22226913550932,2.5381205720078666,7.74319434889303,2047.6379844597095,39.49017454628549,2626.336123660736,1.6933256357403823,0.006135035214141821,-0.2290047560145337,50.11371396079355,0
69.03807645623722,3.8340884221845877,11.208902889647714,2053.2852004139804,73.95971789768458,10254.319983096422,10.989572095576728,2.70837425255526,2.2350095352739645,152.53731158038588,1
47.6459738372885,2.713313591319209,8.495479093517831,1984.898448860862,58.976893610772606,4038.1100524749922,-0.6031475670136943,-0.23890750140725042,-0.24980134590568315,38.9000122377158,0
54.385221411604554,3.113336706841598,9.38121900571298,2049.3288686377477,56.33708279127064,5898.25752572084,9.679798377589844,1.998408879345664,1.9656564666892924,102.68628981651543,1
50.074913787113,2.2980444290610738,7.403986829008407,2000.8060448730328,34.1535754444371,1235.724905994905,0.23069731833443458,-0.16779368792883553,-0.18722542351124818,34.75916945224701,0
47.83936393697963,2.1623035096598247,7.979354319107669,1926.2748656475883,30.784421298970145,6713.680088967957,0.9468075665118705,0.011000587206674926,0.12673049187043195,40.67622776107554,0
54.579616573441655,3.08337465350133,8.675428097181301,1970.7988347052392,58.85162534616169,9114.109317604656,14.32052645208197,0.8159253548675128,3.907922471975696,91.44630702951983,1
47.94038374053869,2.849012816549065,8.534396160697145,1935.7000146741752,52.657747403465066,4717.563093908743,1.7509259419271435,-0.006303702665620831,0.07721193192520481,37.38307194105623,0
62.83485536538997,8.451071595370085,9.216699774798315,2010.7957092351326,84.5117187394602,17171.888002480446,8.40476629404304,1.3474849254039332,1.0141811815802444,157.6004688658939,2
47.509599768258624,2.788813628819135,8.058840879850887,1924.566150536868,36.21373210040068,6666.133865942849,-0.7747624328266481,0.0395314785361596,0.03134700828574053,41.94786917682337,0
50.492938393401644,2.421420890548976,7.791330980060342,1903.9534082052642,39.472517098150774,6273.170783579646,-0.7481958150577084,0.08359692691065927,-0.5449906711347318,23.584121143706007,0
50.842652075416964,2.8453867565613242,8.08977177893139,1974.674477660796,30.330611917834336,7799.604605403931,-1.2421819618093723,0.21650292708450156,0.2782265572926903,37.09276338217958,0
61.347761609228485,2.9924782296519163,9.547674448152728,2024.726848873607,62.46162364553637,14922.41914861122,10.483974222715595,0.653246986123059,2.339527809217846,111.70721189390841,1
50.36818370304061,2.4955901592612992,8.921403779155781,1931.7828303277847,34.190501458057604,4542.278238068692,0.6350100565100888,-0.09886989643562655,0.1740281205599243,60.16101996869085,0
67.04216956659074,3.8297290233993815,11.302982207194756,2189.70084384129,73.1518428539018,7242.5838315123165,3.279651217584867,2.792016445186941,2.4606016344857546,154.94149012580462,1
51.22826145862499,2.372134067858598,8.047535718446538,2042.4101585748608,44.24845269015477,72.72807694009286,-0.10941650525101054,-0.13502750091203958,-0.36713376383170165,42.1847126749118,0
50.95258528341047,2.4111435401148213,8.392615490211227,1919.6141233389662,50.11372247996347,518.8207759399221,0.042728130505955954,0.13880728109534438,-0.2743765741180632,40.639794299940014,0
49.91069151627149,2.468614920291712,8.538906408673016,2004.5629223401502,57.4949767079119,1115.823131332414,-0.22965156371151763,-0.22509570902414136,-0.07456361085383287,54.61884154813377,0
99.37565406460077,6.045150134513529,12.729475095308706,1935.3773596417707,95.30948719643895,9890.006576909645,9.726312541045745,1.9840263611160358,1.0746473741972555,182.17432603217856,2
49.83195598449898,2.575902546003338,7.694199210398568,1974.6392226197227,56.7040685433294,6094.452973272788,-0.697283680469814,0.04859127042627026,-0.0729234168237624,67.27743319104013,0
43.14266826651515,2.26522259123556,8.3831942382862,1979.3052528862572,61.26092518132268,9308.076723447619,0.46079724361596747,-0.30446686365634884,0.2393925763745716,38.897815441433,0
44.2728309489466,2.730869543134302,8.55919064105529,1931.5739928637392,64.05937797255976,6091.953913933262,-0.4490036203715333,0.13472727314172464,-0.8356217618177043,71.96392236486822,0
55.85932159481772,2.706086989629603,8.768030590854764,2029.8768852947364,52.85358113812308,667.5025485075691,0.23622364626423303,-0.18783111395413635,-0.11531621297787634,45.88466012645656,0
44.21395569541147,2.683536114700799,8.437645026708264,2067.1011375496623,43.312734443666876,7548.725289085606,1.2907055153121305,0.27926950078236884,-0.07799517757581158,50.56856527423437,0
57.61705257469948,3.7245538883728653,9.40408570460412,1963.593369536618,62.534431675765006,7960.655100389471,8.694083440102276,0.9134260637829648,3.92199484488925,113.84376119982409,1
55.308011970201875,2.5598521979316664,8.998640251142325,1950.8863373260924,43.623037496844745,3011.5901978544534,-0.06510053875530415,0.5445897375448606,-0.4986344140654322,62.393262363248496,0
49.33994591702098,2.4617779382830123,8.051322764269832,1985.110192188802,40.90230995261602,8715.456807081264,-1.934964117240471,-0.029872299129928243,-0.7102432960119834,57.07541261782779,0
44.39029195125076,2.224839195960509,7.548072229023832,2069.801068269074,63.3309722011503,4542.707243604253,-0.567917478585953,0.06352927380212704,0.1422126934536619,63.921308341540986,0
48.69263081112909,2.2475651457612975,7.761080074648104,1997.76967339085,45.8891011826493,5713.200154331027,0.023080658950420673,0.1249807189308086,0.05803457249753883,76.19730338867069,0
52.172501722631495,1.968037777663286,7.642375740591205,1965.2911632057323,38.04691868455603,9224.98896302503,0.4109902028775005,0.10545730793838995,0.030368318350468392,0.4272376174415342,0
50.102815442600665,1.995738862228564,8.154863389568002,2023.7875995915765,46.914736362363485,5171.503622838773,1.3663894118544384,-0.14754734093696817,0.20597032402595283,64.82147561364572,0
57.29657859856722,2.6853433542377467,9.874681375626599,1981.0125608120288,57.97461333896987,6382.320867853372,7.187525876627953,2.949786081955951,1.2905849452675155,98.40539048235163,1
61.450423117612445,3.415008235777376,9.901156223501305,2184.4307888548665,67.51457553458053,7889.370166575826,3.121239226951544,2.841414029145015,1.8236872233487667,118.96757448557358,1
48.084762743991384,2.818325988447659,7.650348280448747,2020.7312699633642,41.65174988822021,1447.106361365199,-0.5673638056071063,0.1273340307391664,0.06047403425987786,51.9771889002204,0
43.804091674878165,3.136489392199061,7.858424057560062,1898.7480043161913,54.11230129067037,9859.915721706593,-0.081894379572493,0.19823822258533327,0.22423349142811677,55.9575238204769,0
49.72937847497649,2.648387391872286,8.78747434965382,2037.9400466987884,68.02368052303754,2446.1627405226604,0.1415321321496996,0.3347053683435186,0.26300624276252976,35.32913673805304,0
46.188913861024744,2.846408130015016,9.18370718201356,1981.1117556238762,46.19643257079376,1983.7253984770132,0.014004967371380734,0.11275757500138293,-0.17741841895141422,81.10397068294684,0
45.128694943851265,2.001966622025872,9.013401184468453,2102.9958954207236,49.886152635314865,1347.8578491743808,-1.2847961599318027,-0.0030476093000173232,0.49179116501072884,71.5743810160603,0
50.73534285311786,2.7180382139205412,7.685925300122179,2064.3191068497767,68.40047523276502,8204.61290158315,-0.2570524088130647,0.055510502698706346,-0.27993182315613274,30.061367471957464,0
49.43569137336485,2.3941945303013257,7.6896331266987215,1965.2609262632418,61.917727570132,5631.265938920469,-0.010915681073449155,-0.015266160008153768,-0.2804660078140109,45.538603764185844,0
67.46740531424103,4.33390643133519,10.703399529893195,2094.6488537549226,64.57062323805052,12387.780289185976,14.478916965347183,2.1963683535454015,2.4969649161861227,143.18874695415423,1
67.56287022159404,8.568765338087593,10.979758427190001,1946.1173545728773,92.83020803939506,19121.680509320486,6.879905600691157,1.1039625016770835,2.4420342094970495,174.9321704780496,2
57.56361575125273,3.5175507276873947,8.553950523905359,1905.4178929161512,53.5374507435278,12898.857379518427,10.2489541337594,1.831779055097463,1.8738416944623952,80.33909250954798,1
49.416561219354655,2.8875035084076828,9.777808564776638,2012.3542593549814,47.93467741726306,2560.8842623842374,-0.7748634862379843,0.1443170955371579,0.11306541098967986,29.16373263990804,0
49.30924992537694,2.198302449777738,7.429895157738834,2002.1325943227662,39.479212735559386,4479.7519213852665,-0.6018351053781364,-0.16183980057656325,0.37855696095626096,52.609048299434846,0
51.94491812810363,2.6120299518282377,8.310606149487253,1971.3147865055187,60.2960879332411,3569.37297948135,0.8286393794248759,-0.1492546043262208,-0.5636171879033959,35.489689030393656,0
52.18957374326956,2.702906279424646,8.277709183908959,2004.042179038965,42.72653081690617,2196.190454793372,1.1264901759289505,0.15472746665114834,-0.4004954723326398,67.38915259409644,0
89.55035980927414,8.08238331296843,15.574196391072071,2255.837261814979,97.40242937809485,12849.318172915486,4.879513661100086,1.7800584727718984,2.420946144577158,195.19699863201848,2
51.85728943415465,2.5269354893257394,7.8642974699177515,1976.8026015257797,49.802237826183394,8465.344931234053,1.6739397972447685,0.006972483065833109,-0.1237040080270222,37.973990709765346,0
54.88202342359983,3.0015997683307103,9.857602934251073,1967.893679844201,57.64368397140704,10552.633226079402,3.2991144017073255,2.5125442330865697,1.794610189768437,94.82606079989517,1
66.49311313113301,4.018766541440479,9.944997691892773,2222.4295781939068,65.88036466569518,14423.009379012066,11.815886653711127,1.0200614068331222,1.6819877115347857,145.28506414956496,1
64.76143253814901,4.50032988461186,10.076776281277642,2182.922206634949,65.63482710725806,11326.7703484136,14.688181032784325,1.276502428488324,2.1133935727438886,142.61098968938052,1
64.05109670808332,3.9950000788997864,10.385837730171524,2082.763275101407,67.25909019915825,13562.851280467623,3.4609786740732225,1.369344588898289,3.5674733026157246,128.73556539102393,1
49.05175111663108,2.594301604939429,8.219575066850208,2041.658971563509,50.80330732866336,8302.50192781385,-1.3077765651476607,-0.06902081936383801,0.013218770221979806,13.284624876458196,0
51.70254038386884,2.6785683315502604,8.703649853267294,2020.3905007308877,37.67093833174684,500.64527093294345,0.8162218725571921,-0.21171365565130454,0.29517706117333564,45.26478883924918,0
44.37497783758419,2.853996558906936,8.52610557797853,2004.8717055148652,66.49940216921473,2659.740646541121,2.2887906608802893,-0.35264733978069707,0.23460821627223827,31.767653956921947,0
47.31000051699986,1.5906418502529733,8.256817516932577,1911.6700640293025,42.03676292661675,1671.343148693072,-1.4239938496960118,-0.09874551721164415,-0.42158456617646684,53.24766370266094,0
51.383816252953494,2.222692799910887,7.774502991485345,2014.697469397158,48.71209648149357,708.7170065487359,-1.5138305012448536,0.12617512071923112,0.5294741416652314,105.84417735819923,0
65.60033861801378,5.119667982418321,16.23552914319054,1609.9354657754736,95.86475105218139,12250.95203827093,10.601491606074262,2.998740876046804,1.420743998417394,179.7087450155925,2
47.40163684929752,2.652193854967506,7.9274891150601245,1941.694104638024,45.43250087037158,7142.1543685731385,0.03577712199692792,-0.03430382228579466,-0.3236066402851674,53.69909604360866,0
50.81680129640772,2.56168279364289,7.754824116244066,1914.2449928338565,44.199801641534144,725.470129866519,0.975394420665162,0.10390290631638935,0.06646356717031807,38.38399813021495,0
44.73646226633325,1.8364018500333796,8.439468080734228,1950.8024370313976,58.863061043401075,2823.97110105827,-0.497268586046461,0.18207236317298098,-0.1831235828257378,57.250630439506125,0
52.56018031657663,1.9976271040635833,7.4114438780563905,2082.6307530485283,33.11356612442056,3736.3465209272426,1.1027587086656538,0.24347432471145442,-0.12998424242976678,55.569269058842735,0
56.81148368078366,2.5161494655602348,8.52490561974335,1949.1280121855666,36.77327429627766,8319.900531103474,1.8666250786267489,0.3197381688826262,0.6838250210554085,36.09021421805184,0
51.88901051315538,2.5190788847632883,8.04735712592864,1975.0752797981988,32.465675337472945,9585.45606824087,-0.43218581704972403,-0.1584940716715795,-0.15558049550850847,61.89351183669995,0
45.96889284563394,2.7561978601280552,7.64716583213706,1959.44463348756,49.625899973629075,9660.998727314822,-0.5255303601050969,0.16212576213320043,-0.169633839572227,6.4609805541211,0
91.99349113214515,4.797946365964288,12.038739515978788,2171.37853413172,88.20147963954304,15610.917091730511,12.068206450587784,0.5844728773706216,2.57604598434497,162.7575710751072,2
46.14348643091629,2.109226756313939,6.97539711483808,1980.8873876214063,34.29444473802671,1456.2873852545144,-0.032990302827250004,-0.10347259782844656,0.41709995505965136,76.31774534092234,0
60.46148589374083,3.174338336349845,9.64851720376696,2045.9370252896686,53.647274648950294,11907.01039499166,8.942360495001331,1.4479021599498585,1.690962437819108,89.62278779418392,1
70.99249497280759,4.331851569748375,10.50440118788207,2054.934810220554,67.65297410818317,5513.343713236776,6.941951845449709,1.343094377089605,3.012779582678993,160.18958371798385,1
54.31300146885651,2.807617187835418,8.350751890457344,2032.4667446344274,53.25478363300732,14437.88889207958,12.454637794871154,0.9516372552279257,1.9229873276692184,84.57685719503658,1
50.15473726857911,2.940904179161115,8.18925107445876,1970.5304702574779,45.87551912899676,2629.2424763214703,-0.04248412254282049,-0.4715383788086179,-0.36401102107437444,35.24888070706055,0
53.567679383767356,2.7001735442287726,7.985891060531385,2068.2163122085435,38.21472738759941,7372.276772498268,-1.039220163990766,0.16359630889077229,0.11891008694020529,53.39495535941323,0
56.345857189182794,3.2550894991669654,9.9805688660656,1988.0015505505826,58.292659455849,8302.941754681342,9.739624392634054,2.6805113224972374,0.6665411739113936,97.14112973270414,1
51.45607972265957,2.245268544702933,8.152832784321298,1963.4372715593522,41.44723483191629,1989.168137372247,-0.3754074464839619,-0.009765967186740634,0.0706367385333343,23.76730582856888,0
49.037760834096325,2.2136628962041742,8.54871491570829,2033.4719006696614,51.23002409552569,5898.343944397556,-0.6434350670302766,-0.18115787572035746,-0.14829168038590648,36.6674276864271,0
58.16573644371948,2.7533367616214997,8.550868930893104,2024.5996743418248,52.409658551322096,2550.036525010757,1.0729296145073466,-0.1706798948078223,0.289598000148338,64.08672419708158,0
47.37899332423212,2.9633326296622795,7.8321091290229345,1943.9399336580575,53.19871280812571,9480.532818528904,0.01318026088668942,-0.15374365210367308,0.0301358851356344,8.647388918232998,0
52.835935313707594,2.3342291961643444,7.063497084534689,2102.224077859997,41.421002868613584,2980.425227913559,1.1037200137225964,-0.0768978242083036,-0.019016955610443233,59.65580248120636,0
49.27287015384078,2.84474111454056,7.238642745104747,2014.7196379568104,59.74010143116301,5319.883182707818,0.5710314643971474,0.12571989860607585,0.2097901199153701,31.515359693616123,0
56.09000889974763,3.314467539511454,8.965252746946748,2057.2532837410977,65.82658581074787,7577.552156281096,4.9435848661394495,1.7017851412108898,2.24597858310496,111.14965167041557,1
47.686595098299115,2.340209844166796,8.469207710894556,2037.951633843361,48.493139898371304,7140.870226850175,-0.641146634452866,0.08363779288578195,-0.16823834077199254,39.43877773948525,0
51.22905603123965,2.3209019234737203,8.746501552221602,1991.9934930201032,59.85019577400821,6046.1271350522165,1.031653774575175,-0.2817838205381049,0.13346876850296527,67.01438788921294,0
53.04276457134577,2.6955594558079286,7.902279063103558,2027.3165853000876,34.25927053138825,4918.568713931474,-0.7296336453351577,0.1407445637798564,-0.27174605382685274,33.76892913047472,0
95.42574393916752,5.15309638438425,11.62120211588877,2197.7494831908684,92.18549244955761,8536.483177026343,11.820604308086358,1.1676798533727193,2.1689322120032504,163.88316801787443,2
60.198761163063836,3.1131789198076136,10.092434394576275,2238.8691844633463,58.4521577888196,5348.803058200277,7.333498798312319,0.76639870116942,3.6709620272722074,104.42231316720233,1
48.13521372334572,2.4715342731420775,8.136953000240911,1965.1333530706238,55.88445043896378,330.52194879439776,0.4716019660075525,0.2932985809970679,-0.004343657599424978,38.763287296206826,0
67.64861572736264,4.448932109349258,10.693909057679013,2026.4877045418425,74.40284002321675,14714.842150423106,8.063117025684946,1.2633830338694745,2.0021670368601203,158.20562551407258,1
51.73844220979197,2.04844909784932,7.905077527916817,2003.273683388365,33.3280726603574,2933.961447857848,0.3253888135526386,0.09281984011332062,0.00045783856188875494,41.48478164394144,0
53.94880265449991,2.764934365497545,7.9618647944889664,2056.2885308064374,69.77800354182338,9799.861072871094,0.19222268054730474,0.19623776556448766,-0.4984807004906405,25.006543694794704,0
52.516013146655574,2.211582947231708,8.37940484250781,2009.441984976181,32.000890676662316,1552.7660317733062,-0.5830020294564505,0.23835874347790945,-0.1292517776522608,77.1225319919244,0
66.3672287979342,4.180725041506593,10.541064504109185,2002.386821736581,63.31872519191304,5434.562463011706,13.751740117725932,1.8189093033920138,3.075656950539837,141.2543483107238,1
69.1446087911047,4.753681783050958,10.611376844505996,2037.6852080460615,72.09577664103533,8664.935791611635,9.274472945426353,2.1637735218930336,3.924139167557666,165.46280908081266,1
64.2365445101061,3.9433211154710808,10.828776095709687,1998.057585868062,64.64019299201064,12121.881936741145,9.537137953402405,0.9296421743761623,1.4156868220214047,137.9373679198631,1
54.245932857258865,2.375584888484907,8.255339959679526,2080.2591625666573,62.89098845891701,5626.695406843086,-0.8630540463449824,0.28419707076600953,-0.24775934879493697,38.57717024743638,0
48.10026752118743,2.3196117150894504,8.390910605482729,2033.004773026519,68.75691494874971,5732.766887532035,0.4707904439669705,-0.07272391142659432,-0.16274979191631853,80.73372831244743,0
52.11943671201014,2.4562511095291177,8.140120552854844,1995.2696481605087,66.41087085015799,6305.211422481733,-1.8570217095423922,0.22820405524785603,-0.05464274870112631,82.54148536951999,0
52.2361168760054,2.427122966147056,8.206717694359046,1906.559134356423,30.819083334487914,5218.751103735769,-1.2751237554911852,0.13144250071696947,0.5536936707822946,69.7991785136177,0
67.93895272962399,3.6247754023605,10.599392497817055,2108.95237221916,72.84454085536449,11198.979517603479,3.075556079809134,2.5599509728926635,2.869854467250776,149.8762989819893,1
46.80487698802216,2.436490123048282,7.969018496382362,2043.1285457024476,52.766039226182855,9281.060894780874,-2.1520375212207092,0.08896674659841076,-0.08030294311163616,77.836117832382,0
52.58396753064166,2.691248944448571,8.335061179444038,2035.5832043037187,64.29941014944882,1.8519529544280822,1.3400842326805085,-0.15517768905895826,-0.3593693987182811,57.40960490527512,0
52.34814540651651,1.9349913716106526,8.327011930281435,2023.8469484271022,48.80383833806064,3897.753196222874,1.5759745256079842,-0.29143530614318797,0.06377748448482858,29.901894000124308,0
61.83051979466586,3.8134483168782354,9.797148688281716,1935.476367942464,65.65440169506525,8236.29124580479,3.035340881757301,1.9585890867772124,3.81754559016888,119.5017866185615,1
51.36346654274994,2.2690632399352464,7.212348360531423,1979.6476728389227,57.47753422666812,7426.607186564213,0.4104032649251625,-0.034176082293222304,-0.15502402861818523,46.953431910912805,0
65.02904863148058,4.81613160899079,10.534621433700547,2034.0705821092552,67.83149274581808,10602.09402740945,7.5811774455792715,2.9151403319129976,2.614381154027965,143.31573296795068,1
68.71386602460694,4.413850618640613,11.341274973802852,1932.0078734901103,69.8770168653862,7702.488750617142,8.560333727324979,2.9389236583902054,2.6569467122321706,164.27122527239752,1
64.24182255992498,4.722014140532363,16.03285444953321,1616.6352001241837,98.91490520922962,9689.24549325456,4.923658474495294,1.8953353953205374,3.1743255007454354,198.17209344741264,2
60.301575382204675,3.321301692738344,9.702249355281776,1866.8054421350116,59.949708104359644,9476.23872665525,12.077480000820774,1.81692226817373,1.6085099270882561,100.89205215201406,1
50.26581917217425,2.3523043615062895,7.7254046153515885,1978.9262581284354,56.1531985531071,6812.092578215488,0.023469322292615936,0.3308960547839288,0.1527085062203926,73.07788269076981,0
49.18888580259263,2.083065957042199,8.676019682987164,2104.9703760251255,56.231851195988796,4970.236477772067,0.09131472861134962,-0.07609118083327024,-0.18913753625564325,82.74164815985485,0
57.286691819957895,3.202409920235322,9.859927965396992,2008.2298014458192,63.36514400958222,8828.242079635038,9.658543567743076,2.302040791187289,1.3442237111980804,100.43011694045785,1
50.23974579122011,2.596279018577697,7.506067044930114,2036.1518969789931,40.44800685095652,5119.02121269624,-0.9289264824607304,-0.10082573473033274,-0.021857306652316524,87.78557591007993,0
47.604381456323715,2.5664702582824717,8.229590083667432,1985.2711179750002,58.74125272488984,729.6833292568772,-0.028849720134268272,0.26603187107094567,0.09547966126806144,71.91172000548619,0
71.12354541065365,4.0947268985556455,10.905271307046876,2075.290702295866,69.0277345021514,6192.285778178587,10.438192627001126,1.9179077197834804,2.437003464073046,169.41514043561375,1
52.39973384506516,2.4826517475082324,8.82204838892623,1932.6106512393746,61.192747024925744,7839.252791418876,1.1520386983137296,0.012410269764598903,0.26745636552174895,45.01721507520877,0
49.659312305628646,2.483244345204157,7.811306741268895,2067.2427015590347,39.16466455645596,2317.9027761657967,2.1209935658451093,0.1955695129308663,-0.7155341096079109,38.69482521579193,0
78.55551815729109,4.385818329180621,13.842050323086935,2096.2452964852114,83.65401773868079,10729.890690428749,8.183067986007366,1.5609907318713394,3.511295480481682,160.6525716584136,2
49.06288545745605,3.079300884409235,7.1023467303598915,1899.1531039180527,46.436862787753554,5385.833858542034,0.4615323363006494,-0.0589064876987624,-0.2703001807319994,41.466655830622564,0
49.88570125197811,2.4279072795565493,9.001603474634672,2011.141131692925,33.43004203644418,4609.207729196596,-1.1759135156696274,0.15410020367842028,0.21320879935045778,81.43157477898,0
49.29939636924995,2.838849202492925,8.66271175784688,2041.9542421213744,49.123880752728866,5052.26477801674,0.44452249956702883,0.1725759658930009,-0.3815347806485229,50.17545023179573,0
57.46166962124597,3.199507943058902,9.267761437195826,2192.1356132163564,62.969543502666745,11072.294502983907,7.404545228204036,1.4490771687140858,1.8397800785087257,106.24199450839376,1
47.984947487451,3.1166024021883567,7.518267634847655,1908.9501273642388,30.676853738597725,3649.5718766822515,0.04747450437632831,-0.3559485948322486,0.3711750218918749,32.10282501020612,0
51.126664766097676,2.3331873799253864,7.899822499150133,2024.3411156255552,67.04570533051724,7930.081591225383,0.2276126265450017,0.11565718384231963,0.11311343206138047,44.94711469619999,0
47.91977054569301,2.2392733076482894,8.071330307578025,1903.5668790372165,58.53829441736176,9262.081744006837,1.1218196402730196,-0.1000784279168787,0.3974494596066801,60.59285801003751,0
62.64197715860102,3.5896449714024503,10.05416826804094,2009.4357435372128,67.94597066122572,10849.917487019186,14.961283459302063,1.6396662504510826,3.120896122613956,124.70931018144474,1
68.25755326533724,4.640786083345416,11.238865241350823,2108.446153905105,69.43915275610948,11575.683057846125,13.480552286772076,1.9426046549750626,1.7390687331120391,169.22885224022792,1
64.35337866778072,4.219484992719397,11.099701436396307,1993.4439372722604,73.1460378016542,7792.652780409898,6.783806003428226,0.6940797131244878,2.9971168192827493,150.42608073852466,1
46.896144022678264,3.0459815701957496,8.260311382584279,1987.2302511646917,37.712111787064266,3893.6801038140056,-0.11010009122807576,0.13301161623800925,-0.24294422918302014,52.110822425927644,0
60.067984128372515,3.8672849279634063,10.511632362983455,2017.9546322129736,68.34843565802468,5596.255243872689,12.561930306445756,1.2517226690677756,2.4276014831187527,118.04828993794145,1
45.27403462148755,2.8667234995498987,7.873951827770832,1995.4610954628865,35.87841623615246,9170.781988654788,-0.7242492093576799,-0.3165414526544425,0.37975813128961494,46.57884983281414,0
69.50803385926714,8.674174938267473,13.53238922561355,1918.3427987475982,95.94334614654956,9282.600501044377,12.674436860639709,1.5887625686331481,0.7532197846411994,194.30629269752018,2
61.17925535699775,3.330175800021458,9.469302382484662,2122.567242013272,63.800584554149964,11063.16947374532,6.7453289525047,2.761184818203219,2.261299208851412,113.9254974517645,1
49.9945137234677,2.541994628896406,8.026948673516603,1933.6868919025421,62.560669420797204,7768.603268982814,0.6823387820596591,0.18931540071467734,0.18121549347648697,41.799411769221784,0
65.50928010677252,6.46397146493769,10.589049232686012,2063.775115158073,88.92754986216113,17712.113944864428,8.116993152273572,2.87244336029899,3.466252171317196,163.73687134783472,2
45.715427177577276,1.9409791762163304,7.27885008904479,2042.6793989138043,68.76996555290035,6086.842206035009,1.6769229934575491,-0.23266793491023027,0.36125111074916033,42.07351171702742,0
50.558199008285754,2.823910709418627,7.540775588709616,1969.3198617988332,52.15361168914945,3827.9283107990937,0.4195693433153503,-0.20146492506588443,-0.5246706144953754,55.63626297250287,0
47.6292574711031,2.697667554877669,7.514858945525527,1934.7127371060778,59.869057488041264,8469.22599550907,-1.4725407427567965,-0.1789986690911362,0.3734010530452485,67.05688540188683,0
46.650890974682056,2.436914444461785,7.24706175632885,2059.443358896852,36.16065301497465,2651.5622970531495,0.6616624653847273,-0.2851030742604281,0.1906144143656522,42.789144158649876,0
46.955785862161285,2.222293594390711,8.125856149053334,1945.1769955915163,36.7285440933684,4246.311597902909,-0.39136973307165024,-0.006370846360979541,0.004577380470227581,42.70505457467302,0
68.95340390673246,4.225458563607275,11.595263832262226,2110.623909107903,74.78501350397859,7083.6078907485735,8.003014763151626,2.7758658657716384,1.6435937186707994,164.79282340523642,1
47.46967677002983,2.753108324905796,7.60868840089873,1992.0079038909312,54.26103468202135,1037.3016454249419,0.3937425551428918,0.08409493234703658,-0.3418082878820103,52.13404213673107,0
51.312476047613295,2.888876712766519,7.494260099491715,2054.3727869340346,50.37930951375658,7471.741705396504,2.322053393697689,-0.17148624234572107,-0.19165016092783557,62.99871100856937,0
47.84200876371563,2.515683694733635,8.386740416692763,2047.0269596814633,65.26850685861189,6395.620980339606,-0.05869257966283955,-0.020581332618133073,-0.13767450653160068,58.49073664736663,0
64.26781700110296,3.8210467018288545,11.22444233596538,2081.543106248561,67.28372997570341,14412.581960424026,9.788542902661407,2.9803161783806904,0.8136480339836292,150.22333978284303,1
50.64694445442998,2.5579343901070075,8.875819750786782,1977.685759092204,64.70229149782153,431.27788218828675,1.1166341356761427,0.046721404864033395,-0.4801538937795158,33.502954399747644,0
62.4913943661277,3.6098360304877564,9.344501160566159,1976.3114709493327,60.25115135346428,11587.861176809129,10.100727969784902,1.7364744450245344,1.2394230630806877,110.22079251525527,1
44.70362592410547,3.2212013268492097,8.174313549727772,1956.5462195699276,32.92207107242642,3781.946830810803,-1.863556040292807,0.15762348669075735,0.010143846718442361,64.09967557435878,0
65.06721641306135,4.240234567629645,18.04890022074109,1750.8716833238782,94.89031764474325,11561.602460622067,6.605454377259135,2.7648797979866107,3.6533722361356733,178.61675376641335,2
85.8076265918764,7.184350284985425,15.720354308503106,1837.5268059096197,89.36239465668393,16134.423392692945,8.20308060335056,0.9026155374017002,1.6235753419606334,195.5827242398752,2
49.84812770293223,2.8165634394716976,9.01166237211504,2068.130781069115,55.584684984094245,4955.5569037592995,0.5582693443682882,-0.19593770786274647,0.028364955696857052,36.861667062482475,0
49.56239473611006,2.6194323403038497,8.273653321122179,1988.7032278072109,46.693916812165654,9628.623341857421,0.7434729894280655,0.06322516327194473,0.05431245034381247,47.95108047731868,0
48.69591888565743,2.881874570531549,7.99787898909548,2037.8862067860603,30.25980063997026,1097.8295367040448,-0.3807737146071027,0.011678188707701523,-0.47880775542854265,33.264894599160584,0
61.196083196582165,2.968798011574039,8.245068699074682,2128.322458786815,55.04409394735834,11824.930337371487,13.018397625332435,2.2340440944571966,3.7623582791002756,85.00208056531417,1
65.88816873076527,3.7871505510423504,9.790052331036112,2057.281477200024,70.04853581580802,7907.9194422184755,10.937527206457407,1.6757211917579395,2.1058243399416248,148.81568606122568,1
63.83578627944834,4.351608133755045,14.123769989837013,1751.9424233509853,94.78891708950209,13185.406107390732,9.004651774245698,1.6152857678129693,2.47686409886069,172.66001818441566,2
56.357721161686854,2.102525194173261,8.408518343129595,1949.139407104992,33.96778120451514,9088.874403864678,-0.6394060358745213,-0.12336652019543354,0.13437920201381706,56.49273580858805,0
57.41478147221105,2.7361341080214214,9.034663824147163,2140.2923792126385,57.36607315383774,9559.159370221138,2.925687328036023,2.496718427325906,1.351556747940385,96.93799835118762,1
56.34049468860481,3.161009084895948,8.951971536248182,2055.7839054810065,59.50424362452702,8707.10657037784,4.39678709425602,1.6076898323336222,1.080121553859592,86.15135343033754,1
90.37978192744947,4.932423239360402,11.814279447418999,2039.1688004759214,89.81560055775032,11800.96619908922,11.746787423061495,0.8406300351409547,3.6425918221756866,159.33109210133222,2
51.33032066109408,2.4566010219369687,7.067017725852866,2054.5507554704122,67.98408588134527,3290.77416890032,0.6917186899082688,-0.09143482942860584,0.15514063698133868,35.047958117515186,0
50.11890819524445,2.608240290539563,8.03572790320263,1983.6633220017336,35.812658253465045,7985.409152820872,-0.058217251287351085,0.2318537076955407,-0.1456078284877436,57.74687871506135,0
54.71740847462871,2.050556981459648,8.11428180334994,1969.2609463145707,30.73828902159777,8318.880637567296,0.062316612674639116,-0.26161185442531837,0.26749904093126353,30.8964080340092,0
47.14035804236011,2.7985662052060136,7.994233679402634,1908.5618588422353,31.80238327678902,1860.3406137127865,-0.8762673491811238,0.16956020482586384,0.23730264745487656,24.012984545391696,0
49.998651803953216,2.5157893683680936,7.837683572819562,2027.4349949930333,56.71746978192261,8063.552807935896,-0.20897155124932942,-0.24415701673486506,-0.5931242099052234,48.70270299253811,0
46.787922375228426,2.0791396621763463,8.566277728541603,2072.317755247191,39.290629031901005,8974.828847954246,0.02833877948359525,0.22637096700321885,-0.5950284879938119,28.497962190436926,0
66.25443345816878,3.6940076160586672,10.906773027839447,2169.4187687465196,67.19808165351388,10256.860559195062,14.313199492174876,1.9880004522635941,2.80259377367786,140.44994514885235,1
48.459622515931486,2.2415219812339764,8.755295408626719,2010.7534335126134,42.84963511154348,3563.8243047877395,-0.8609821053418621,-0.17111467495152746,0.04395908340640118,59.71113444377651,0
52.890835432588645,2.789379675577371,7.573590301963868,2019.4329261184341,46.31965933878348,1067.5633049441312,0.5201680989460166,0.2122750673258369,-0.6448190980983469,51.97269382816998,0
50.172302180892906,2.6624992073547813,7.0072100032397024,2065.2943847150086,60.87857737399534,384.2564563905859,1.2922919486814204,-0.08495872815814562,0.8119854879996787,74.55410765851585,0
51.17319350064743,2.2563003595091957,7.97049207194464,2092.567005974554,64.29311294134212,1044.7298581593623,-1.7684893278879517,-0.08424014763148036,0.07516785207902775,42.48114061335488,0
43.69251553572157,2.903480282823284,7.494062010736907,1994.7740078278107,56.91671297147906,4324.4735960521375,-0.49995777096590444,0.10428958532584226,0.17198000348287037,26.79986499758881,0
60.336497957586666,3.9569864407716433,9.767734827033157,2134.6353591366033,69.11950019379539,5814.276887069355,7.665924795345439,1.8896012192087466,1.918046724801577,122.49780547563579,1
54.396273262532844,2.659739816400383,7.377624200514427,2033.9460162721248,59.26431777474096,2568.9780604456323,0.5389649973539905,-0.1836223628849665,-0.019786330056568355,74.4936752317851,0
49.84220499029401,1.9216734221970404,8.298323952367257,2053.344730932363,51.527774867376124,7921.691362279645,-1.9133093709277296,-0.010029714161249668,0.13103696820730767,29.89707490631706,0
62.89829219279603,4.0524024527976,15.718430485628803,1552.980584437482,89.74436577897617,11298.90004978689,11.31837031709182,1.9872900522971788,1.6368843841199414,161.9128349076958,2
47.62994870955438,2.7078445630902768,7.858146635817634,2059.5237492596743,53.08309770527062,8729.487304090018,-0.33953015666598657,0.19218643572165228,0.19407135697696973,36.311191958276346,0
50.14759381343229,2.44211380312007,7.364996616104556,2054.3316770920765,42.800439569882535,3394.9391505994276,-0.4002581409471725,0.03263880493103345,-0.21604278004809221,64.14035005915211,0
54.85113477356505,2.2688725602586364,8.571680765102915,2009.2429327030181,42.602238772746176,5236.723999989852,-2.2029133532057186,-0.044113188053462794,0.07407181902498351,27.496043445245533,0
59.04499777578274,3.2506065633704693,9.657187070971993,1954.3693462596877,61.904640514818084,9481.286994651597,14.18783782787458,2.3416418380469763,2.1027360295131423,97.51573288921087,1
52.38929109992633,2.9991958839424298,7.8375710367507265,2042.9815393427423,41.99542960223219,2138.388894952643,0.3849664160476343,0.15971333462211804,0.3362809537218737,81.39257173878985,0
61.51939419808612,3.9910277819749216,10.056385020523598,2081.978020712993,62.21657602222557,10640.84921688625,8.929397299347322,0.8447470543258349,2.5693501701271493,123.22402330990647,1
52.614667898864425,2.598151165863337,7.439432993621039,2069.0069469434256,50.507522893152455,6757.46760347177,0.5105353784512363,0.04034773095920879,0.15911075669963978,47.60882486747208,0
55.56095803159457,3.3347239312774275,10.07362592275337,1936.751739981763,53.24994928125089,9691.660485673987,12.804653817330694,0.5387061478437883,1.4552100611352996,83.78051906769306,1
54.77607469572825,2.3236786092040305,7.278399603107103,2031.9093499424287,66.96591796546795,7753.157538803761,1.7443111147431112,0.13271957371215257,0.061439363184575164,58.18281845551988,0
45.778854407003166,1.9881810758205698,8.185730344158754,1955.9619904442638,62.0915526545475,9882.034927269742,1.0890990028474443,-0.3367411250731967,0.2885419417531859,66.419638694758,0
50.83254757664567,2.596056356476562,7.930832358991811,1981.1288299434834,50.371559627197044,5323.477279546288,0.4131474759526224,-0.046641699641278796,-0.13536564808316295,47.38398812546089,0
42.721047279623804,2.746729693531785,7.675426907620547,1980.0897038140388,62.76658000384919,9961.452421241918,-1.0697790431091505,-0.30808221279006953,0.4416413484495357,65.90975389909777,0
50.39335797402544,2.7654527748403477,9.02562347163473,1965.3097791049088,68.11215392996692,7945.522944217055,-0.09931433779203207,-0.05448538018617432,-0.5863779013449827,43.79206392488062,0
68.63220358671474,4.126751030602023,10.454997341667374,2177.1938934550103,73.21409013409615,6040.75956418247,12.26133527042718,1.8308265064677567,1.5230156044823862,154.3642234876323,1
68.33925439930759,3.430314260694841,11.154201845855203,2073.145492465626,66.94219270013933,12460.82156572893,4.66241982420917,1.4276618370088285,2.7197979958476517,137.74579988429684,1
52.32793269921848,2.6543428211595246,7.441495218884837,1891.79316164935,64.05128848866124,7756.546353260334,-0.9869515117257659,-0.23756568267419245,0.1967604537438744,87.12787396649772,0
51.88808190028668,2.4102792744309833,8.339646909991174,1964.493169658131,30.808700805911897,6707.60021711534,-2.1146935990737354,-0.08478021446651922,0.018969643953930353,44.48320080207087,0
53.57579370864522,2.40917413901147,8.175287728806273,1992.4765051258746,37.18535305488563,6627.224233681778,-1.167519120076846,0.16217274655210467,0.2812844530528793,40.18415948756788,0
58.50591316609104,3.5102671972678694,9.554122623569096,1937.248814995034,57.78346319845779,13433.323548919374,11.334080731399423,2.859084176621237,2.927134170874095,109.61862922832836,1
61.717650336563416,3.9212780021550055,15.81089268518733,1529.6810423406102,88.65324753781444,15605.784874759338,9.397870977147164,1.4564720591773002,1.6404050697808805,179.95306500609342,2
52.489573803867366,2.521073166526484,8.556170629305166,2042.2571052493367,63.37511454625631,3516.3497333784876,0.16777314779305583,-0.11967758173806897,0.08712048689055431,23.81074960315013,0
66.99529141518522,3.5999755457505604,11.257934318714032,2103.5195362535005,72.71937608971054,14879.753209773702,2.1051007948901415,1.5937236021578325,1.3961557023164475,150.5274471933053,1
52.30765007868542,2.3449821871332936,7.862848928601794,1993.620336184658,32.099687358121194,4274.228023694364,-0.17019944387839725,0.06866278918023092,-0.27144137994035905,46.68858765436076,0
46.76449598126566,2.777880629236776,8.410959897523393,1975.570292095025,30.414548893887083,6364.707085500971,-1.569044281307634,-0.1651623160487413,0.2979761883981577,59.35437233952483,0
49.87859566577759,2.3525157991816195,9.120449824239175,1904.7327588170574,56.83835604174209,193.18403534340445,2.6325807733301536,0.011999841771301221,0.3871290390883552,25.98773641435349,0
50.396002296627685,2.484371660762954,7.348816840467698,1935.5474997663698,53.82722543292461,9709.753298600603,0.04716707326337889,0.0572083185027375,-0.5810230470381126,70.30287679880973,0
56.9808388806814,3.770456490683537,10.039387551337624,1936.9958647083463,60.2774797505547,8238.508865570033,10.274894022381787,2.70386112601483,2.3651161493705954,115.98492134151847,1
64.06615821065913,4.375421228920003,10.538382690188795,2154.4912947091775,65.17719830709176,7446.126700695251,11.952128603291104,0.6728333395437234,1.0157754075421892,148.67545433867377,1
65.88239959951414,4.519961762348439,11.013202401772274,2025.7826443420574,67.54079999440737,11127.22051941757,4.9325392740942355,2.7616401560220742,2.1628243397057663,160.33407107547868,1
48.67194831370757,2.6906759062896386,8.439884247972872,1974.5499119084745,42.35168119202384,4101.6376923063735,-0.8140371230174078,-0.06465375487845408,-0.4017790008462642,67.86273184660439,0
54.22148071871571,2.4629216741297855,7.552728810436422,2052.230894469431,32.34250842081914,1425.5625713494003,0.5034807966039992,0.14733080532706086,-0.2527318745279041,57.496506821586095,0
68.42202480910291,4.579171262228543,10.867000455461154,2019.3311009970184,65.582218148773,13263.987737446334,5.405080183026977,2.2221296557516625,3.732912693576546,149.4937098343804,1
40.34786333213115,2.5757390096039403,8.149813035963906,1943.2032539218862,59.72007674083792,9168.748289238192,0.03397178038364067,0.23788676075236867,0.26367280695516065,62.79965701426683,0
49.52235708548196,2.204059028055645,8.158377058808682,2056.12569909962,58.97833508037356,1852.6802215258754,-0.0932365086643296,0.09026995691341126,0.09406016311352951,41.71391216728345,0
66.1581997640185,8.867531581410804,11.196618917037483,2211.5249215556564,87.34136088784211,16748.161055515622,7.455739798044488,2.953442760815487,1.7231981380783534,169.4024909774965,2
69.48407219887,7.231457296156853,11.712930380929288,1870.6215241279363,91.40476241168574,18595.705997970766,11.204147301326763,2.671156447368676,1.8421199209169237,196.9833146855186,2
49.48067814162796,2.4871194417990776,7.564109615127088,2065.198718525727,42.53295214307167,5981.410653705329,0.34542636035848484,-0.009159307344489113,0.3731625121713783,18.60232144912736,0
49.92461345267817,2.567380140075373,7.547135143644768,2016.2726362447343,59.32096859454632,2692.1005787562203,1.0055134778542338,-0.02697238737318431,-0.020809231606283517,58.65447798853668,0
56.56345377436348,3.3872674037648762,9.425960549524817,2021.4243247926363,60.41365412696163,7969.450959535719,12.289348970481848,0.7487273341559315,3.3796737741357954,84.80140950948747,1
57.859454791006684,3.6575321113403563,8.206829514842251,2070.809553868778,55.24656595690342,12625.3511205402,5.338575253224109,1.6156556295247466,2.9317614950957465,87.90796978387485,1
54.78235238456607,3.0059096376845957,7.485350249192807,2072.8929589928402,47.95919096255359,3299.6931394469366,-0.301810107076798,0.05035787815086945,0.03195310216406596,57.31397048436119,0
86.56349232697643,7.666276411696117,14.714777354084541,1522.1483855248298,87.93570827004258,13327.000376558477,8.294769854877277,2.5791001004233274,3.636099278637476,174.1804156219144,2
51.266974392349624,2.1614096456862377,7.964547318736315,1983.2416513386809,69.43841208461399,1006.936011038031,-1.744532888606054,-0.13805524664744093,-0.05506209660493967,47.70098137016315,0
59.84132456047276,3.5158189908237336,9.807605727690822,1984.945021647051,59.178343366931756,13575.876757624015,2.7616815402317605,1.0387049569639366,3.9949608696977403,110.27318406953388,1
47.31024337805842,2.6720342480066197,8.745836929400904,2036.2414686742916,42.57906543466042,8288.971119758779,-1.5976197291684564,0.2980275044199682,0.6163544668214279,80.85613547539364,0
44.90873005717832,2.183708487218776,8.713483702205204,1972.9217061694558,49.3015362986669,9403.161532392643,-0.6799362542946168,-0.3328418545401066,0.06999063196931318,79.09211078137727,0
49.60666598395855,2.326739720794236,8.348619023195157,1982.6237528740571,57.0493494016191,3409.1640919209044,1.21644738727708,0.031102320752712166,-0.37885942611845336,25.409474975652277,0
53.19905567358571,2.588571111008058,8.708915986443543,1965.024484278641,55.108016544029596,3756.487354930008,0.4334552379006314,-0.14865435347177933,0.13134686355308609,66.70519134398863,0
54.59714114776287,2.6261610117712206,8.924054552052777,2027.0008900861571,68.85607394434585,836.8098824769731,1.0621674475886602,-0.06470298935689144,0.004286163565196719,68.21888807678951,0
52.502788273668614,2.656554511607764,8.093287219280445,1988.6128134628416,49.25104602046467,4506.23425108169,0.3291192134172946,-0.5437946476013791,0.021485517813084012,63.22461021728647,0
62.28349282635778,4.617868301473046,15.921089122662567,1809.1534915390796,86.07966368235434,12051.874025611274,8.374555733723591,1.2922138804306769,1.6743469197246443,163.1130558777038,2
53.102958249205464,1.983369512597971,8.051779236248661,1995.838364486467,62.33529724957798,5205.2711280916365,-0.8256913036108847,0.2769896974196701,-0.5280615168441152,63.01482074132929,0
48.68975563025232,2.500447952609036,8.652100782825825,1960.7052177026808,50.402767558028316,2442.301170095842,0.8662369215087128,-0.07868458828047917,0.7149148461112335,92.94996131979278,0
64.36666542016874,4.039472014277148,16.053949486734368,1784.7371716934824,86.21395788735333,10580.85765758063,10.530963875314486,1.462603094601029,3.4276561708308995,169.43966295664893,2
99.10485205775045,5.29330096619744,13.010326328292145,2037.302689906449,96.53192596489934,12346.740367263923,4.827007086688041,2.822010049994475,1.5745006399691688,191.25366163737132,2
46.78704955818774,2.8102791734298616,8.229448910099137,2065.597131146603,52.91974576454372,4583.770391386607,-0.28368418524035327,-0.3520686936882783,0.6587349500926956,23.797954769213266,0
51.310950932981314,2.7403733363983145,8.30395825918746,2024.2532410733122,34.908417757207246,8224.510909700663,1.0195977320447756,0.0024555778048077305,0.15755369447657927,3.394293319357203,0
57.95592383339564,3.0106721146764786,9.807493157782607,2037.2626902840525,63.77243710728879,9293.211669377053,2.706760319722389,0.9213014803593984,2.0957354851179595,105.75676220157206,1
62.65673069584594,3.5997282219347237,9.67921429743013,2031.2982097853624,64.81054279045,14511.122009762665,3.001415999793481,0.5712095263731788,3.5945152454500264,114.26259821096096,1
66.97944481649998,3.952793354380897,10.250120645084062,2176.512991692879,69.6636389042528,13869.870695233198,4.57863408724133,2.371460867508832,1.487800086413389,169.30237212400178,1
56.036287738052366,3.248290487199235,9.919762999146686,2003.0100857241514,54.863326957566784,7856.649888467229,13.24197089719857,2.712798302269115,0.6572740835845419,90.65571572848887,1
49.821134450950616,2.4786388959190853,8.02572150729909,2023.4127939868158,48.72449561819707,9844.67373092616,1.9538015680389116,0.13813605681841437,-0.32677798285219845,19.095960284754796,0
49.69284311712374,2.445868908814109,9.19422340827342,2072.1806903563947,45.357568921490355,2687.2746946479087,-0.8929940151805965,0.07433527537018501,0.4716626642293208,52.18348065100639,0
52.43014135220016,2.7359928817438495,8.122419602049977,2063.7602868216222,40.57888630147987,1299.7043661881257,-2.594627883245342,-0.01861130356633772,0.17390803921097073,55.70519224017803,0
58.96911924831313,3.6416060889098283,9.70175976304468,2133.6664426756524,59.04516442918145,14944.310025427634,2.4979970689155975,0.9056814313976866,3.623898268861632,104.70068451843306,1
51.01809008769861,2.6829828018802844,7.961641455647448,1974.8554924960504,60.17885900008949,5831.002846307996,-0.6158806479229809,-0.0496272657575175,0.007995130565302348,63.69792619883428,0
50.772070179813355,2.566326811107611,7.612296620823065,2102.980260998434,56.48692049294291,7066.836957051236,1.4332129749778615,0.013752309547476802,-0.11138709042911081,28.21928448931205,0
53.142562442329286,2.802724894781326,8.129716648359093,1977.3475122805128,59.5737733182122,6597.450184066322,-0.4123668698910127,-0.29100393733036317,0.1347404776362058,68.27536554814887,0
66.94921733294342,3.7894424111946634,10.309195753090501,2016.7008178376968,71.54478428077135,12801.919294680316,5.777325650506919,1.1945487367634515,2.8352651370771063,132.86369601132282,1
94.85482250569157,4.543714665997004,12.697558701514097,1757.7875206563003,92.53166937671293,10659.12116527337,11.836096245169287,1.273882923506627,3.7274596393529364,181.00773833815293,2
62.69085063897342,3.8112283805970733,9.361376055942808,1953.3407974439785,68.21387303475105,6647.4103836327195,2.5479554205181447,1.635138306523873,3.304234650852701,119.27160748732506,1
66.92377164389555,4.402571560215167,11.705253598090044,2114.144796503865,68.48483252312926,6726.574010975897,2.1597785950237216,1.9841314486170258,3.6035703718106653,162.75775660215493,1
68.58770010455622,4.76291152317077,11.347274133092322,2217.200235616525,69.87674907280656,10319.717344964982,6.638351323514149,2.480542582888379,3.153452222738957,168.3836078831884,1
70.70622740634296,6.490127846507112,11.418679787675892,2011.005623218945,90.46740375842424,16719.25717253195,11.11937800188172,2.290922637785109,2.0904341294851236,155.66735730942685,2
48.456870838750895,2.4893749466180832,7.693366120356551,1977.015092849945,65.4578004558903,2749.69366452949,-1.03369205503903,-0.015565553992145188,-0.021052084865712008,61.09398677016972,0
62.50358048681828,3.2995638215967693,10.118325813258144,1932.0842336550604,66.60088179335983,10607.117391513182,12.63239629254517,2.229702615459374,2.820720671952172,133.973372285967,1
49.39255657965257,2.249535472788555,7.556687693924371,2037.5002847301841,34.075625840135835,4147.643590461992,0.44130521552357205,0.14184984501766265,0.08139155588586336,67.99192784671214,0
45.38398678120222,2.6204299710833134,8.44555859312875,2056.070701454846,42.72442969633268,1768.0166646406437,0.2840652070645226,-0.09518496230708895,-0.5786630948388025,39.166070524871074,0
69.41831107221395,9.439668741332227,11.037393152537234,1925.0869245943925,94.87432259670966,12992.84282663936,3.2146142689524906,1.710857255680312,0.8179336337149496,181.71259474562228,2
51.67608584876546,2.378608443987716,7.3878063633210225,1955.3613346361924,51.96622763160957,7218.5316053311235,0.10776005545254295,-0.04997874716240923,0.08764465263563966,55.60471892004988,0
71.04783373839891,4.437955009979,10.60066851210973,2022.9677412913854,73.65348512396355,9530.147503801883,13.410858448505529,0.7500791776678843,1.4020902145903151,165.86142237072687,1
54.44963968432908,2.6718961651212343,8.495735178395739,2049.6900126884184,61.315804513088715,9475.422354662744,13.921282254447235,1.669674784084829,1.4626409062925667,88.54879804795809,1
50.02857247380082,2.455906905385859,7.879817484183647,1956.3942723745902,53.570870449483465,2756.858969027003,0.5192603543577117,-0.1227738446147435,0.1136651363408508,46.67107981060125,0
48.12268086880467,2.568977303625381,8.388898815438857,1963.3850225131455,51.14743414715279,9279.690617870447,1.0454602404822526,-0.04028398001539471,0.11437339654862964,49.1878753664294,0
63.861748919319474,4.069484679189209,15.168350490654609,1573.9911857414247,87.61096465979273,18919.460759271315,13.902695811693304,1.322489436719922,2.969019647830929,169.8111517500236,2
67.28703461707359,3.642050492465216,11.478579878036687,1989.683175502369,68.04407830953859,14577.041070064872,2.3920978295889066,2.895217968968557,1.2586735380364003,152.59063689173632,1
52.85946086563752,2.2927177595368318,7.614418393640758,2033.4308055956465,37.87160534367197,6425.799158045407,1.436759120537793,-0.04120913307521467,0.020678600111807836,44.058447520674406,0
67.69526385837493,4.710646506473524,11.328902016382909,2007.3052729506549,74.11278069169819,13991.452884450164,11.445904275356575,1.7743561251065516,1.9125631476780167,169.40475008258022,1
45.81198480247868,2.6090899699484598,7.820478208499861,1986.022677380304,37.58381960706771,317.89149555137675,-0.9424164116166525,0.33305025476433964,0.6003053910218658,67.97809125563074,0
67.76571588492368,6.911783741051032,11.565484896446547,1805.933637943074,83.25160784515896,17170.645806107703,9.55188067720162,2.0639739586743815,0.6810230889412872,158.07196396349752,2
49.39794434487401,2.378591242941002,8.514802180709847,2099.1235225084465,54.48599286453561,5492.512713778943,-0.922351329061918,-0.16387736609975814,-0.3566823354160046,58.83521299298959,0
51.116500287098326,2.6715868965917497,7.49643431409796,2086.1836450845976,40.4790225711407,9794.507631128237,-0.6433143271598216,0.19293484793728402,0.13551139496720313,62.12647844016574,0
46.13149979082806,2.4095260576626685,8.164322012902405,1971.309004304494,40.70047429415467,8200.593657462536,1.4086194934459193,-0.025149259499154527,0.20138104101160606,64.92047905965633,0
56.72973188969107,2.1729908513579064,7.908153016811704,2016.8504900449495,69.5629786189482,6702.636868275918,2.280260230298927,-0.1467554565614758,-0.2818753465784245,31.07161705430497,0
49.0486915022781,2.2589697177486228,8.285612105118119,2069.532179797498,34.10338241324083,8522.36524975911,0.47001366124666144,0.020676399242419027,-0.29593214972977394,60.33650531648902,0
49.40118598290896,2.5188500718758022,7.778088260154334,1921.7773006688017,49.497618950391534,1380.2760893789678,0.9327530959052602,0.3364568192246432,-0.05514917409603657,35.662514585750515,0
54.39932717356574,2.077235260592646,7.233700882701119,2013.465309478117,43.752899650350095,6140.311984486506,0.4076897368371771,0.11619990799233842,-0.617748145107696,65.9700267581444,0
49.514857051458186,2.5190210532581476,7.822525866629671,2123.037646435419,34.23115627576268,2779.2201076935908,0.12434358488113018,0.1941773824026705,-0.21762832295501863,47.06026699670038,0
65.9780185511862,4.779793601170399,11.47716749949829,1948.155381070728,65.98526933841266,14412.590641776476,9.654328879342984,1.2779811108859414,2.0738794780980507,143.25657410564295,1
59.455025568304904,2.8908747009536886,9.701408759189222,1987.6834292457568,55.213623964918966,12626.861704546085,2.888572293057361,0.5314815316687369,3.6437823159125675,94.54544546572677,1
46.318957768134396,2.2960282309759505,8.092481293671044,2120.0791830515177,69.66391102119941,9832.159866537457,-0.863189712166828,0.4080267771993838,0.6013269911025513,48.05377698596818,0
48.35430514832863,2.433491488972312,8.748378392995237,1996.1245994426856,49.4198356466349,3354.7661056086977,0.09939408956142959,-0.16507093139238124,0.22042457872230248,20.755420549579053,0
69.21201543512352,8.61701179214407,12.419882502053694,2026.2843217347395,83.72636285385241,19231.677298513612,3.2358466023417867,2.185057485983984,0.9668880612928326,160.00914446648977,2
95.11137980086178,4.596401218481171,12.58185802107878,2011.6651203458794,94.11587990727315,17313.672844298264,8.95595874712979,2.493722444282543,2.585326363364894,177.9820979125264,2
54.04947337761377,3.238508505155447,8.725852940388412,1975.485079486971,33.99052016152534,7768.313694482886,-0.4065269251031607,-0.022697078167326024,0.3857229306399193,18.216574309773392,0
50.561321300375276,2.616527384103252,7.486374056247436,1919.9409400594213,59.63237458930976,6014.7110088120735,-1.0263536223898961,0.3178882567123397,0.08517331762091426,49.858741908983404,0
44.99595456899688,2.302546993717107,8.379968490979914,2038.1550012273958,41.69781843989583,813.9031663298291,-0.032481349941885077,-0.043747602590163887,0.04909012910063807,49.39917686503676,0
51.45420394390677,2.4094604519811242,9.265184834320845,1988.6053720617083,33.826748417128506,3829.1640732977407,0.12390681652107108,0.12299224640935494,0.361073416360038,20.21431471119564,0
81.32309036930626,4.966049893360838,14.252575767345412,1920.405027617621,93.12693284678977,12500.652642626434,8.005993595734706,0.5309708047593895,1.897883718152428,167.32957702126654,2
49.563980862069734,2.4172155218937212,8.854954340703854,2033.372301199161,56.18528103668381,490.5836740864322,0.907017963669654,0.10335100539797329,0.500671750299235,34.21207161559565,0
49.847683972180526,2.5480579748520915,7.582114261337595,2016.5332142551072,30.226520021031867,517.8344394306744,0.2590757371143357,-0.30187171811332303,-0.001333168365110842,62.27794314159953,0
54.41120228696046,2.4745384610591867,8.749240920063357,1993.9901627866523,47.26789782563732,2520.0567121138283,-0.5584336854169855,-0.04590661246696444,-0.3555955327206774,49.82357066193692,0
58.88838436853006,3.704586467225736,10.014931439285267,2101.5127775019205,64.81979295668489,5147.238918613315,11.72470289814551,0.7288377937070143,1.4091282763590154,117.85315167412048,1
49.016898225633604,2.490200480839903,8.042289110058729,2003.6169496147736,57.27491773987067,5410.678586568224,-0.5954285737449863,0.07623435451064824,0.39039095579981337,14.027227600774467,0
55.59200366360798,2.501460358460462,9.901707510884028,2051.6042098604635,54.105425613577935,10405.292510889358,4.467228106649493,0.9671805360086387,2.517973871979124,80.33444902447856,1
57.158600898300584,2.8750884810815767,8.739944372065239,1932.350499860625,57.17468387673897,6785.528592849164,2.0170902345981436,2.6328795249225183,3.002506891141909,90.83599700131592,1
63.93508214435522,3.8707859698019007,9.503607612301092,2118.307837462964,66.54269300344873,9423.2440336621,9.233448704457942,1.7940261935320627,3.5057134982996274,129.18546243019875,1
57.59509995920815,3.0783763180589094,8.562281515151337,1935.0962740823263,64.1911528460528,8039.008769724683,5.447957439922076,0.823452327668853,2.2885309248891446,96.98826301406936,1
46.79559139380644,2.6080662160527703,8.615689660635828,2014.4687158098038,31.700985340763705,4197.469749182059,1.4460986185752192,-0.03870314350514664,0.7470671330339178,26.339283101757466,0
62.016104730104146,3.7688004344012893,10.456493636943515,2083.3726701519927,70.77629824292887,14265.998807715683,12.366432814832233,2.1086798306143204,3.2351105104072344,130.37826436363616,1
44.83995515180195,2.8232312636757015,8.573602843788155,1961.276481197298,48.15731129214247,2121.612629310292,0.40380313082926356,-0.06701980233808431,0.15058265638715754,88.75487526539538,0
48.03435108219509,2.4692725858119617,8.709132066368769,1989.1778200352765,45.51945920381289,3835.812525432579,-0.02911188112936,-0.06687294703295081,0.01784195225086029,41.97444037940725,0
50.8389724508363,2.848808550606855,8.093199792572326,1898.6105334843353,57.988254229996755,939.637954103828,0.7234145437833869,0.04204571831570515,0.2761054199315823,20.800304036416097,0
60.733975967027476,4.103887025842926,10.56278908349522,1957.4933907665,67.26660389363008,14370.096995121437,4.9229014713336685,1.6705439902199228,1.3767971560736199,126.06257576947618,1
44.90509614266035,2.1084545088895075,7.536502303274996,1947.5859217375764,44.41647225405113,9888.376327800936,0.32627037105610224,0.18230210537298183,-0.0931629440408671,65.32579135017863,0
49.10277167199554,2.656316687374167,7.631978010615515,1942.5017109693445,68.18599183954942,3330.732960529416,-1.9999308657720152,0.27080182757731025,-0.3747381171710435,41.544345587057634,0
50.960387494930806,2.7259029763192437,8.758124886709693,2070.2953775820138,41.850793438178776,4151.445038682878,-0.6319419983100859,0.19536714938723457,-0.11690702065191731,49.51358819922542,0
59.236611120540665,3.6465829269373025,10.35660450457861,2178.631675926989,66.36956121946481,7938.369556219605,11.827055484964085,1.456254326714336,1.9390633804622217,117.59319590107451,1
68.16111266825558,4.263861368934355,10.954221643471323,2042.6947809592723,66.42577915076222,11595.303190299806,9.119198467942308,1.7365898510389737,1.5881921010176239,150.5857194566422,1
48.77422998318815,2.1827432857319593,8.07960925735794,1955.5320443588168,33.83071544798508,1603.4464390516566,-0.21183137655609438,-0.1479680032542983,0.059155235459105025,37.45202348433729,0
60.69772470335441,4.017811477733577,8.854632980523414,2034.3325184061105,61.50493847817275,11255.56439722489,8.437797504730101,1.187935067256458,2.1578984114118,128.03929481888218,1
66.1070070332412,4.840787781537881,9.77566810336789,2173.1160012391633,66.69540316048753,8856.205973860919,8.894325828905245,1.99708503662646,3.775303416191173,152.14919865272577,1
59.059186886398884,3.5363953749334556,9.172163837993804,2050.1681711654983,62.00001539449301,10764.398586427877,13.363127262856683,2.302552598256879,2.750094052469385,93.67933053002096,1
48.242555420992055,2.987712608154167,9.235549889790489,1973.8978617129503,33.15396122282502,2869.0354891210222,0.6568884071890637,-0.3723353272171891,-0.1498494370485521,44.52715645815045,0
51.02374393444393,2.4025973490280497,8.497115637884326,1950.0595321338974,52.71354985357223,9770.38753616442,-0.7406803386727723,-0.09850848595930094,-0.17084879401633282,55.055079381228914,0
50.7657147152893,2.8279748918732133,8.092917529164387,2009.4245911483183,66.96867048974184,5052.553902509103,-0.5689051689558869,-0.2914019558171419,0.19337369286336922,57.50334296350945,0
52.26402002322545,2.5185517245174553,7.970735736968279,1938.222121231592,38.73692514652238,6029.476306906042,-2.0651848721211903,0.2016206138899869,0.11609588951793329,67.59471390115728,0
56.381760275849274,3.127816811422978,9.648460433793188,2019.3750811897912,56.23635048383663,8737.534204229532,12.998863460980486,2.044538199397223,3.130657377761969,93.55937643869018,1
47.17166405379957,2.7247906909887956,8.016457232330728,2013.391808628159,57.82557032172548,1184.015841415028,-0.597687241334642,-0.08273469842698827,-0.4552882939643531,34.556956782964,0
57.82194624557802,2.9806839365155993,8.978679281993095,2133.2054112861406,53.45658878408224,11098.937416692992,7.28741335166328,1.2913203754949243,2.74143722889287,89.78380816653362,1
47.454627433121026,2.515312878501474,8.185378779439437,2055.3262462509456,36.89796534292274,207.41342806200768,0.008024241859267253,-0.1020629015201398,-0.1729609654739652,57.127599853596465,0
46.70982904806848,2.298404574552797,8.568055540181831,1896.4574996033605,57.397469929652374,9637.751822072285,0.11839933348964439,0.14548354168470368,0.01834837907069228,40.9208113535797,0
62.58822821628713,4.41390368200094,9.540485667446784,1996.7035563597885,57.80170066523364,6107.056888065109,12.554156897827111,2.573533743120797,3.306812120157744,113.03674556705312,1
69.30786749515352,4.553639354827796,10.791283055797447,2242.039659867678,68.91310356984668,12301.952661615549,5.882398176627641,1.857255328694048,2.0167446707625847,151.39815617599118,1
47.37366521400876,2.3519971149777232,8.164246931198292,2061.2645152924865,54.52157025889542,8205.614117990977,-1.0871194190621218,-0.11147762425995196,0.1911549976221636,33.477669969193045,0
57.99835790556232,3.2462326059309965,9.850114276423188,2104.4487209030926,59.0152825505545,11910.736066045696,8.77425033454163,2.9423285419932883,1.0686107484289158,98.570499072388,1
63.599881600257355,3.5111273781429304,9.595054252945063,1940.5667409967534,63.590603662993374,7442.044731879489,7.599169312079267,1.6833647023190457,3.1047758548325763,124.21148983559033,1
59.146036596416415,3.299921622762779,9.146488577453958,1965.826917559299,61.35753865333334,11114.913343823433,3.3076135357561105,1.491515313377431,2.275338243759024,94.27003714624959,1
66.14078724555989,7.77550513857137,10.800673161430327,2006.3739645925982,89.34987284672896,9735.858824083722,9.945786305584791,2.8331466689521347,1.1849448875606385,163.0373559195644,2
53.6415709504237,2.9531653511095057,8.33024107996238,1992.5427922160225,55.15609351195871,9175.228061075304,5.907684596151939,2.1415548736828227,3.715982179406184,82.11521805364916,1
48.15516769245187,2.2524502300763385,8.113119044333711,2055.8966911363577,48.20044129227829,1496.3672150892671,-1.7324945949673274,-0.07864020073643802,0.010261405361422633,32.90750716489869,0
52.95120653418694,2.430126937752927,6.96990072639165,2017.096080529465,38.31553416419988,8003.248594064892,-0.5790616013392247,0.45157126005152953,-0.1974642896526308,27.56238067331497,0
66.60747344020079,4.018858195988705,17.563124500554324,1641.002691447004,90.65573186044064,8741.52572888025,9.238708241472121,0.9282263866691829,3.8793117132352295,178.40404719226254,2
52.63745717925421,2.5346847330559616,7.2618391726112685,2046.6181666236523,41.843784676534845,5015.786499064562,0.309614803964639,0.0770247947816573,-0.1075438922790978,46.04326286325767,0
57.39248810724151,2.938781923638244,9.946986143355044,1985.688812114441,58.40516032170964,9253.345959404527,7.5315058337106215,2.6796909509971365,1.8832897775286324,92.67503202353453,1
46.757040752677824,2.3274141264742116,7.869147511769915,2024.6927304466976,65.97707288695388,7908.206568145772,1.7793531257609778,0.17216586806298373,0.23184139909119023,13.736761078043266,0
54.25780750808912,2.342779592904181,8.322277557095846,1975.645342152523,45.03531414659986,5321.699608561809,0.16215666408741472,0.07907819276869277,0.40340458532193296,68.50511082559629,0
80.99950031111347,4.694208622654483,16.372456602277175,1964.9028874271703,92.37078082832865,13425.226469171772,12.627252156171824,1.8343016533802015,1.6846817862879218,166.18311691496797,2
64.4404508541763,4.102611704754032,10.256115276994418,1996.2671742158352,66.74525664489778,11734.208002468706,2.238532601757224,2.3892044426237997,1.428698661824266,144.59500292691422,1
45.52925743010286,2.543924287552781,8.580751524240988,1990.7561621877367,54.633755776849426,2923.2951584263346,1.6857017540349715,-0.12924846482931893,-0.1435662800153155,60.313212601667885,0
48.736908962412514,2.0507353116519518,8.38162142445969,2070.7674073499156,39.504848702416815,5032.704481005844,-0.3178305420195441,0.03030777616505416,-0.2429139921755178,61.6674446254283,0
52.05767136931376,2.421329929185143,7.782144583807631,1998.3562757423783,66.34771065211623,5184.075447345758,0.5910905313252215,-0.03128185575856054,0.22910044491569856,58.01474507383226,0
50.79192292830847,2.1148438339424085,8.668696997456841,2038.3493965690018,37.2420144188859,9590.070867644345,1.001831211261531,0.08010059137255408,-0.7013181421581062,71.85237182513653,0
68.89815092973453,9.224556190620975,10.958719650286556,2117.420938276282,91.19165293118228,11064.387518243599,13.49743367298029,0.7813862684137893,2.8790919524972978,181.19546168689263,2
44.330820943821124,2.4309746465941613,7.4206149034008115,1957.2595813697994,60.11171684781755,3657.158571790471,-0.3352294500315311,0.34546513920298044,0.5809758980539602,92.27367737247107,0
92.80346890033616,6.0822180547524844,14.479212872144497,1642.0101288460119,95.06625132921657,14219.781382430268,14.059297889471914,1.5183373012581518,3.995956895146209,171.51781050699282,2
50.29704334846177,2.3432755814867474,7.7165933410988305,2040.5456886307848,61.86194216185994,2882.1758295586696,1.2227117928319309,-0.333742772469226,0.3398779161903104,91.20845396889398,0
100.14715192917711,4.844312119405189,13.442830023470187,1835.6312151399634,90.09284497395517,12276.387119852458,4.486626842659667,2.640750484242863,3.5892706733682638,185.34984821150908,2
48.581051048339155,2.823901514016511,8.1178287939936,1981.6926079599407,53.85784995595379,2743.8244367075035,0.2829356308815258,0.06621369515298764,0.10888908009079057,39.41827862553258,0
47.248166745642315,1.9297436231512113,8.26588764058284,2032.3794736573122,44.999685797863584,5655.602934580408,-0.6656150515228548,-0.05021163363974836,0.5270874520253651,46.81597210041882,0
51.687859636204585,2.1690291164693205,8.22755038298401,2009.7269281815438,35.87187589508196,6923.361649097234,0.0033573424779494323,0.17661978019906766,-0.3209993671528064,41.017535376934276,0
87.88566377028144,5.984683855128012,14.695500732640635,1658.1695272701375,89.57644461026244,15845.5941120034,14.935685782230214,2.8445424130814048,0.5149861524263627,172.74108686782674,2
58.00956615578835,3.935315095750899,15.676204908302443,1673.6874994882226,88.39067431708378,14126.181120663783,4.070849202124255,1.4304672426702456,2.854706601551876,157.99208578286448,2
87.93623859022809,7.603798742417883,17.12886542929524,2124.396858291232,94.05837502252513,9188.677210591855,6.144378702757166,0.6281758311578831,1.8848446993371062,191.74088267263272,2
55.43466731958174,2.673722890262651,6.75441929592427,2060.8361746248975,45.493336834267694,8416.917680970037,0.7172635437832151,-0.17187984216344016,-0.1410767148799072,79.97092721339708,0
47.29904927564575,2.4804403346950528,8.00914004287941,1931.538644326471,63.96546544644488,2356.42331999687,-0.628330834589551,-0.04004666707800533,0.509066945874192,89.8005902703835,0
65.61714357894087,4.528155848018701,12.64889490787498,2122.7980909807657,77.17722371520388,10045.769678928005,13.914088532658734,2.0702086914285887,3.441176833773791,169.63919458514948,1
51.2798920701266,2.7596676297021956,7.78413965895529,1977.055045610456,67.06002476176886,322.1536045037288,-1.9274824275340938,-0.0774302111699648,0.28591060952932734,59.264489120002686,0
50.94656882276076,2.485642321704173,8.125501771575074,2008.9707085524421,47.55048882606519,2340.7620398411523,1.6165216545137489,-0.13186482695543353,-0.09549030423130021,39.16758473381625,0
53.72731185957707,2.4229914915626836,8.527446206275874,2047.2021074074542,56.96946246512796,3360.783877422381,0.2951127670771424,-0.24133661074884383,0.5282494019813199,47.488488241398336,0
46.20010401468017,2.203104710150691,7.6566977340759,1957.715534427674,33.79321755376405,3468.5701092888953,-0.8193415927345735,0.23169439929466554,0.36713808675394954,68.98592996750631,0
49.46793035408027,2.5580396112964716,7.516013804812264,1974.4109137937487,54.052334552588164,7121.879819794923,0.41854432009397274,-0.38759490944330954,-0.21494187031997536,84.77983620653706,0
95.26862192451533,3.8097880526559074,13.279831867616064,2087.410943999018,95.48317524743977,8265.54409305898,9.34298632882297,2.3687323897035,2.0561883402153995,189.71974708795176,2
62.75178062406526,4.94055012591224,16.77300986264119,1520.190830843624,90.81305772736306,14437.154550780293,12.859710604325603,2.0394813802534637,2.7182594684075077,192.0714734846158,2
44.18482681621335,2.5380907240239363,7.32824963508774,1991.3389284324116,55.45377261272357,5000.923357822332,-0.059777110392333035,-0.015686044056930037,0.30154773200702684,48.943565209448444,0
46.614975289202654,2.881744999254628,7.219914587435028,2105.8662072185475,56.36519650492643,505.7556607901037,-1.89203357248567,-0.012427213293861705,0.06854465331545752,48.27675791801011,0
50.30972497609726,1.9090309619678205,7.878598856344024,2052.888432365112,59.75461123552684,8563.740982148023,-0.8953845421915588,-0.3172190384637823,0.3125382357064783,41.020803681196526,0
53.29245491405949,2.1484198212330416,7.090474492348726,2093.4263594036547,51.59792908885537,1975.845858283183,0.06908519272427115,-0.5621256633236168,-0.08019510695034267,58.968264989582195,0
64.7088716700508,4.015360189162574,17.173538388652833,1555.92466899717,93.2453919294584,10757.966332800199,8.222928367247686,1.5151907309175834,3.5560577571629164,183.9908630371692,2
50.873414294105814,2.727334043312173,8.613259598125776,2088.8772441738824,51.488222255451994,7858.6685670588495,1.1256177773328855,0.03522262352190476,0.2057716879386805,38.01307169621706,0
51.12441649182031,1.881830036948176,7.694136053171606,2011.515785243617,49.76322872816481,3605.849765882467,1.0084702898396163,0.26004929664514115,-0.23473341410352946,77.28812347095734,0
52.10441514995527,2.525801318547999,8.195734796435188,2085.987878807555,60.81652059586858,3708.9031223842508,-0.6066632439298463,0.3130537485182134,0.225155545247266,19.857439541696973,0
65.46978705245076,3.8702067584657778,10.079421914095558,2065.244951775332,62.81272616387543,14514.772528525935,10.284637531600138,2.4692547067473694,2.949191652185034,121.33642050616079,1
50.49495254338899,2.406261444647572,8.949263426678034,2005.188526054038,49.07371215661839,3122.3452041650403,0.993488469248925,-0.18529497596679234,0.28785155119489275,30.04622807270301,0
48.420578867381415,2.6197857094745136,8.320043762718367,1949.212783845034,52.409244807930506,2038.783426215992,-0.27724163023246406,0.09968980157684085,-0.40369742379139184,42.86485664188432,0
44.33805210704378,2.4769011061144126,7.728702395812727,2068.828621666178,59.18039999835068,2070.7217539024336,0.6508226524187892,0.2674266190399162,-0.05526773790813465,76.38084866722518,0
69.50205164906663,3.9344067925278483,10.439602868159348,2030.1168138117023,68.0918467733502,10257.793068182857,5.796592255272897,1.9870577487264423,0.5962251137112113,138.28242898438805,1
47.350670163539775,2.8478769694430426,7.427821816766523,1969.9733684223531,47.824827683997285,519.9343141130031,0.256710169352931,-0.3778862887613226,-0.45823162407330575,19.928537008354603,0
50.74139879662656,2.438983204194541,7.341117155139664,2015.465147038713,61.737663654885296,343.3217114285325,-0.9421538551896016,0.038606525766489486,-0.2104529020167511,31.888417650400285,0
52.056722812222624,2.498852652774379,8.979195508836419,1966.1646393863823,57.54332823915293,8715.807252544828,-0.0893744213740547,-0.08710040457023514,0.1800305615034143,60.85347570715097,0
83.79926777851473,8.198376319292096,14.7339371552631,2071.3830023098935,95.73441545343151,11991.854010860614,9.704562422510806,1.737380334262479,3.810082857908029,186.6257461918101,2
66.08970885139819,3.9155650555160944,10.943150406681537,2058.9049251367337,66.72318724883374,7698.334532910943,7.3475012354595055,1.1084242835159401,0.9521437123306232,145.74883683469213,1
86.01712052686753,6.984352449840508,14.446754124499838,1931.7849714725503,87.99863617268196,19631.535944588963,14.79381541154257,0.9676067130967859,3.5268133305905978,180.1224435981762,2
45.727675486974306,2.286419149019579,8.38762099593203,2016.2138271239435,58.69162725882283,1312.8687108263925,-0.7929604450864275,-0.06202316615584511,0.313115683662736,68.66167154130362,0
93.23837362836731,4.078355705287749,12.173202032122974,1865.9250169041366,83.53367603450198,12277.014261893451,9.813998387083105,1.8902888537180327,1.916293962666333,157.3695091752986,2
49.26448273444584,2.044475290351395,8.023105801835458,2037.4468056902963,51.51351292597231,7807.179957065224,-0.193155224849579,-0.39567698331461687,0.00785554475573953,51.425745210989234,0
49.08186360480675,2.386131977521252,7.616464324340564,2049.9911760531213,30.85555386700319,9441.743635056619,-0.767738018629382,-0.15232904778715273,0.23338133027409197,47.11339064393812,0
69.41089378528775,9.115829807539132,11.363294041548453,1972.4337683996391,92.32332900283362,14841.44582138068,3.4677417437880047,2.772274261184285,1.196323983851967,175.56025497420927,2
65.23831129560647,4.470669413085533,11.271406824776575,2043.3821478881077,69.91393708953792,12461.904833173043,14.872147759320269,2.9995417984066943,2.36717911894266,159.65682762886536,1
67.11531952713389,4.277451165580327,11.313429625584549,2177.242698847191,77.56158937650645,12894.550890321683,10.758680190624231,2.023280479767152,0.6691861646233253,169.12248811290797,1
98.5248130671304,5.2764696716147785,12.841798280437366,2094.7452814731005,90.13071219629126,15354.264338783825,10.947700714784103,1.781841175713063,2.1647784455807284,173.80289277558714,2
65.83704741810189,4.309714626712666,10.577266342631757,2156.9259288359135,66.23196674593444,11817.968112843864,7.843265547410565,1.1041780649315025,0.5049637704687041,130.17270940780884,1
51.16983679815031,2.5224662753114675,7.376719016920287,1918.446618740251,38.071983253687605,705.3429523732191,-0.7411626686348293,0.1615479111968302,0.4741019312468908,68.33135227555402,0
49.53690778167835,2.810088500646255,8.28325122752761,1984.6155281746549,64.46257136999826,1640.39947076413,-2.0510224885260975,0.18939496017510116,-0.035514022516239065,69.63834326537784,0
50.13113119097595,2.8668423766400224,7.716096078907947,2025.6271814199702,52.92891830224974,9838.459228475456,0.9305333193245915,-0.13216823935051616,-0.1725559348930549,49.76198353811544,0
56.10215255714943,3.3207449789117094,9.154479562147692,2044.0966031298308,56.298891515831976,6291.364040663343,14.29802851340762,2.2797593561032627,3.09581311051331,95.17122299529015,1
47.02778924377615,2.480738861514186,7.213185488941508,2018.6040739333694,69.08581331201623,7965.809400151474,-1.115246536376814,-0.05566205117531525,-0.11161929759939776,55.61782253202343,0
50.8458655945565,2.0710808031291976,7.665122350105026,2051.769822490237,33.386792571011576,4645.3846352441915,-0.8086600416577134,0.14416872042613713,-0.15534157959903486,60.21806758173165,0
46.16105645495227,2.1627399709159065,7.585339812819315,2029.5785509226548,66.38102237449318,8278.703795061738,-0.3812372872728735,-0.04143233781880805,0.38102640757646905,75.90014299876836,0
53.48657315795775,2.770388863361808,7.528495298010047,1958.1078351988722,39.381764029922124,1927.5432188703955,-1.8166601035191046,0.15800864082594404,-0.13676482061160575,59.24148511795033,0
49.96290218527291,2.401503717192832,7.974959700571767,2073.5854449180947,33.46349432717401,5924.4544079041425,-0.7113199105465682,0.11902623718275372,0.38960798729802715,55.638360415021,0
69.88300909472233,3.6196109749829204,11.060790312533433,2150.9016494345265,75.40905860425254,5136.776511046442,6.6167317991052785,1.2025698156755062,1.4181054755793712,152.26928160804377,1
48.55484884719342,2.5727808439164823,8.432837325583685,2054.065847888427,40.03216530003586,2528.3378316516123,1.315821840016223,0.1293487870837289,0.02485945256069884,59.46673351109934,0
64.61680752422744,4.230573263461494,17.594390274307685,1586.3775176641677,91.58366868031042,13184.61233004857,8.862819571810387,1.1825970822156189,3.67973203608653,191.3830972967185,2
53.390853024589596,2.426468923430251,8.474324948205052,1971.9076943541118,34.89091410885398,1827.8853336489965,1.5790625462336425,-0.25569722138924644,0.017741296843400683,36.07929845340222,0
58.34561541613773,2.7385801859497945,7.630328608183757,2092.6229945106697,34.62447552769659,1028.202238048238,-0.7833936214572863,0.14286080814220342,-0.013859949225379474,53.6425817262445,0
52.31663651331388,2.6590545086210144,7.694917164756122,2029.6417085316536,46.46084877736884,6008.424258659141,-0.43732959454068726,-0.10267104143928135,0.02397499456252064,13.522496593571859,0
51.742472283938845,2.7164535214266468,7.593791679468414,1940.7379530697708,50.016929745301354,142.71134563644594,0.7130775595362863,-0.3660673002133018,0.6441741503686489,54.960494333710685,0
47.941320710565584,2.3133628495512046,7.876783043971613,2021.2596070185045,41.23908935518054,4129.528961003446,0.02305518847982946,-0.22859879415531936,0.33474869994866463,62.87740620741823,0
56.11822233698125,3.2057963060469743,9.133490586256448,2007.2337922940146,56.18705229802104,11833.607948733628,11.415130228574363,2.738509311395639,3.1623887973866354,93.28723676722373,1
45.7862765850106,2.261673664944348,7.453060385678694,1981.6786659683455,33.90816414762374,5209.845425084007,0.9691286058239527,0.21155651379497434,0.37032588807936107,4.360903797605928,0
49.255017654986275,2.531569231833828,8.325477961247405,2083.1092566623884,37.92434858686297,490.5885374626451,0.06202317795672648,-0.1966709714069409,-0.22601387423021735,73.54862898777765,0
49.11792878527664,2.2767919532470486,8.351287396978194,2068.520937031665,46.63181757478277,9647.525328318305,-0.13253162542077526,0.014216716659305803,-0.3479821897273243,62.04530524215836,0
58.92019925077309,3.713912080212391,8.806836302063187,2095.6678677800346,65.74824765108211,12809.959810281724,5.16293739247984,2.871991781396649,1.7500515635167988,107.88016099830166,1
63.98205619662166,3.951755970168448,10.812493428050496,2129.8958286045126,65.23879088629266,6170.445813767696,11.297494318497437,0.6869581398977099,3.7101140229342278,146.8567908002957,1
60.24772060091483,2.821726953550663,10.213936823496928,1998.290843950242,66.78622914842195,10845.215154381931,7.798485259677876,1.056935350670543,2.7870169673673004,110.194298537029,1
67.71530741506615,3.7853644018701047,10.802484624280561,2160.651502114478,67.28209615770147,11083.842168165254,2.522582986352395,2.4047394804697655,0.8485602691491863,141.66715463129276,1
55.59237279527635,2.6473172001563396,8.445623902191123,2023.8177677850808,35.30277613380539,6597.281404048841,-0.4465094228468843,0.014303072900261036,-0.1945757131914824,33.3365642047651,0
49.403171168513595,2.4816607723006388,7.281889644242377,2013.2380394133663,41.48012422036794,9104.716261712842,-1.7573406370728761,0.004286114275153373,-0.38841202608425324,58.54622173507771,0
52.57925228303272,2.693142709586018,8.44363670319873,2054.180616515166,43.47399987741507,1040.1725179510213,1.7904635141071898,0.3462080762956947,-0.022976568095205326,62.06222849336987,0
64.31512019082699,3.498769871451474,9.941926541503367,2296.5611833896505,66.48370062962574,6639.8797195887055,8.025210505998682,2.014133179553992,2.2130721953993877,131.74735646570497,1
47.617358108708494,1.9711195742830205,8.518583668631251,2013.4072053404934,36.36658952354616,150.88030210694936,-2.133837287998371,-0.31907017845172914,0.3720421479260518,53.86318111397662,0
59.36791195523128,3.485768157150882,8.464843530645396,2081.56773046747,56.104230037390124,10486.768751493968,4.594637445401279,0.550776169583378,2.4675055907800147,89.003895598701,1
47.21707928619878,2.6234563348999305,7.904674625906056,2009.1861975938837,65.65374419520094,4495.2117259570305,0.9389908443529246,0.023584913514855716,-0.27134191308090666,38.62422318102375,0
50.52979110171719,2.0136029381603837,8.33511742029588,1979.336854053665,54.292983690309036,2.406697429022664,-0.5814719582977769,0.20923123304467547,-0.3009672603305305,19.150668875664934,0
59.62353549097248,3.7727480764041883,10.282622346903489,1977.6758508348648,64.7073473497124,6091.8899640351465,4.316553548245639,0.603270354803662,3.332333250861384,119.78546393548008,1
47.692305726753894,2.386823946369271,9.419198177832063,1910.368738378236,58.07794003922021,9699.372104470915,-1.9976881434855942,-0.2766081951225118,0.33048165229325077,41.2343013531447,0
53.82390311013473,2.234523631240284,7.4433543401676525,2025.0713183376754,42.10842276497085,4860.450744832292,-0.9183754733828362,-0.03635359734961576,-0.04626105291342401,51.79716545666464,0
49.19517492438055,2.4272121683457653,7.933487162017888,1947.297575234159,50.61939637549169,1333.8449354283987,-1.4760876378032939,-0.04282500621884931,0.49064718708514876,49.223530266050865,0
47.06162263338681,2.249667719651678,7.765074325283599,2015.934107661473,44.79865977623478,1514.8271665388536,-0.6694902453601599,-0.09330549894727228,0.09912339670883336,61.021276591364405,0
50.17164635033019,2.0374772265104752,9.264716651102082,2029.1449305872202,32.40340628890926,9729.019711967063,0.7864704390638965,-0.012745230070549743,0.06981875240281595,43.16348262235256,0
50.932913641738146,2.5955668145396738,8.60918957289242,2061.6586597432515,58.0063876829254,6737.638346297746,1.562668089747759,-0.19332382811241358,-0.08960341891347744,64.17896665580105,0
89.7235521159376,3.887422476851852,12.91491614329221,2082.2694910310856,91.92454029762244,18515.559685897817,6.151993518837907,1.9659103533073814,0.7705272260266305,155.6111714554446,2
49.15828488020434,2.3151917368846133,7.826947864109992,2042.4822391353325,52.47592412005706,4333.808481149408,0.4838411250264615,-0.008466379132042552,0.2720502439118779,20.9633050966313,0
49.94739227394964,2.283609174862763,8.391403412496212,2046.2005528628586,52.600710756244425,4682.264040926324,0.27633084300105565,0.08047039769086825,0.14916994540735853,59.902757400919455,0
61.299842471251864,3.9742772697669166,9.661767787247646,1999.3824593515756,64.12944677699528,12014.979005657835,14.8231814943089,1.6037668582229276,2.3136472982008844,121.22131618843514,1
53.85134782497732,3.356086774822135,7.527711640039546,2032.7941995345695,65.78856419022452,9286.063295770195,0.0758229309804383,-0.35381754640717133,0.13892907919913264,40.18347040171902,0
87.46424040067029,7.552198563555131,16.705977625062317,1748.5732558095535,90.6385521469308,14158.551901180977,7.530401425542717,2.726377871923664,2.00348321482495,193.30799776838816,2
49.82560705609483,2.5396382606969725,8.455761638952746,1967.900060738435,41.101559445758745,8318.65870073205,0.09375717890418754,0.18439031145099516,-0.27893085579796795,64.81169341461784,0
48.682973800268506,2.812034354332379,7.770707016106072,1997.815658669495,45.435229367718655,7704.378081249784,0.5570605720300378,0.1800909905560576,0.019032592609895975,89.08235601582345,0
47.418588231774365,2.747857896757084,8.80295202826914,2023.7448662191196,51.51564331940047,3550.6399616488416,-0.6298718472715173,-0.26438517601589445,0.05600603199122874,19.483700347684213,0
66.436975963978,3.9960079147853436,10.565600571254322,1982.3122539321212,69.27213510457442,9982.116867122437,13.606798141422113,2.5127387565602235,2.7285229579773715,149.66188306685729,1
102.03421710211065,4.247111601400466,13.888944351386304,1950.3903168802583,94.78119968327083,9518.32296858891,2.634941103169671,2.6948539099990154,0.779408732970057,185.53108774270805,2
50.159122352811345,2.440750014739401,8.109941815246735,2001.8599098468135,65.47729585268688,4108.431774809097,-1.4469767155111604,-0.18293296463288267,-0.23646455019057452,28.84126675982182,0
96.1782063215133,4.467875967670733,13.419644300989578,2177.443306363305,92.70880820185177,16648.043878989585,7.484772230851166,2.613220270050324,2.9372108463334827,181.03129629508487,2
65.61256929654738,4.427916830997096,9.982554104014449,2243.079368590758,65.48516563566398,5402.812581662714,12.752628149624345,2.01919390372181,2.333450775578957,151.32386799493818,1
63.28038568841914,4.4041821174074345,15.902360951094897,1809.9832839909623,93.04073970260767,17900.46692748034,12.97050455365322,2.182522752407631,1.5660298148053715,162.790176166798,2
50.400696246607936,2.7026993359770928,7.601609383665412,1977.0800818393602,63.180926620030185,8365.201944475788,0.5076118229432475,0.22007857845574585,-0.42749135154462364,30.510949047794078,0
50.216414161555,3.194419691362276,8.394885514318354,2002.4698673457692,31.264600450849684,7733.922246287723,-0.6900392859926178,-0.022167907438545714,0.04494921857479954,79.30860308655441,0
50.33594579786377,2.3629902565919463,7.8634238767400495,2067.21422876173,52.18322686142498,7998.294540499016,-1.3412597272367377,0.1077006313278087,0.46628473248330776,77.39562203924757,0
64.41988135831006,4.119742172285314,9.949710266973732,2080.232180951999,65.9814947898035,12693.791464631726,11.189843196286875,0.6003484704135255,2.413079922240356,135.8786768801121,1
49.320013388828,2.694744316321126,7.773370237026479,2085.9219807801355,56.20929938305376,3403.1740429819147,-0.7648492283081031,-0.3591965469168047,0.0713625469046602,44.90784027972233,0
52.64622444586844,2.432946682295293,9.551692202882435,1988.1619466607503,68.25992499108395,8867.263831449893,-0.10351635506286486,-0.255483589626477,-0.02416209738749115,55.948013827821995,0
49.390494413045964,2.4518040140901776,8.425491339253382,2037.8652111887372,68.76051854011999,7734.18210905363,0.6051330157589494,-0.05605654261543615,-0.41419565103304185,58.24142274132048,0
71.96769434432919,10.91030323369645,11.69665177413814,2045.1508041722211,98.00299426619469,9672.841304138055,7.442639975004345,2.7032200187540902,2.4618606192342374,199.70123847746345,2
50.391257322527935,2.397390391760398,7.717356237193007,2015.5602406222433,39.57760373601577,1868.4901945328702,-1.2486186366041756,-0.13647262403825042,0.18925912765125646,22.376598820791244,0
51.07870321486446,2.5426681349977582,8.65227399240695,2035.8923691319371,60.06321661131352,3307.02788399311,0.9722615174798883,-0.22358433271538158,0.27083432058034607,40.65500855801553,0
49.498616445302005,2.3198393774016717,7.810829739774002,2024.3209415924641,36.158293030073686,9098.043289501904,-0.9280876150612746,0.22126713869619952,-0.16718207590916104,4.802156521880491,0
57.891869840661954,2.643478266618259,8.932111304396203,1984.0899704456804,58.74406651368568,4403.591974261951,0.37576242835083024,-0.1910550997385623,0.18987524534961145,75.01769237226299,0
51.98032962709971,2.130794835369882,8.299190938790058,1988.2234583569564,56.148803710399235,2781.7967670830267,1.202072844973665,-0.01877991071504088,0.09614284567814001,8.546620993719984,0
66.81838791064114,3.7560591353850055,9.78868319256561,2232.7396033537198,70.09740268836381,6157.12394263522,7.2223069559100415,1.6460126325763218,3.4701972955234237,147.90764049440676,1
61.859379567146014,3.743884586472257,10.90546498947882,1968.594719420936,64.45605652489675,9268.866957091659,7.0280130534618666,2.4139751594776504,3.593254717910505,134.12839267023207,1
57.89790093191001,3.4498391802022748,9.449380983521705,2016.8179829192131,58.45470427240772,6795.812285091301,4.634946633518649,0.7796148594940823,2.7409125265947947,110.74420348397308,1
63.0099329500989,4.517821291825999,17.04532286790938,1737.040445886941,93.94131415888883,18020.359535202166,14.167663101239416,2.9730163144952324,1.8878872964756943,194.56340350935153,2
81.1822743176128,4.949873674393993,12.6451989068862,1908.3160414264955,93.31164888968405,14946.476522866273,8.787437111741573,0.522056472325853,2.2000038278860248,162.01668134782238,2
57.68645641612201,3.5237343388949505,10.18837093676079,2089.182898761309,56.36189344923351,9437.593777803355,6.231059303206351,0.6415061640136633,3.4161777903761323,99.76800887461184,1
46.04420191861439,2.8260805653498053,8.284543144744958,1947.5704352861856,52.98150858104823,3152.5625737482987,-1.6433429096396621,0.016786499410816568,-0.12285584063324087,65.99954935828127,0
47.72663045653435,2.076745719166646,7.968465611446817,2091.4073399654912,55.62486196230755,4140.0105168133305,0.20811667747614213,-0.018579457691216657,-0.09658797451984295,33.87711665069223,0
71.1061584080388,8.88559590239544,12.091970642941673,2093.2595218933848,91.2257129810059,14427.579834166783,3.7823414449662724,1.8461899416567649,1.0106123626915053,187.54136437643376,2
46.445144176321776,2.9814803505261707,8.534723694062095,1999.7928707527922,34.342525788112376,7917.328929996529,0.5698763759795229,-0.13521087330976098,0.2981220788603872,44.93826317971778,0
50.614702573931375,2.4172053570679752,7.764336748214804,1949.392298083886,60.450857185014414,9542.313574764215,1.0966131834620525,-0.08560238641084048,0.15668905248497747,39.48510033463907,0
56.39774481562374,3.1689690873584118,8.63824017459539,1999.125826188052,60.909362666127365,14945.051042205587,2.156119120095434,1.8522995332182466,2.507833091421534,97.34691564911316,1
66.56260626726548,6.081243853500328,12.443071130241663,2101.183923548613,91.62328862387814,15497.877705121253,14.845126537575277,1.5960471617547787,0.7318914393396998,177.77024006451217,2
95.72447098284407,4.9887310495848896,11.788562770518134,1887.6782493464634,97.60313019394357,18230.12763547046,9.537825636469229,1.8008658421789354,3.75754028090889,190.68777744065963,2
90.08071477838664,8.553634833954481,14.505691592643402,1690.2706868565215,97.77231807946909,14278.778334386381,4.445928531105222,0.7571224301545119,2.007710442831197,198.6198556408247,2
51.77132042685026,2.5649456903461725,8.302509646911755,1978.5172487685106,66.81847913780803,9020.025994699015,-1.6119160173087002,0.3342985435733319,0.3251507669732691,49.51643685157754,0
49.5675482239373,2.458975286848817,8.263106660787992,2032.9021680365202,49.90581364185366,2748.7142809215316,-0.19521422116182324,0.015023875212350712,-0.5909268528579134,76.46170505621711,0
67.61781050416415,8.653475111695602,12.460126097403347,2009.0815488154774,93.6922968494869,11181.788026604128,2.21961361592974,1.6992504063338645,3.506193141334745,177.8402112099737,2
96.67297015952761,4.8201074507112445,13.422297581879052,1977.6324285177332,98.56966728399505,14283.915944754543,8.981094725721013,1.2723008739874238,2.090777615246685,198.03017886842693,2
61.3898874921276,3.1988151844808916,10.15782451266845,2029.0207622599519,60.4992930276965,6892.090053057765,10.019714677516586,2.4484476957583015,2.483675973483315,116.21876530830127,1
50.3228452392389,2.373877680522777,7.81615943827036,1956.7473784957956,57.03139014684926,980.2344058293189,-0.2775699070036919,0.10913632763806716,-0.23549388973316013,64.14989232741645,0
51.311866733512296,2.6346210184678256,8.27040121019935,2024.5799825129259,38.45889125223517,4822.162725603865,0.9920777886626394,-0.007686851947760158,0.1180452027603198,46.29568584573531,0
46.39479305255409,2.764851819993818,8.814406307207111,1965.179474254706,50.509885674040376,9307.080116883339,0.44184054493583436,0.3253623133402179,0.0981909819526754,65.28884241994034,0
61.91558429892266,3.092506812847475,9.229779626730219,2081.0211360497697,57.58954021608714,10936.959788158558,2.8735622753352708,2.2863542536250128,2.960984901506183,102.17341998328646,1
50.01638113271972,2.7949145958718313,7.41329348687734,2029.4472828760545,46.693613406400004,8624.175402697681,-0.4971801091781525,-0.2608543482025631,-0.260415803730383,40.94733430729018,0
47.426384000632446,2.8373842333690042,7.1746602406213205,2008.768493842366,34.572882872340564,8837.585283384886,0.519078559761389,-0.09681773837319793,-0.06808472086290786,49.18906080486352,0
61.376403816186276,3.6196617560029707,9.798309035337693,2054.8027642798866,70.42127282539333,7788.331728178167,4.646835304550512,1.2023435958555468,2.4760001051248897,133.67237823974313,1
52.89176934646353,2.4866694416208914,7.720919212602812,1948.4481466821883,45.84487860206611,5862.207115272452,-0.18607318062370845,0.1479449752671596,-0.05995775398963435,38.67356161791021,0
49.404960992245826,2.5191851425257434,8.196031805987472,1909.707379300057,41.09336824198217,5509.952833452541,0.4315334785915829,-0.04266219088969119,0.3274379539237955,36.510538212581835,0
46.34712967171879,2.8517871947567324,9.02582309550222,2005.4055705516232,53.555300208118425,5762.805932836943,-0.3209343707298724,0.009572979408511175,-0.2442352520822877,35.00784248687147,0
57.22119095130589,2.813740709308108,7.8914585675419495,2038.9520372017005,67.06315668572503,6519.543449841703,-1.0535141612473247,0.2746752783758665,-0.23032211738110236,35.68055949163135,0
89.369907209519,7.216362436309728,13.114283328398399,1791.0765464115968,95.40281948053963,9799.724289818536,12.190860947634038,1.3311192956190958,2.569699064295246,198.13582294082113,2
69.06066421591595,4.670732836602644,10.968844616000954,1861.18523811761,74.69010605221092,13775.45542559473,3.3491650662967345,1.4621406562326338,3.216408094447252,160.01379059211453,1
47.240276466278296,1.9778765577831845,7.265868656518976,1998.2352041405659,36.51386301116379,423.4974747641429,1.6708505294436606,0.4409701444156303,0.19506945283486374,30.375081027986603,0
61.54974394066735,3.196048209737166,10.134060940370704,2019.9879230771294,63.35400008470448,11677.560251985356,13.11211850184253,2.848046237194213,2.5299416215822936,103.31883848439001,1
54.285927632043666,2.3318004938918016,7.471709282211383,2024.739271766505,32.04958164585699,6829.615935420648,-0.0022127099597559416,-0.3340588011511702,0.12134259685516224,81.85195710680708,0
48.3483980953979,2.3149809670130796,8.216592033635772,1919.8135262485052,50.15863119301574,2031.6003836420894,-0.02230853891243119,0.06871091540798716,0.5625676165450165,52.09028072151642,0
46.64763497331743,2.777474400765563,7.853022803892892,2010.0347062621463,65.24756947577237,3042.045181350037,-0.17468191658949636,0.4315943372056519,0.4256602769406636,23.91422675394511,0
85.34561672948033,7.194558641033414,13.659160633531489,1877.9792144014555,83.36418007796016,18534.1298057003,14.652731649209368,1.2563163530117816,2.9272987325123925,156.857138631858,2
51.753090467138534,2.2116053824697146,7.973057624356308,1962.857890423618,56.50333057495796,7659.581713055173,2.1374544455755773,-0.1515402514480083,-0.19514214401459082,51.15002200488576,0
57.48352248473616,3.1119836633181572,9.757470880432107,1909.8024457488614,56.03263582579568,13019.640050225706,11.792862567138066,2.239659041496748,2.206144329104404,95.51257242968376,1
50.174574883959814,1.7926492770400682,8.113875413604738,1973.59735462728,44.060301760372084,2247.587779386886,-0.8233136364531594,-0.11417146287446252,0.05553701728576283,69.62493060128861,0
66.85831164953542,7.279486182970561,11.48569494481627,2047.036278565777,92.00921529228027,12112.88496306615,4.937719000517386,2.0986710987302595,2.099508082819292,176.33288976074803,2
49.27200061571863,3.2740875696072322,8.271628482487136,1909.620517540927,56.77994306202778,266.9315858685428,-0.689655504900944,-0.010642487254596647,0.07610506628942908,23.705022793791542,0
69.32527893645488,6.813631026944231,10.821083793094951,2383.3459126945368,89.81591084144017,13819.268366993161,8.096256964730607,1.1540506932266845,3.7256055988010277,194.72625556348183,2
47.13849737836779,2.3398725574819768,7.53770423302762,1989.0975013139962,47.64139223382482,3538.707434482363,0.6297162129613698,-0.245088931265091,0.29985176873990527,67.46723463256534,0
54.19254419572238,2.1176089342433553,7.495798036914248,2084.873519464056,42.671642979784565,9337.441982278135,-0.3024116695560667,0.04549195572114953,0.07199805153800438,39.33677741869619,0
47.962144259106545,2.438982798139981,8.853974274778054,2056.044049114839,44.93874287932196,7428.780757183507,-2.7714191585648598,-0.0791049403228086,-0.43198465305864164,11.119011407415073,0
63.48919309131003,9.176727700587936,10.665594355213537,1988.3559964565243,89.20020389051459,8568.199727922074,4.5477233923916796,1.9548591037644576,3.2514040673109634,185.66331770172968,2
50.87994855446142,2.3618273300577237,8.118452314837661,1994.8882667907212,58.57271882441492,3267.560472430309,0.20742058496143312,-0.36840623544781376,0.15650239475152397,37.68968300012731,0
51.15516550381351,1.6877302918983677,8.131320993935844,1927.4991821916233,69.16612959005954,734.4469100576146,-0.9659709246115364,-0.162433894345266,-0.19900149705369055,22.49701215919394,0
69.09984435637038,3.946047349419294,11.169194659539453,2270.250940628402,71.77222036132817,6919.755058592378,8.346851669590102,1.5030370692783221,3.284471768757944,162.15728209679486,1
59.29564089719753,3.2350225812679536,9.14250650884128,1983.4265861977315,58.806241407464434,13607.0203254215,3.2689299769861977,1.1011139091897733,1.922884098604546,92.05988130851037,1
64.74638327597539,4.661078322656948,14.646244675727974,1736.8478590498898,94.79250331774905,14641.337983372388,7.057407602880242,2.995494617215238,3.9177751660521904,197.24974917817553,2
69.25029260143971,7.9395165192575945,11.996996223465732,2035.8727072279212,94.5794454101705,19455.40845804865,4.026184778632002,0.9730940063631206,3.3280516217197422,199.05882713194646,2
48.060414561570454,2.7540313327024735,8.009499541129935,1973.9372596571934,37.86745736507446,7578.462929324711,0.6381840407282129,0.04254522423835697,-0.1788974067275762,60.572696306691185,0
66.55834969702894,4.109987773438919,9.776373431949274,2252.5599113121116,68.9176771602397,7979.574289583591,4.373762704132291,2.041469595178116,1.3184692917991718,137.7563340332621,1
53.91674814743157,2.2860067299159366,7.869027496787823,1883.196519748937,46.2833989126154,6505.747911093461,0.3269108642391749,-0.02028156594437279,-0.029400290035001976,66.1972396974175,0
52.597584675001364,2.820606206097672,8.162842262605412,2029.408165470601,69.91538832913842,3485.05799831591,0.5160550147755645,0.17390169640002393,-0.32774011214290194,74.00988688880034,0
69.63889023369613,3.9693333968725373,10.184181361259535,2063.491397896572,71.0253446544751,11538.383898166263,2.989161827544492,2.009004800553094,3.759286657126143,161.03384201128395,1
87.5130096352409,4.534911450101603,10.747954384969685,2044.8215535713828,85.89738056735288,16864.976348427474,2.384716846279165,1.4523644066845178,1.9263703305377577,158.04530914960924,2
46.6195730791774,2.9384278355731643,8.161921861705814,1987.9312413785585,69.24154506724847,200.14693172932806,-2.020734278440074,0.11863369531377943,-0.2734959411932025,25.25063155800714,0
57.718816804494615,3.545453180361583,9.82057904361628,1982.844043699241,54.596354836498236,9318.528657380368,6.618946813015989,1.345524774974336,1.6797497673170412,97.16444092068154,1
49.835350468411,2.4840054460792205,7.59200285365622,2106.071903602276,33.150437321854795,6696.611616328767,0.4023164364115772,-0.17024488835548618,0.008020829105816668,58.01391555956425,0
50.72324178852605,3.2007937509558606,7.122778453371316,2132.788022445633,56.94962296974224,5719.45362407002,0.9052651392522558,-0.1887080418056658,0.19735200194670302,36.686945210900234,0
54.38489632289371,2.4600959309507866,8.390111892253614,1974.5547958003813,55.76602836135888,3975.2232910721586,0.7477091510470795,-0.02688411515697975,0.20892259736962274,29.672100447053783,0
70.13783369463538,4.876193800637073,11.738002271325684,1953.5825984600742,72.82659972087312,8193.18326497844,3.8775109016270948,1.882491456722304,1.5007115155177455,163.0204723865273,1
54.005085995820984,2.3582510917196293,7.248060046322343,1996.7784176639075,34.67612569120193,4989.872637748,0.5903887929577738,0.22744780817920107,-0.10661252772899689,19.92179438777212,0
68.4772208272679,6.4253097395903955,12.106955589821466,2022.36542390593,86.90614650093674,16303.910264680932,11.788331795620438,0.8787052825748954,1.902062750619339,162.99451585337775,2
45.88322164277062,2.166022991793702,7.48042693481979,2034.0891590917315,58.375629810045154,9350.441963907306,2.008669008239167,0.23504489111356663,0.24054578706031565,20.094678799971504,0
95.48520538231415,5.2523431423405285,13.181026281039331,1678.5583157460271,96.53711767873826,18784.886541031738,8.114291147961973,2.239558077559546,2.531502383201943,181.79761702577633,2
67.3319905099947,4.200742196152313,10.788765854935205,2088.686138434168,71.65655432078627,6664.201855224525,13.626362913860884,1.0781607491227823,1.163766705068378,154.63947140558872,1
50.69214296757847,2.6431811314901275,7.698032954002568,2065.9603591859477,66.36708059722245,7894.079523393898,1.312349419349959,-0.31646524465131043,-0.23310808496044877,52.324150489396,0
63.1801219131348,3.7549110570074142,9.494715682188035,1931.4257986170032,67.20201551158544,9887.98742041241,3.160653991628942,1.468604043388087,0.8306314127838159,127.3900001181067,1
51.3562081925076,1.8983304256279407,8.039645118677791,2041.2189092112212,58.224141654573664,3576.770913057742,0.6596825494058685,0.27558424711841023,-0.41289378608978583,46.38599815967556,0
46.48626157088805,3.074725169408964,7.862651480167696,2020.1696040050278,32.922906090130894,5893.485765054845,-0.2963029975041068,0.1691367741389652,-0.3677573155374391,63.48336481182834,0
51.25861488027822,2.5983459753588165,7.8574592186389705,1960.8101387562356,55.585777677434805,347.22868093652215,0.2841867783026447,0.38646319530865775,0.2620249447631238,38.262063584599886,0
49.06866805836901,2.544157712487556,8.040491914037249,2005.6441997450272,39.16100317167209,3922.4818132688897,-0.21919154471882318,0.29000834100633094,-0.18264848773859715,37.71306802548151,0
52.44642786409035,2.5271747278643373,8.400161548287764,2081.3175134924063,49.557444675052444,6657.686438120414,0.5347453223877701,-0.03095180205982548,0.3042598245689139,66.39380223382884,0
48.9022255612546,2.15566445579578,8.727830201571443,1980.7075553635548,48.81630477867238,2952.282495554638,0.808069512660109,0.12967236093333254,-0.19226374091441215,30.450377404295462,0
47.08735138356845,2.570228589151332,8.445274395856105,2045.2423518593553,32.899943760202184,8952.98837708947,1.9628369551041487,-0.13829221252911242,-0.19309025393560486,49.493436986796596,0
51.039653081276946,2.4373422851342124,8.832157310712155,1936.9024653886236,64.41149059258196,9836.918584171766,-3.100518315375369,0.05353260758488576,-0.19297397690790868,53.22121212825803,0
46.92319217226185,2.438472922994724,8.297174830673988,1913.1297519980283,56.26853472039908,4623.358796634468,-0.19297676774312045,0.0302699504904694,0.5516186441012498,56.388705458436,0
48.89464293448285,3.166245736110862,8.421262678915095,2094.163078343337,69.89464726198815,9804.591708545773,-2.2286801844253534,0.37908420135743937,-0.7154839143070483,24.781777286463683,0
50.98200880206499,2.44790344762349,8.615676329809084,1998.241236784706,49.0121469867048,7182.902739102429,1.1463489019339046,-0.29964728590079076,-0.6906112959261623,49.43575679462737,0
60.57217830043384,4.778509269448183,15.726464432082107,1611.6333450880413,84.30609737700038,18013.399488173156,11.782742587414708,1.651272899770447,2.002237728395949,160.0720257237009,2
100.61244274690664,5.187471949706135,13.687707937424616,2182.165841077542,87.38112460487395,12816.409828605909,2.485142626475837,2.4218924413284375,3.4298482562611583,167.9806257688158,2
49.129241732480125,1.8295619182749259,8.373537478159284,1920.0895045388252,58.692336493340335,4473.684779918721,0.04906673798835688,0.21533180711353014,0.10404598302635416,29.821952243875742,0
49.52546952317787,2.691237697931493,8.85119601757397,1945.1625408666728,51.07944873305712,3744.4987753843484,0.6783273957836279,-0.08281936020143456,-0.34687596934293796,56.19638211141857,0
96.06225266942376,4.580654883911037,12.94815683604066,1857.070843912055,91.28609716857038,8998.324122218088,5.708427605239927,1.8009305411024197,3.4832254083934195,175.8888030089734,2
60.51419964968435,3.9215508647477226,10.177617735833952,1981.619424639868,62.47908184530172,7110.558892668506,7.622283886344578,1.5465129641797877,0.6550340084894735,135.969484530944,1
47.59449923924068,2.528328213914428,7.653926474811964,2064.50903193893,59.52867200545279,4017.452054249785,-0.030015732047902168,-0.13037991877500862,-0.21736942726235534,80.27588510262086,0
52.27116800545825,2.706982083068826,7.899891666754172,2034.1707336780016,50.25006937989308,3631.2844284607204,0.8606854213686301,-0.16657265503090704,-0.2509015609488864,12.671036944730496,0
51.35718344987111,2.569081693976521,7.825114582209322,2102.624446439845,61.16820458955534,6409.713241221375,-0.05080011843311441,-0.10871642870936199,-0.15963881321932635,68.55329822745074,0
46.336107846184326,2.7593174492219994,7.839687761846594,1969.6239545039646,52.07160254317983,640.0008275238689,-0.23945509376558377,-0.0546264287438505,0.40479717834322176,80.76032563723267,0
47.90849505555129,2.0951068795412486,7.910045684599237,1986.7370108440114,65.90820905890322,9796.917464358285,0.6607238244589877,0.046812262178862675,-0.08889908479460547,51.812272034495514,0
88.82026827050012,7.83711013711779,15.43672243344747,1766.5952265591657,86.49037041404091,17469.08181915696,6.4339380744108965,1.1402677290015648,3.5771349206205123,159.45285357589407,2
50.931246933759695,2.4540154961899328,7.4838943000068,2035.2665665783127,54.585694183711226,8703.588312890246,-1.052318623989515,0.16174182593710756,0.36817342277842596,80.660337439556,0
56.60292543890533,2.9904904647615225,10.019120321933743,2067.579022117444,57.650100649985944,11642.589771401377,13.69062430297233,2.316396968060655,2.9885795116078544,96.03193372970298,1
49.26343964733629,2.6360905876352474,7.724870808674167,1940.279624107148,56.00624882953976,8616.779861945068,0.23725168711978925,-0.05563373101958883,0.10554889299588067,75.32474875244833,0
58.13319097429193,3.2174966751186,8.413735355814506,2030.127854873601,61.16115614279181,13918.75166934221,10.220194397275247,1.368362607350043,2.191332178525551,96.36926283364286,1
55.619572199198025,2.6557069332296583,8.140275477295415,2090.117027888264,55.198931338401785,5413.841956997213,2.423823036668818,1.196737135757064,2.3567713503134007,86.07511059851487,1
42.16822099153195,2.448096192835448,7.705155796555359,1926.4538834808427,35.55039861542054,1152.592290260368,0.4648587430891844,-0.03695874899851625,-0.34922687687358206,8.8730951242094,0
55.18674265270194,3.1428296046033695,8.965523592395158,2092.370754568628,54.31771075350021,13302.846063624796,6.219801394635456,1.5476459966577383,2.8886673266726133,88.42744947027111,1
52.59401891277491,2.5866304701234375,7.752965354476194,2062.050989429138,41.517462188149395,2855.10448739559,-0.0934774883242101,-0.4366277955017118,-0.31184302848662476,45.27542612795397,0
52.29711831339156,1.9186506041321296,7.80947494106045,2127.998895292722,59.55103524830058,7372.487887567366,-1.0165944618827407,-0.03918078086392965,-0.6899581978792161,61.70964614608364,0
49.93393847487617,2.524438308460714,7.90820765651508,2116.980207632821,35.71313116867064,555.4362337257057,-1.3531209980041234,0.13454225208172874,-0.14323581816882508,49.22429022050497,0
44.72223717118294,2.7601176026114747,7.974304911001538,1978.1686884206733,34.236253446991114,6191.600246627044,-0.4158592780756997,0.021517528814984588,-0.20356640810142965,17.08649239652531,0
46.8506924921684,2.1974094608942836,7.972382377389162,1907.348673376224,35.73193372057301,1348.4636251872384,1.0978965367333255,-0.3988775149882349,0.3097577829161828,67.41677602644032,0
59.387501588646025,3.3275825924965,9.397903908777957,2016.6817124021998,57.309674794967236,14357.258490584141,13.973447025089397,0.6260425140754231,1.1057960048714062,110.32353738725524,1
47.32905226204157,2.3025411826835023,7.714198761678492,2083.6365158146677,37.607125420959704,2214.897250201424,1.5163288053555957,-0.06440177137075641,-0.26706951814771895,27.860854688382965,0
51.41638702148624,2.0589137868993563,7.799258802967978,1995.1340351153822,46.108051449278555,9195.252795191449,-1.0138624340598628,-0.23678830812543322,0.0503966002369968,37.32401062011885,0
61.163639258695305,4.005453092716149,9.13791623308498,1991.1151880300656,64.5100524656805,10217.88817137344,8.767797618438754,0.6842745466806095,2.2926806686586207,111.76306037837915,1
69.74959154579967,4.173889334709338,11.54733441479333,2091.5147767332824,75.55482730217238,14652.618691653131,14.480422988565952,1.064212733363052,3.0387280516514776,165.21193500161834,1
48.142930021326265,2.3263027324433057,8.429185229707699,1978.900131163329,54.33261464092858,6736.333548384608,-0.3713611070651593,-0.3623133663627792,-0.43567306378749265,40.36467877515093,0
63.89669238800113,3.666460278602579,10.22263191359925,2058.927375146589,68.72660215894854,11597.02939560257,10.482842122724408,0.9086698452656928,1.3950631437074228,135.9876055225959,1
53.11602653928937,2.440207758319894,8.319930867287257,2026.7367328018777,68.89174336489333,3872.618122731889,0.20385340872555377,-0.2300899573264068,0.14619767627571764,35.88004990271932,0
52.61699632821011,2.1779693518501806,8.432638053088166,1953.760024720454,69.83455501722807,7970.839554491036,0.7186219599626317,-0.056746285905182506,-0.13251021171928326,72.8490107495343,0
73.0569748640178,3.8656345077206087,11.416772784191465,2093.702592920335,70.94535295662752,11112.493728337267,6.221362966900853,1.0423329504560486,0.7972211865812495,166.8895604114097,1
69.6667944625473,3.7155719381236896,10.376122340970529,2228.685157087886,75.91101712334881,8627.551612011766,3.6251406611679675,0.8600508951292489,3.6180016507769945,159.38769309844116,1
96.71662183347199,4.674127513234281,12.742989010035295,2023.4136107685279,87.48041973974425,15143.83454939474,10.971707523179598,1.4823432625695165,3.5789779384141864,168.00220327572725,2
63.673073872374324,3.7937435688084316,17.662877819737375,1825.253987042699,87.36875481963051,14839.847834464917,4.189383388466833,2.1592854136286723,2.002843988329367,177.21962711176977,2
68.57348882565846,4.485885561350632,10.32330282038075,2074.611396357276,71.56367964161802,9669.221775637152,8.10421128191593,1.4475554886656743,3.751748201945987,150.04391703144012,1
50.34955640352137,2.486154441327352,7.918791007405275,2012.064848428077,58.23730156664254,5530.731073672155,1.7818603035509775,0.060199372020637625,-0.1486036760640193,41.49225478230501,0
59.26921907537116,3.5670473210145213,9.66426380796216,1989.4961090550032,59.292019044945235,6485.874276214022,7.496703717568972,2.9105556952181955,1.9400070173549548,106.1521306014196,1
49.19788446760539,2.490876889470768,8.2577396829825,2001.9630484515264,36.26325504715855,1863.0961750245024,0.20146254384354342,0.08360979368427726,-0.09894080345863139,28.446118218115867,0
54.35915329591178,2.394388799393427,9.010658071285054,2036.995732236751,43.07280528800837,1613.95917744793,-1.2626428850405527,0.12749127998602935,0.39735437912655325,42.83212320778213,0
46.8184351499546,2.2269063444571957,8.293599344911778,1974.3896555363574,53.2744140273865,7091.571657014642,-0.7192233159883686,-0.1129292699084139,-0.15753186413327674,49.14159287426417,0
66.00699156466287,4.5962026857315434,10.775983463510226,1992.7818973932003,75.24103618407142,8478.278037861146,2.44530945714632,1.1857009405628298,3.9648096352650315,159.53839989509441,1
68.95134845055291,4.806643038866376,10.757292130256266,1991.3304638808886,73.05278919233052,13706.32348731992,5.492775596243695,0.8030671733505739,2.455913111441861,161.0769346979415,1
45.615736892083206,2.704608417289239,7.738799642322854,1930.2984599146,53.72767030231783,5453.17672949313,0.43732050883858337,-0.05708416725549384,-0.2880205034451209,55.23669224210237,0
50.27637983700771,2.5628768536753945,8.607350059152692,2095.3640085625716,37.18157008798371,4326.4782462810435,0.3849743754339873,-0.026761355222996733,-0.05342586828319545,17.778530913430316,0
71.00225356945194,6.810968779569052,11.296746091973304,2025.3598069812163,97.7401556263065,13427.77009716173,11.547814611382945,1.7525514300390628,2.6152651623642167,190.51312935976918,2
50.59797858831548,2.079099679891738,6.966020356323622,1943.749046670968,56.90268780378492,6905.066320111359,-0.12865248500536386,-0.07245459669852275,-0.2568290989863604,46.25221361286985,0
48.83476627703367,2.5668148187802893,8.714759829262997,1984.8453640154137,66.93904151273534,5993.003890163725,0.5541429265127488,-0.1228847048895684,0.02891313693421076,60.95079640338106,0
62.92529823597832,3.2893779659216618,9.7067742772621,2085.287756866425,64.9730235955136,6716.35017415373,4.755468173353656,1.8300867170834751,1.1179396728499418,110.37272255330058,1
60.553108203358214,3.604716578233851,8.83905408907338,2027.189267948282,62.71750694792391,14927.870182635865,10.093681673252803,0.5894367267850196,0.560528915184789,106.2487866855229,1
51.585538642417845,2.3459208848693973,7.762008237837389,2033.9963918267658,43.025791077995706,2362.4696771511467,0.005836832034040919,0.17994407460590683,-0.29063242152270263,85.79397979192767,0
63.187010948812855,3.1497525874076855,8.909951235646663,2094.676076535908,59.43888128418599,8685.766938381377,7.39756930884482,2.071710833561512,3.700850672729023,114.72698390495626,1
47.81918420728392,2.31748050607066,6.600275586281757,2004.5683879553326,59.16150495280753,2424.1591254486384,0.9412627229597609,0.04634420004283831,0.07291398889609475,53.271782287325514,0
50.98122565415992,2.5463945629709874,8.247261246024387,1943.473977198352,59.8583903688711,9276.142351480565,0.23167268419506085,0.014469043463836357,-0.38196383217401925,23.644004957820528,0
52.71841675427413,2.750302066347132,7.609655861446272,2062.2051258078363,50.891578932446876,3599.7351817666945,0.039933046556253286,-0.06189421493988796,0.005810198246194004,61.65461116655127,0
61.21982789625109,3.9668408198485716,16.12798018091103,1705.3297458220213,83.26795962919704,12303.747180818296,11.748393909773476,2.8659546187201346,1.8223639934571676,157.60989076127186,2
63.42897771086872,3.977770577543354,15.588409102945713,1784.845815867944,89.65522937700607,9059.389983018997,4.625231238655774,0.8866882578197817,2.185907190315383,172.71741829394875,2
51.93220562898487,3.2282120153139053,8.539542885673594,2002.347108272488,38.22153882781946,407.73274341371456,-1.1727683201250934,0.2609548668086818,0.28120379342871,19.40615125996691,0
48.44097656538909,1.7265121449578409,8.222429110299162,1998.0869358767923,31.820169511611844,9509.681864523993,1.346673001401146,0.07462447941820187,-0.44360207889308917,5.4064671854003805,0
83.78966417966612,6.932028682845559,13.765160759842747,1969.8524414273752,91.68155640727707,11523.345980776998,9.902816318890233,1.4331373975411885,2.270241550420173,195.3170523331356,2
68.32215279612903,4.862896568858824,9.783476889151379,2075.7661692315237,68.99307580454574,13923.703706508622,5.203645650317522,0.6598947420478489,2.380212203068791,166.06444407269186,1
62.19723683467823,3.748506372318064,10.903924763472812,1962.744588292407,63.658553986604346,14391.958616345015,11.431573906192897,2.8133570269252828,1.2700349232169015,116.59715500607473,1
49.999496647106895,2.265347467083041,7.815197469382263,2039.9080127628738,35.13128427797326,684.4625492905299,-1.2268845934519599,-0.038342425898952426,0.31635481289740935,39.85649929194382,0
50.145168185696875,3.238395818092317,7.618067303504586,2024.2747247669415,66.81764145934474,6436.327975500353,-0.606069191990721,-0.07369303418683898,0.1221767344642462,39.90661487191211,0
45.39187720848631,2.1711650384207717,8.385025890370349,2127.476796724303,62.65792168306286,7493.351797943753,-0.7612645272141174,-0.03636996741182122,-0.1859503491682713,60.04685456887448,0
50.78963969108579,2.8464180159205608,7.9806006427791925,2049.299963346814,67.05924402845612,3539.717479788638,-0.9480883863777968,0.21392188249131086,-0.20281248123092627,59.18574195374723,0
51.51790526154479,2.53944552055821,8.369323197523508,1913.3106461728066,68.14413471003178,6504.833499946875,-0.9885792578546316,0.1066031871931634,-0.6891541428642441,47.44549318012423,0
49.45061041616198,2.9205260326912104,8.39550435488661,2004.1755274950485,52.89418048110498,696.363159750606,2.1312274760986716,0.29753972077091523,-0.04508857818034001,20.361059738546444,0
45.80589634623216,2.7143866602514115,7.255103597499706,2023.506883844815,47.857810888156266,1227.05699337307,-0.0626035240413795,-0.03229048695356249,-0.19399490576965325,18.67253312917618,0
83.61618789897784,7.813364210783285,12.975157035296021,2122.0070901613985,88.02627458534477,12912.115565947337,10.60049762746276,2.0842743585577774,1.8392440427295003,178.50031826466477,2
67.11480292422156,4.089065091669827,10.89397034626664,2202.1802717454834,72.16223019950657,10166.76392605342,14.894369080870042,0.6365538412225955,2.2186568762033207,153.2373466010793,1
48.88082399700826,2.1744575370513,7.923458133495172,2020.866465083022,55.58990848150718,5337.533205937861,0.46446746972355973,0.23002736073592323,0.01982827388969277,83.5611120090519,0
87.4300449643791,7.208985669212707,14.41485263111618,1698.164059070447,96.55718722596852,9979.359929098258,8.81504249248275,1.173024797785995,3.4021852269792037,195.88007925606806,2
51.54243687107152,2.094189830204134,7.961719563191321,1954.1730078771488,47.448291859294784,8525.230068217636,1.4731181322968416,0.2644554792366407,0.09219874988441232,92.85415262964837,0
60.20050675768975,3.535659139279507,9.487250078466404,1939.306637290659,60.03244680733742,11309.104308617447,4.746311500537563,0.969691347352865,2.1493294748012945,114.41993345487444,1
89.65998888353595,5.09025765064718,12.084004174484946,1851.821288955164,86.5050931698172,19405.306809081238,9.554922894652385,2.536921703367562,1.9809136914170564,176.07374693203855,2
68.44718022872485,6.601537639210999,11.438338471780884,2124.4075752512276,90.6269528227931,10739.725107502138,6.696402477915133,0.5549264270062686,3.8381928867448947,176.7493199698514,2
48.64403133117029,2.6096100811405796,8.164919417031566,2014.3034281284176,58.619085147507164,9032.083249834055,-0.08967265899701021,-0.2537894469276533,0.40715604024012053,83.89251217020578,0
82.46356022455933,6.035742535071663,14.668738764222107,1872.3772692339799,92.83125867211872,14137.314007011475,9.347942955220798,0.5148337418651412,1.2542540454181792,164.70611155877984,2
48.201051465647204,2.629221980194555,8.174913956340044,2045.0387565895278,39.176747060628536,1577.2031708324973,0.7921373991454693,0.05044260067257268,-0.27186543785780837,76.13108135469001,0
51.94423403364052,2.922971396580676,8.943843289504022,1938.6966236776782,43.66464249869339,288.6483945803076,0.6755187365822855,-0.032925819505637534,-0.2146180713717522,54.34352745169784,0
65.29264360834789,4.196330117037099,15.11208313517322,1782.7721077130714,91.05088824508766,14922.930894780551,3.6386839163812894,1.0871467324965014,1.6939280945001003,167.09936822036815,2
48.840919619024376,2.704900439360364,7.53531510037032,1966.833158130528,49.015894874555315,5142.419679223724,0.4802605927875318,-0.25808332255507954,-0.24157564169966153,78.46723475260994,0
45.774197705021706,2.503195055001917,8.418111017811443,2031.9021936248348,55.951724623486705,3238.9602777105133,-0.0813487119111878,0.15554554647250418,-0.18152326725894652,19.125246253597446,0
65.19772808571612,4.068445863331408,11.173279848639297,2088.346805722185,68.0597057774607,13030.193822993664,8.195893359337294,2.498781259905229,2.2693940242065183,156.13386070933242,1
51.814828181508624,2.5891230119504733,7.786681947723272,1902.3140664219468,39.1760250678609,1834.0946361735078,-0.6591910006946118,0.12239273088151892,-0.10002691302024479,77.63350211138189,0
83.61159328474007,7.197301231373937,15.259914995805897,1916.5230228529083,85.09153891110576,17535.94585152754,4.378653984393303,2.520296887463303,2.6420032814490386,163.880363818608,2
55.938153414242905,2.4130167800899964,7.479397431436356,2095.7821010329694,65.97466115683707,5192.634144878443,-0.7289658219887498,0.001954113470648283,0.4201663159502406,52.615449378883945,0
45.18558706730581,2.550820922473621,8.190168325157941,2076.7560869906324,64.23903441580575,8945.58002877383,1.3101948560543004,0.17291695835035423,-0.6488037031543589,68.4210625609585,0
65.16388510001897,4.129400762474875,10.396481311602557,1898.6905337837568,68.08480551254908,9984.418404349944,8.426085224650775,1.9711095691013079,1.7698701066496603,161.74597611385963,1
68.3732684023558,4.480766517792137,10.408551549910003,2180.875544863332,68.27947059457289,6434.186122362749,4.1806772798148355,0.6139313040345508,3.6575396602851904,159.03946792467826,1
52.62924609939392,2.660234340489181,8.156458994450587,2011.921992219417,68.69018490099808,4390.706147419395,0.20620920830783845,-0.09740417260690123,0.18291441859605295,55.610000458396655,0
49.416246010881,2.5101611648305733,7.763238309222901,1990.9177430546883,50.87491891059588,8174.476505069532,0.1352825085523179,-0.2894435558515917,-0.09277317228981889,45.173701925105426,0
50.47421869127373,2.271534047372137,9.09874186052729,2060.0983317259147,31.159477203750324,5733.7678800155845,0.504050337735262,0.15349518356283695,0.07635977693629155,29.697049272511286,0
56.139018061202776,3.1498557479709683,9.254771001802963,2104.235705191279,58.45643168142377,13063.95293334983,10.61247995869696,1.3193173917051775,1.8158638575647388,83.35080815770627,1
86.1657095066773,7.441589915591469,14.745670688078388,1867.3180550142354,83.80828772672267,16504.216625721143,6.526586768777586,0.7533387103314924,1.8533259488070135,155.77049386087228,2
72.90186443533749,6.623279215496453,11.635316288388573,2180.535460511062,91.99121556288497,16002.743250444108,10.714160855800161,2.7528280982154296,0.5558099025865879,199.1240242079888,2
84.76370802505458,7.870391716093147,16.015949391264595,1675.5651113170493,95.79157661320558,19852.59042493605,11.921423693516493,1.9344232639484098,3.1481339140829716,178.44509778267607,2
52.76951250373155,2.1117158014107646,8.555218234534841,1970.2940999718764,64.06123221149974,6231.732430313928,1.2000811889373437,-0.307169902932144,0.5365807509373638,78.35856455378081,0
66.8344771031768,3.9456327360614045,10.02101948904961,2125.8744369281544,76.02857865653091,7631.502596023292,8.105175448350748,2.693412614282671,0.7802228193107918,156.23523717845256,1
63.60272216373901,3.685745590571715,10.312002592239297,2086.073735365329,63.24756237399298,11204.679732142538,12.330834389605803,2.723976603417162,2.139074243937012,131.3907532077203,1
84.22105328347813,6.512896782860595,12.901921170659323,2111.3528706334823,87.94701218132487,8481.773240344884,4.167692392137176,1.6332116158441454,1.3651193915371216,177.85325327229026,2
50.12907345504538,2.820240355321206,7.826005225202208,1887.3733242608175,37.456674208407385,1201.9154144553868,-0.22492023093552171,-0.12549223329514034,0.06523172421775271,51.322822302980036,0
95.40787485789745,6.913004310324278,14.360239358309249,1725.2836760238456,93.01575142197653,15008.86291920524,7.831213128594165,1.058568291874173,1.5838457003155584,176.20504989066845,2
60.95842042990395,3.864406952444888,9.345717741745133,1967.6015829967835,60.30653083264553,5399.276588051713,12.736120471172876,1.7368087452572394,1.7132531132418507,100.1771628955459,1
49.070570638514006,2.6107612427473303,7.778671866560439,1973.795854542482,55.000901906078546,8109.3085562840915,-0.9847227774720781,-0.1019416601706184,0.15504511041704686,24.779553084237556,0
51.276318221794924,2.7917093261701913,7.943533338419044,2015.7891051839797,38.507125120387975,5619.752393137492,2.3534452192180813,0.1956116940757583,0.023699961825695906,45.51568898789632,0
48.32446446773098,2.769485140165112,7.8486783768218045,2064.0701605236222,33.86793542185349,9779.115625906943,2.3112878648193624,0.04261304419574438,-0.34168871477936763,78.27745545860016,0
71.22047419638261,3.9641087570665983,10.530548544425113,2123.386984660096,69.99075722027798,6087.958463809548,9.828710035226644,2.5023442395521402,2.637935298047268,158.32398188159155,1
53.7172196228959,2.5514614187549287,8.4358992657418,1974.1494879908105,61.38493135079952,217.4080783667487,0.2598783464820215,-0.31535285851588934,0.18891968389909322,57.202611789502626,0
61.84743127878492,3.3627138714483693,10.040889809080273,1972.521803013329,59.658311256203774,5910.5385030946445,5.264302908184948,1.2123245138127856,2.7652319707321853,114.23097541245852,1
50.28357364943624,2.724466365750773,6.590157061651886,1980.423030108351,52.66405387800764,224.46967161782294,0.02677173858233666,0.04561705896188115,0.026644399861301325,40.82404985710591,0
50.08874366808303,2.444223506164291,8.190532619851176,2018.256515616198,59.06800336738091,3527.450125170921,0.16203593917660122,0.2617493117932283,-0.1726915104606771,14.081406033919102,0
50.444689661567104,2.666094899206626,8.44659942358991,2058.4817446822703,56.70999938083923,172.60985497240088,1.319318518641633,0.02080928505431398,-0.5065928203705954,37.809190623303266,0
49.64450139948005,2.924169079969954,7.999343762181048,2111.2270296604684,55.25089026564636,1380.3091519663658,-0.985341312564031,-0.1711151109024069,-0.2538831176627032,94.19359949524103,0
43.226489634373856,2.470769237199633,8.86024826194514,2021.5977515244829,40.03891261919418,1570.836476289097,0.3371454144725298,-0.10214942698377305,0.14056793972458262,39.22049582966445,0
61.25006167765078,2.916669373395151,9.404688055656862,2111.9832063196536,57.41017737987761,8744.191769022967,4.695064752155638,2.8480175426625434,2.9404602123158163,108.9918928534677,1
49.461092895534776,2.4751969969420373,7.925030110116268,1951.3190794617676,67.27533127345703,1452.1168671467055,-1.0251595651505625,-0.21799120522748125,0.027449853137216863,61.65531061737083,0
54.390754727140845,2.252046851209705,7.36497317438078,1968.8637665260237,34.073493663991975,7289.330117180371,-0.5226916923419908,-0.016584664013246878,0.030242649239780827,57.365043250785554,0
50.791955463798345,2.128515793457936,8.613691094181478,1967.905581267915,51.832259424756664,4333.338755249413,-0.10254219853335657,0.08689412000547092,0.5016858736015276,29.947571012472984,0
62.52420350966829,4.377519537040047,9.598336138201107,2050.059434260063,69.07433474243905,7214.519404267095,2.016338340119545,2.834405299516878,1.5710533442509385,136.35934917726905,1
47.36310375907267,2.139419220514049,7.6165174414249,1997.7334170705778,32.10692624821804,2929.107655380726,-0.6665431106342641,-0.07120666153261825,-0.47567576451718874,36.02026457765695,0
48.45253670397648,2.366510614952233,9.06384283006191,2038.478562422522,68.30170229788291,3773.4845663981255,0.9207160381226757,0.05755388991298724,-0.31016676030693646,47.25980890765383,0
47.55181704148698,2.735437196291026,7.225955987319625,1983.3384801420734,40.51159889421677,2405.378933050503,0.44160085983323455,-0.07905855537209014,0.06991022347962267,25.159855681206285,0
50.38175544460681,2.6661027465215503,7.89461267485245,2041.60423124753,62.426882270496456,8536.544794493111,-0.5506879398023683,0.05491267973195019,0.1056863647414966,38.04821172188743,0
45.01034509685802,2.5523952753693404,7.797072790161643,1976.1155072554955,46.01108029657921,7401.432067609529,0.8528265125179753,-0.2108167506392015,0.30585403141586454,49.55096543631514,0
47.287118480195964,2.466945610823115,8.043910557426896,1894.7957811494884,59.309608573431696,1980.7712005863177,0.5826674332206054,-0.249675074914778,-0.10828854801829728,2.6077200850456705,0
65.09349338903237,4.129045589533931,10.261283938273941,2136.7784896275557,60.631597675700085,8421.729826868403,14.86111038561973,0.991275722019797,2.5535517744514102,124.91749709580728,1
62.41531817879656,3.8167113712883545,9.652938755405469,2017.729966860999,71.16668225627217,12150.318415582864,11.741981006678209,1.5899231650009453,0.8848768984609716,132.79027046726185,1
49.718130319714774,1.9876941876589465,6.820643075822111,1930.8942381028444,49.83909866770964,9870.230819814751,0.8691051213945836,-0.30407420647087613,-0.06121895882377828,18.163558955385316,0
45.03990529281462,2.6228312662964917,7.837123000469134,1954.116292119526,49.087104364448116,4324.800004219273,0.6647416792362421,0.31001181072429107,-0.06577728027919402,47.99836164217533,0
59.80658885731675,3.796909304290393,9.77016961373995,2049.825768763662,63.857012786566386,9134.889133975048,9.376190494217257,1.8586129713547315,2.54687012828677,111.72744140105796,1
47.620057877249074,2.633098485872031,8.146111614262992,1979.300677643754,64.63863814003281,9447.367902839263,-0.2286197935087975,0.4181536320183842,-0.040593668528491604,5.948466858804281,0
53.91939708881138,2.227393932797466,7.645355215013631,1957.5241584378934,59.97313022831395,1778.3593582722078,0.7871971805047373,0.2938401360253841,-0.30153882046935915,63.67879041321789,0
62.08467339632324,3.2934909640783547,10.09261099935317,2274.554909743399,68.15305977817233,6809.795776059951,9.02922941391056,1.625698707161352,2.113571729048994,133.6738955923931,1
50.29660726739551,2.5355108638395087,8.709644725066363,2042.4730661995286,31.712105442724265,7439.917193796687,-2.000576078362866,-0.03037390775898532,-0.20912677775341373,23.298953601169412,0
57.587207609033456,3.4848805335283393,8.672530085330871,2005.7635205482884,53.97876191085176,8355.143460793206,3.824445645334596,1.169275741188187,0.6853453015796358,90.31917468721316,1
51.28127738228671,2.322967478160178,8.323370289348844,1969.4157709746357,37.595279449034706,7213.665637012986,0.8853625426112812,-0.3556049931682117,-0.0017538915149545647,38.65698019736762,0
46.54763756807557,2.486831524906959,7.5192335492353575,1992.2323940270462,38.79806070937183,5950.789355038547,-0.043528549976355434,0.08166191794070335,0.12122151529471374,88.36764821008022,0
49.32934421060997,2.785966410675183,8.288274930726331,2116.7389760145616,45.15529518204939,3878.1654261093113,-1.1178796213925843,0.03455582180410102,-0.3010206940001992,7.331162808548996,0
84.32421494350596,7.1560500483314025,13.800759855129686,1918.130692983024,85.95182707351215,13779.068661294532,7.280236167849318,2.015443264454419,2.035967333989774,170.8154646178573,2
86.17888765361448,9.016446814034863,12.443166982229672,1855.981249001082,94.31880499387266,16234.34935622668,7.864818693513649,1.5483416434968418,0.7540637510919153,179.06328719360798,2
42.521929335997996,2.761881703157657,8.10222834402555,2070.950691107879,67.46824173528901,1961.4079886099855,0.02916743964418905,0.44819681052883625,-0.28290910367791344,42.65721727776644,0
47.4576490489979,2.939463974387139,7.958467206408367,2010.988716507241,69.34094886991852,2054.2325659526273,-0.3073649645717757,-0.13026811987109257,0.017252021823542806,70.29450881280792,0
48.09825246033018,2.200236470622154,7.134506943443195,2046.5566113543853,59.88216328357309,6162.935561852966,0.0027750498320230983,0.21571034926393828,-0.2831003444937525,11.837752167013832,0
54.82623172817561,3.0711712523265593,9.192954800058823,2105.575291406184,58.944592651452105,10192.492375848866,12.657310874217263,2.7009468129654355,3.474092548508813,87.97726105037833,1
60.84467936522374,3.806041793845457,8.309912920977949,2208.0766831954593,55.18054009600294,6021.632339062219,13.729660415728103,2.0754660978029964,1.4181102507430223,96.44417662069554,1
45.68354256064781,3.0110956548776255,7.65596333265933,1995.4053405638372,35.54956748438979,3933.504265636626,-0.1989548068558858,0.01758000207086743,0.3746333750478412,28.818013274110022,0
57.94409245076455,3.3044745748081024,8.770993075254015,2082.56334948836,60.763004944196766,11432.739938102959,7.288677317204943,1.732538654252344,2.9290997086114734,97.1198633685782,1
98.22030957216063,4.627987584409624,12.48100030918031,2002.7177716438807,89.27193021487602,16567.312534488534,12.303684822555075,1.7352510393960987,3.4994433199898154,168.2887793798464,2
47.26615982929113,2.4384122435114457,8.742217019220114,1966.1830142118226,66.85145646720429,2516.7940386031028,-0.9891545179929867,-0.08276202372437942,0.03379100454769211,50.93363468323923,0
62.54397820609157,3.9589953507595865,10.618107826227327,2176.076512722698,68.72214522867495,13988.110930274215,12.191490231793233,2.4522881303863153,3.745143191077717,135.53688770056038,1
83.23246947388013,7.357674375709987,12.996534830454701,1986.2101594066048,95.2916844049619,18237.24049916031,11.526217640737126,2.0378304620333774,3.537273591631034,181.1577229382477,2
48.891003956072474,2.665453371955066,7.996191832960557,2057.752983385942,53.79720949603301,8406.006225041452,-0.07961143935964222,-0.05464948949452913,0.1441099572362329,59.66053318115044,0
55.989794617782586,3.3891025860728754,8.86102313338887,2080.3943140643305,61.424063478380305,9550.016185279725,14.82142503918604,1.9497345768732024,2.7140277747710018,95.22943101255422,1
49.88619591311713,3.021851378961419,8.024121844042112,1989.2936540865594,63.21838361717446,2368.0177006045064,0.5207567733814612,-0.266806925763702,-0.1706671228869824,64.44968487132135,0
63.84963521563244,6.49000736794498,12.421394078274014,2395.0426868346926,95.79628575125281,18487.99310645473,11.701980203338922,1.7421934792169889,2.1165256065005935,196.7324310506697,2
61.15279696003724,3.674619433772,9.870673215422858,1951.0885644973143,67.42924771006905,7787.270067271242,8.794364630704937,1.3624052118980805,0.8668139633885616,121.01356559782678,1
66.52942970694191,4.050039916219912,16.3581721995943,1551.6458074307443,94.63781919284719,19863.6300618714,2.954778112069901,1.5013864949545805,0.6507833950207369,193.4603241612636,2
49.20409200544684,2.5881524938551497,8.058946447200215,2056.0884541341925,65.12826696907374,1517.0364465152043,0.7630106599178903,0.2212930108730199,0.4060225536785859,53.741711502641806,0
70.80922910022588,3.789113359095892,10.747131974057602,2108.0168622856518,71.64425820910805,14607.41821728669,8.156823419430898,1.1320736129888507,1.7287668356013337,158.93422321469748,1
90.37648328810043,7.737281825957815,15.941814574747466,2081.565635408648,92.48120606218308,11454.66715255811,13.778252925094346,1.3995800802313967,0.7205538674248366,197.96973674453977,2
57.98923407718611,3.5378054814014104,9.248286708312397,2052.4334272581345,54.36785452613513,8810.706764344222,12.069283248889635,1.5433536831658143,3.9032791967299243,91.23359021376584,1
56.08646611807902,2.8268803925567627,8.892367516636458,2087.914527003979,54.16949582988357,8513.155452531755,6.457561284748728,1.3166952595237806,1.3501838513757742,81.3949925021289,1
66.619787222521,4.176385642362559,11.21012997478278,2134.7420249483403,76.51566604977032,6655.197356049096,3.87526708351569,1.8535734857624917,2.6505177919228333,161.03647867085607,1
46.36737790064699,2.6124798605343047,9.060416497667017,1986.325788334752,47.308257969948144,6794.473358165978,-1.9748950310693996,-0.11585559458923865,-0.2273115004117819,16.59643615167547,0
52.76926187735039,2.6352311251558795,7.791842371327986,1993.3342096740946,69.4710238954223,2636.9825545106696,-0.3190629197847001,-0.18293074706514598,-0.26638888098048646,70.55767782866819,0
47.10157391363049,2.4359706804405277,8.604559904975298,1954.3729991289713,54.48015589325783,1197.78379883561,0.4328864946404487,-0.2071195949559852,-0.15656872128247218,71.73321655701965,0
48.43450837553556,2.226648981992547,8.612319365607588,1980.8260990538056,58.33491984090905,8287.44265728477,-0.862306936163681,-0.1173916419952569,0.38814530724441776,34.49034702631173,0
44.44187139540416,3.0277013854038666,7.698038703128142,1983.257463519441,55.26147638970642,2423.97876251889,0.5292100439110343,-0.05910325865110366,-0.7004017344947127,35.76889011941006,0
68.55180401102575,4.237236396701932,10.193763038304438,2158.7115566276557,75.09712556512484,14714.770702702739,14.264555761253682,1.1649563484498546,1.292183974531201,161.86524171946212,1
85.34941299814723,7.162086694486746,15.381103850614581,2019.7515072257588,95.02045768103191,17763.338184153403,14.661010425533531,1.5206295104128384,1.65908013977712,175.63828193441594,2
56.08944039415001,2.29843887864247,7.70705700358104,2039.7329138759594,50.543651054771615,6620.095646140466,-1.7095612249690877,0.0780764128194672,-0.15748456295310986,59.523237598118506,0
84.80374799752195,8.779988090300108,12.399040580131713,1650.8347739858646,91.98315305428484,8643.825968116289,7.58032636974588,2.4705127776790783,3.0034874596451195,197.8668537074665,2
68.69602791237752,8.483093292372944,11.58922776369849,2125.970813756952,84.84901554300609,13622.194732443812,12.51681020872545,2.8070624114959286,1.329202916383482,155.431220947092,2
49.967359719481045,2.1289472232629545,8.487706865964439,2019.0084416307998,69.93180696727626,1826.6599470537826,0.6783052540546589,0.06805848197562053,0.564244113082745,70.4479955846161,0
47.08273902220705,2.9882328859494858,7.522580951598238,1997.188980057292,30.312336007215265,551.5112413894685,-0.19290492602284895,-0.2733608790224968,0.20945810996398692,64.99068764528782,0
70.0625969229647,4.30776782763567,10.66082010995465,2171.6293766211475,68.46409515536928,11163.80026148834,5.3386491554734805,1.8278814149213827,3.7963117586034194,162.93868488770968,1
49.46177481900542,2.713272042933965,8.406610236083896,2013.7657778373386,53.51949246436554,6148.986770271042,0.627332644214215,0.07102554492072335,-0.07691118106785319,37.056745565168804,0
49.49036882294546,2.608515493000819,8.47236752667248,1945.2265022472322,47.04144650958247,5168.703516517602,-0.7394937530221861,0.17205548492506753,-0.3573631874161561,27.92833778989584,0
53.687662753333434,3.082132151292433,8.730818362025719,2095.2749732760335,57.37752905799622,5293.17608778786,2.75743607603368,2.1876370768336653,3.183696907994662,85.50903562900814,1
66.68287574034163,3.913123200567478,10.788060490482549,2087.9951497225297,71.43343453029308,13055.734528147534,14.884146016581006,0.8368897785167113,3.878033933515635,146.33167728120742,1
68.9756180915428,4.791336344696065,10.234824707642224,2167.6519879787666,74.8812720671295,6152.925720557787,6.134405393124008,0.5779058830012582,1.449630666761321,153.19278416105186,1
49.964600982270035,2.3061907501531587,7.5933839801899605,1996.979763121111,40.47402125633657,9533.22160466356,-0.3332489823210778,-0.13306054448589166,-0.2857848148245394,78.50298584950899,0
51.41428848667052,2.233649365351444,7.641996695326568,2028.2373677578446,31.799738544797687,809.411343090185,-0.8827301165213008,0.07606751828935315,-0.3619875230691621,49.577514997217826,0
49.388890751982785,2.263597039600774,7.152059452127805,2062.5926627391223,58.20326523341341,7414.517680393581,0.37841925848826885,0.03407251351751692,-0.20810561675902184,38.26347392919417,0
63.55364833955788,3.8934447667512773,10.593865600263404,2062.9686475557237,65.05356306094393,14675.991933202504,6.637836829570025,0.8496362562945445,1.8944119522449847,133.5389308490765,1
50.26253978182747,3.1967697638284083,7.785315460955789,2001.6563092356193,40.144806765359576,3106.96657939172,-0.3100917164852351,0.12595864291735479,-0.07012602600363835,42.518454832058325,0
55.353803166241605,2.739925781700364,8.749092562177033,2056.2449844819257,40.59094658509105,4081.2513420793707,-0.46014317069683713,0.0183663638023226,0.343302935537795,48.90790704643051,0
45.81279348179357,2.573496314551753,7.717692272252002,2058.882080909261,68.26350213918178,9937.148082595793,0.4209344221242874,-0.03154932160508302,-0.21543509072802783,103.15843786370263,0
51.47940221196691,2.7048673323019026,8.931513923591888,2028.933922302512,35.50681057044026,2448.2481846232386,-0.5802581743615904,-0.12719535532038004,0.06472080558221725,58.411004894195294,0
69.402143972328,3.9903167131461146,11.523830838902876,2014.8620498294827,74.29986259827578,6287.6154367597355,5.448830782601378,2.798240538322263,3.811815151555845,151.45957797823544,1
45.68473949204368,2.250782721083853,8.374613367623466,1999.892369190439,35.99238509697822,4198.306385472202,-0.2496108123302298,0.13618938831339397,-0.1690419357436997,77.28126693716867,0
71.86880511096338,4.366487653580182,10.857231273502322,1831.6326485548548,71.69205791565979,8140.18763722365,8.402118094219059,1.0012964751607718,2.988931536542246,168.2902114961488,1
50.199471984202084,1.8899338636465026,7.626127984331675,2030.528213777115,31.263909192703334,8523.045263082839,-0.08141274691167123,0.1713656019188827,-0.1541246920693709,73.04074638929885,0
90.97123691885334,9.455033425415227,13.67022738125415,1787.9260412213644,95.55171287108331,19939.3998334633,8.075662900045948,2.3091984202320193,2.2328235749760466,192.11068478750227,2
50.40481859048975,1.7148660647706366,8.666967819943974,1964.3143768067198,64.97088106366067,8828.853066451842,0.3285631151875155,-0.04519630906881246,-0.38650542576121244,28.589837307291603,0
59.27536872509403,3.3004848551639103,9.06396675991198,2120.9846715375174,62.780124681504674,11601.194442631304,11.53856815244263,2.742826165777341,2.01397574743951,107.42267060776605,1
47.94841938996069,1.952346367304587,8.528521709582684,1965.2085026803863,56.834308133227815,7317.399735856052,0.5567179766334188,0.12257681435263675,-0.18459416462211228,87.1570030258133,0
82.50451560227587,7.80329926552459,14.372087882487975,1744.4419828364937,93.66686907527566,14813.133467572723,7.5855399884180255,2.5452813669364773,3.2804961526431144,180.60829380155332,2
55.876850680613536,2.928287528981764,8.996372819269391,2031.6716860409008,57.522354488042325,6774.461474687436,9.35132168334421,1.5976081511736324,0.9460506944954306,86.9329023338385,1
51.53965460206882,2.2759901841574024,7.985371331928647,2022.7750575545926,55.29473327658451,4309.755247668423,2.044914468782179,-0.10509066524769561,-0.3369978542414243,39.3998367580512,0
59.421123469232846,3.1961566217334094,9.722234722249052,1936.0949669979573,64.21875363234892,12995.57377199186,4.958306394158257,0.9173850142611137,0.5686119731332706,112.67929885485961,1
50.74620522221662,2.169086065757096,7.606052147161077,1988.7293451565654,45.99465852146376,2093.481159678516,-1.0730589191132758,0.2852398320638669,-0.12103071181075055,31.063518919707498,0
49.40552726407361,2.467637585377154,7.3376827427623015,1987.7835077993755,61.085742740901836,9264.922163672985,0.5806673203442391,0.14948726810795482,-0.14925803448786854,46.22321426808152,0
51.73675791975929,2.4797506053250538,8.397850456211781,2027.007985443507,41.09175587625904,6838.230274535032,-0.0641790403689981,0.22596059999831974,0.5031681228110951,39.28123506373361,0
49.95631974914247,2.5287618720581584,7.943424132844484,1934.6737054115242,39.408199723909256,5612.53820794501,-0.08524145584167903,0.01780995638079152,0.014789482697822225,24.03185682212335,0
58.43190567531684,3.1178768160861705,8.790223873685303,2086.589749228682,62.341105919521915,14506.437849446087,3.7819677549111472,1.7775726632717381,0.698946827385539,99.71714021007766,1
49.434046937228445,2.258167697973292,8.150689837456586,2062.6809386116897,38.90339348661723,401.10647095723095,-1.0808395204039583,0.03143483848881633,0.04169535256234654,7.109539499793087,0
93.94626974250016,5.113464711302855,11.81282009948752,1935.7971116436947,91.8169508902123,13036.339081995166,10.509494684263801,1.7601775096416832,3.045737309765858,158.68204971899226,2
47.32090849427444,2.083045880182824,7.949285553409922,2056.9693465258083,38.537973289784375,9346.053880772532,-0.47697938932273776,-0.1233073854256511,0.30750440883448654,64.10199473809475,0
47.42346716510312,2.1753525592516016,7.410654434101873,2017.601930647906,34.1697279553911,6788.640890855136,0.005085396128234085,0.30542647683102614,-0.2922180470754665,10.965147819791014,0
48.49108696728012,2.119663430721504,9.109080452722113,2043.202902680709,48.72735584115068,8101.266350119591,0.030467406804004168,0.3161454084797033,0.13011971820840565,62.244836028955525,0
67.52365252121405,4.159857627897468,11.225881861933654,2110.4634519429396,77.48066944415777,5631.30160324453,10.160842004400756,0.8615708453086186,2.263640194024039,166.07607014900753,1
45.68753811347849,2.8983971764551857,7.84438894068261,1965.3215745240987,36.757763658063396,9416.948315016594,-1.1457382830520515,-0.248397071989632,0.1309230716062124,70.07603779271065,0
68.03638797597293,4.241380765584313,10.07495790019184,2071.562678641618,64.62819745712068,14614.70884524749,8.94673757517193,1.4458840081547801,3.1671346218617624,137.24016235900646,1
47.76992221512315,2.6546546902045276,7.498327968126956,1994.4983287870145,54.131292778023536,3754.511200572125,1.0526493886477606,-0.09453687768739838,0.07855059617146112,50.76971056681854,0
53.548684816633774,2.036663527274934,8.260088210800136,1999.420510784059,67.99843603507566,9838.390085407746,0.5660574588320672,-0.09669678168076322,-0.24538118712794466,52.81017808571211,0
46.85554910065959,2.7097742866456183,8.758615512505123,1918.4523393353847,44.96422949266022,3749.4771723866393,0.7751445506114306,0.1717205913248998,-0.29290179577643105,94.11572705354796,0
62.998956506160894,3.3507572548529927,9.612083650980072,1982.0471563874496,63.078526071724056,6922.320045270639,7.8494744927919236,0.8929070574793749,2.4565228864506157,118.29124993709907,1
55.51159681035162,3.1687805109423297,9.289985864526106,1952.1011922129633,56.81132771684833,9993.955991710656,3.666014799320725,2.5143395546910208,2.659689861364735,85.61908556252098,1
53.5180927315552,2.3571946757203173,7.52759275487914,2008.2512631219356,44.911081831571465,2426.943984557346,1.2224021616505023,0.012435845962457526,-0.5638400891838499,14.060167054411977,0
70.82009517169114,6.175928365834541,10.418083832487506,1619.0056106550692,93.84883431500177,19935.947586467053,10.56777805644737,2.4851478289318383,0.5966562004179454,180.92834356282725,2
57.080299855695635,3.703748200083258,9.582675105473182,1939.046875049089,57.049958865336386,8993.308329271873,10.661053752075237,2.9191556895212103,1.9897870673546183,106.99782935914675,1
51.72416094754916,2.724072451585653,7.818470976020249,2022.8885321441303,46.1932878339934,9815.544377230375,0.4638792060453893,-0.18504088575913685,0.0002911202475958306,17.921215270185336,0
61.68973968655342,4.130391117308791,9.820812491723508,1968.3325091110844,67.22048079242704,13479.377577586285,7.981342889291411,1.9861921026460991,3.457115237392016,123.97274473002372,1
65.48297689669629,4.370738908944324,10.714507216510926,2047.6713841141382,64.7894251438309,13437.913444665008,12.637478386074676,2.965824136378349,1.4858864177685893,139.19515148250196,1
49.38024890651599,2.593894102866515,8.900525452078082,2020.8039930722607,40.87536981051542,9384.129454447588,-0.35736913571952855,0.026151613786477075,-0.08272867806588681,43.50298481740467,0
48.72934621340568,2.5713053284111305,8.342958727821362,1987.5444972558948,52.266707453480166,2654.965638385357,0.2670521551212874,0.09583459564461777,0.25694943667492864,65.55116981198584,0
51.25816741412402,2.6177277894398037,7.398661420532461,1915.815251602217,65.55026874156104,5247.292604295243,0.3285064108308565,0.19017717541451418,-0.12405592582754317,51.64991660391787,0
57.92321524908457,2.5186712177170927,8.707715427527075,2042.6923144913528,56.24933729174528,8485.767073958004,0.951104559834321,-0.2748168527192313,-0.008652574605808231,36.93036867548396,0
45.409234345664345,2.123758399695057,7.973148910617612,1964.613405677796,69.78517151966213,2989.360568364836,0.33895651447689823,0.33499060219485427,-0.1865134967734289,44.70461319720066,0
47.861645363813984,2.772741110864325,7.790467627593238,1955.8213328055222,53.36171808910761,7034.631642899991,-0.04015831239548863,-0.4882484112211638,-0.07062738736519192,49.5676662620868,0
54.589799474310084,3.072995987920494,8.399677558915121,2058.5919029023225,41.07227188464615,2556.436715589626,1.714164113902413,-0.05276810801152531,-0.5631195662672229,58.36825828829866,0
50.908330993049944,2.2726265103082754,9.05862166270463,2004.088982538302,59.77318587917838,6527.32394453709,6.729754816323908,0.7510738915772198,3.4701306489371886,84.02532346187917,1
44.36337684951728,2.3057940776462,8.544880848712426,1958.1430481069974,59.90264936719292,5177.881704805694,0.15839100767051378,0.42810057420002523,0.4199677719335327,36.96671982029942,0
78.10420355048632,6.864060034012423,12.759784040927137,2122.6900847931774,85.32940027457519,19478.10495481694,12.099452944858,2.467673756809829,2.683026892477142,156.33687374060383,2
67.33352776312672,4.169141874803213,10.970455272273494,1865.3359132969115,65.89231785638395,10401.074389217909,9.945687774156514,2.99425385452131,3.9131734387503427,148.32462330470432,1
69.15915528656586,6.138907034841225,12.172178491588555,1873.0041978973993,86.31816047302866,17153.177733453937,7.716472289625952,2.6388737260888204,3.086258009951513,170.67746270459259,2
49.15955530512889,2.6565346115962893,8.469522184634727,1956.0253595285026,66.889988050015,287.70817119452954,0.4219462849837819,0.1114369631735584,-0.4642433478612568,56.46118593360498,0
63.42748399677806,3.801247517347999,8.850575078748209,2079.438720665182,66.72972941903977,7651.872397711779,13.589744609383644,0.6785691168323394,3.4241402438799065,120.17146979443635,1
49.5202479272767,2.3442742179939393,7.781691044701976,1981.4890069400853,44.11813326219111,3370.8684088107375,-0.335483684779733,0.3110273356101628,0.21433896000327804,66.08009587643677,0
48.70822408401792,2.641554035909082,8.247016715368122,1966.6713048560355,39.79188248621182,27.943838203846603,0.22225905339815927,0.14895732594488523,0.5102845072796894,41.70199520358832,0
53.68490199123223,2.6873061549514867,8.810286043115843,1990.188254569363,67.07641591514277,7439.939006792845,0.5901203692210223,-0.3637933355416273,-0.03184095741075877,67.1647209697596,0
62.23878331082215,3.8526285999909793,10.692733518015173,2057.5044478892905,60.64682700857386,14069.10431829586,9.676960715866333,2.345651701872603,0.6098289080589854,121.89632526159853,1
51.75524232669239,2.2332516510516767,8.553230101407241,1969.6804655263622,61.59906320247202,9526.018617431619,-0.18638426467569746,0.2518396894672036,-0.11002238192381118,56.95578959216437,0
53.91068567727115,2.4333259683784734,7.637082649992971,2037.5212196418615,36.06761796277124,3892.6346298177004,-0.8673671270789272,0.018104513092687718,-0.32169424949620157,48.2882509127557,0
48.185072729883665,2.2707457504979605,8.431641812832813,1933.5206291717273,32.19927502491525,808.0905990536413,0.2666816777961678,-0.04462488756380103,0.4188787479414403,65.58939969159647,0
58.1628542703062,2.374016089529378,7.1164090143262255,1912.9210786967822,36.444915868633345,2574.4898784259085,0.005138760756972681,0.10165703551660346,-0.38582392627456435,46.56953093842773,0
59.134517343787046,3.462122447140273,9.920395268855208,1992.0895819997725,62.406302661106835,12078.652030027723,11.405790637738981,1.330267528844491,2.841922392483663,121.38609665260232,1
48.642290546204116,2.314497984824905,7.746078121569999,1943.9726862110272,30.366999766116436,7621.209753744086,0.9070644425600894,0.02721340096271125,0.26728888912569637,73.52695917926974,0
53.9584035318658,2.628939846859029,7.744413516030397,2002.0935025133442,46.13722475130221,9663.118582194857,-0.921280639493207,0.21274771323261749,0.5634858446935282,78.5310963703634,0
50.626077750630614,2.111650875233006,7.3734430399756,1980.342421051168,60.906749394566795,4889.948806787626,-0.8779797444763586,-0.0986275853188473,0.47745024881959464,71.28175122529318,0
59.96911640725657,3.3891572694444507,8.742092200029107,1993.5515152830887,62.68666764540426,6768.829401594514,5.298733365133595,0.7516109857799063,1.4375601062613423,99.82586242598325,1
57.78528936023698,2.620837486566628,8.736006529403264,1944.2197452548514,47.27126943404123,7613.13774539245,0.5302746130755317,0.19835004722843164,0.4532831042288584,49.07241849471163,0
48.2764013379487,2.714978095653743,8.949090387616156,1957.6013242997267,36.35468691583617,7372.464883638775,0.42966257750315245,0.3787977036060697,-0.2800257392385166,53.12016024235413,0
49.231562871912296,2.334652164425225,8.082941538284121,2044.5471486994068,59.708137526107265,5738.858673758923,0.39552593591535146,-0.2551195883253579,-0.17099761502565322,58.05150374894383,0
63.34495896483005,3.780167425473325,9.345949897720253,1991.478728313458,68.70963142078809,13994.99883658851,11.914490161486434,2.616931453977183,3.680733301239106,129.98529610804664,1
85.87554251126159,6.784970416043151,14.224833700716902,1893.0389462047558,83.92817668327388,16613.957313690695,9.553211071227503,1.7513491928303135,3.8979659051975326,160.15871643485409,2
50.93490289642227,2.693589087529313,8.219011802664049,1986.8591588351471,47.17179671444053,8142.273280730708,1.0550545489425514,-0.06684139961328976,-0.2879917557432123,57.30792416472386,0
55.481854128345454,3.1913147349109527,8.543362582222123,2217.142393313615,59.45917668399434,7476.868784466013,10.90709560798442,2.2606582170508647,1.7528873894588295,97.22102864316854,1
68.09269816612492,4.339713109236988,16.65476522439155,1441.2549887664072,90.83117550687851,11853.668484756809,5.210595023612759,1.5225172462335013,2.81010538720508,183.98104474859966,2
47.42041259254822,2.4876962146024333,8.296070157125975,2047.3309974558622,64.60763252599779,8028.484229697286,0.9772770242705147,0.08285315733269455,0.31062763032393353,7.132149752114067,0
56.036201714624816,3.1641571723434483,8.799348876806683,2074.433643997074,55.79419275212642,5739.486898697012,13.516695110644743,0.936276005977174,2.7051746571295534,87.6318214621712,1
58.29967725182604,4.147547302065028,9.146030761505108,2002.832576970988,63.43157064305349,14163.148744811864,3.398101405411391,0.9849505302650137,3.951944115534479,105.30363530731813,1
59.728496215304766,2.998231257224201,8.421761884573662,1938.7289900892192,67.79763625708054,4502.139309565771,0.7482191151802536,0.2555214765425428,-0.19234584970739796,49.229281438787645,0
61.846425877494354,3.3926744345725637,9.784242421291129,2045.3618998570666,67.00169550432291,14729.680449427024,14.372979038419246,0.5191521672260975,3.093798935527413,112.69263024093166,1
50.230926280858874,2.341203963697721,7.551445298980579,2042.7298180486696,39.0048774826857,603.45505401881,0.26814136609721806,-0.13893071282093658,-0.14935059875341447,50.11040123153789,0
95.81211309492014,4.160267170627495,11.11123171850314,1899.6285873999,92.09692526304646,13150.064333108745,10.378214337738484,2.8429738721896363,0.8775251845548486,184.52206412699624,2
50.06421213620242,2.8541578873695164,7.635762992057624,2034.0976940654912,63.15450292670207,9238.466241926959,-0.8071133415620749,0.0554906515311841,0.04606456627805139,54.15039275432243,0
54.77751375103785,3.1508888491807547,9.086900625919686,1934.7881822376003,54.310915129475305,11613.482063119198,9.90491582008806,0.7703739950331565,2.796051028570272,83.3055370015324,1
83.73249733272776,7.953424002814107,14.173377835458774,1889.1239727678585,87.96614304953555,10774.098454256511,4.3101105922639285,2.987953314570814,3.135456925950972,162.2499457333625,2
50.54966196590982,2.8832607363476166,8.563723213742813,1957.7042979830944,59.83578955532607,5001.69229184135,0.5631792268736323,0.1005437926323408,0.27407432448280905,59.60762236042409,0
67.7745051019572,4.02797465349731,10.024167450584649,2045.1907336259428,74.39848765065494,14124.388126891401,7.362268590500592,2.8538549114949165,2.3086911750041983,160.7241158458025,1
45.44721437801866,2.6969526402295925,8.484387712738235,1893.8740899706934,67.67931542293047,6426.925784552184,-0.005621693600643018,0.07719475499237022,0.02371904026107426,64.05158918961351,0
68.02930869874088,3.750642646467444,11.52230110674753,2088.336344199866,72.1727532153699,6842.291302719839,9.976161834364877,0.6302783215245915,0.857402811321629,144.07210303135747,1
53.32056511604223,3.2465631608388126,8.598611325260828,1999.8287325272033,54.763552594278146,13212.91784819328,10.305419272884858,2.8743994867821367,0.6706069937381435,86.38438866274876,1
67.2624940110223,3.770607017395919,10.310752278348142,2206.0274573959923,70.46978548756674,9445.809030150653,6.362092748752338,1.6662274008422904,3.6329531852247694,142.91694649514824,1
54.99035517130621,2.056627406553992,8.414133489304257,2044.6573912543488,30.79194920472629,6874.153330188532,1.3014023903076917,-0.5342396568167147,0.4970488862041892,58.81804004616525,0
60.684224795400624,4.27389105031356,11.538484925544278,1950.1214906781656,70.14342839774442,5684.104849798292,13.11514311704851,2.4925643583560184,3.2105000366844436,138.16348501690123,1
47.98552435876249,2.5119851445785124,8.872015752826606,2020.3076356327222,34.87401001033692,6948.831054772886,1.3391408533380156,-0.043384363321983754,-0.6150410255942174,58.404022997692614,0
49.6667937264384,2.7810300345487815,7.75497107460671,1994.981156826371,44.57298420461606,8496.270549444249,-0.7575183961901992,0.14167846919532598,-0.39121080620678256,42.52671715422081,0
82.48726133568454,6.922962950787434,15.234620989062094,1484.008401395144,94.25059341082094,13782.690632689813,8.832734867768856,0.8473648398568709,3.7014182364788124,181.9153045340991,2
68.26991926753216,7.762952258541392,11.909140908276825,2382.498333785262,94.88301032176574,11916.335458695405,10.143041345562994,2.2974323482661108,0.9993827351841564,185.75419656881016,2
48.39364733261091,3.0089516745720504,7.833993053730592,2034.3559333178348,31.697229489945784,6498.760292315196,0.546684063723304,0.3758821614643052,0.07690360646416937,89.56873840272249,0
53.20747812796602,2.8985546362932824,8.79626473564761,2002.459893277032,53.703979498311384,14731.313883615972,5.725096930340015,1.0773974253678986,3.422060771941475,83.9543665899675,1
45.513258271440016,1.8753462810898918,7.119586233520749,1957.6300270399045,41.453577702191595,8819.596764854412,-0.36995869603981696,-0.07848199185678031,-0.5633492628201666,67.22849145049112,0
48.0187913013571,2.71716667514483,7.988313972926892,2004.0994109331666,36.76268244658452,4994.9670546804,-0.4087558243388167,0.04419507365743471,0.2908670675803141,57.272093309831234,0
47.481199139756626,2.9859948592684837,7.191866927116454,1968.3418464192598,54.97575185759581,3609.9925303015457,-0.036273486299103125,-0.057277869046555324,0.11928104236361899,77.98029561434063,0
48.75614616626855,2.6254201049143,7.477640026921056,2009.3167183810033,45.46170652696325,855.4166722556333,-1.3751664896040974,0.17445921067411707,-0.10675083730207835,68.321501961938,0
49.6258362573958,2.42722444479947,8.581481903895531,2043.50536085559,39.71287420044935,5038.2009872070785,-0.4402323527166804,0.23280481769377134,-0.059534805688416896,28.664825948259306,0
57.4146257210219,2.5240435767188605,8.761288092139242,2054.0528073496566,52.76289616225609,10342.190979668532,5.714780694295845,1.03694849828696,2.566411406598217,80.66586753731416,1
102.10687104706804,4.712037680049926,13.236407907052419,2104.724663262634,97.73296395084412,11874.31933003343,3.1460103752798885,0.6453825699746253,3.482464518667852,192.58508919526787,2
63.18566339291371,3.5886446692628873,10.113232042824334,2146.5353137256006,63.96562169232573,12425.70110742456,6.30185451381887,2.3053687968569916,2.9767903409134204,142.8753775410009,1
51.245934431721004,2.926450985569928,8.499363285041548,1954.4900646886044,53.56559263510894,127.27281689920544,0.10413338802134002,0.18326579068771426,0.12260542868262254,8.724018875562301,0
52.83698198846175,2.463697839027135,7.808921068973839,2014.7421781576338,54.41231126160383,9959.066403863422,1.3494466825380171,0.0902087267491782,-0.20310698552421788,74.339640784105,0
49.999604941319184,3.037534682084008,8.84987137109932,2028.1702180224027,61.10300108156201,2715.165777330714,-0.45242426480904147,-0.1535014073347621,-0.6431900494865982,52.04764396695306,0
50.044002118056795,2.2984859029367755,8.289404554892277,1889.791330729374,46.90133419539907,2842.2585063754245,0.5188439229401117,0.044319603627348166,0.3150845980193292,52.15799396534872,0
40.71713225272583,2.3658326920967427,7.988677934931813,1990.1853191127116,44.761190255303916,6697.987277746153,-0.621159243445229,-0.3831738052616897,0.4530859953819436,45.074197147824,0
50.110716015659044,2.8064199306645516,7.411656289222473,2014.157474775921,38.82583778715828,2351.7023912461177,0.7445896031071664,-0.024089399072233064,-0.4156602593367486,51.96059164887337,0
54.5478354388827,2.0720550530136506,6.966090811761349,1942.3549028176308,52.58914401595979,2418.349949544655,-0.36070450044957353,-0.043937409004767974,0.3458802530924319,36.17330277674447,0
63.25258934579311,4.137498290848937,10.145317338426779,2129.038257289996,66.00563039285079,9053.516136255215,3.2752267611327586,2.938726245827639,0.9847737223880572,134.98348605092258,1
48.449872671710345,2.434142025265858,8.360006765918126,1979.6169710717033,43.57768822949538,1236.918320673792,-0.7691452798066177,-0.1868011004125429,-0.4839050440730907,51.389562324421576,0
90.42212469905928,8.975815325889787,14.368927898407806,1618.6882878580154,95.1598656427169,9858.77222587502,9.9627578596393,2.998115229710064,2.7838723772933753,199.16844565593323,2
51.54481237819761,2.4397780117270376,7.959751333148853,2054.0962680570437,44.136582580011364,7104.642835964525,-0.7331608726692178,-0.07146646447131284,-0.18738146964982627,13.904838075337068,0
54.060346858098434,2.9641957065110924,7.817629796098882,1996.5245820216494,38.79087669059374,6920.674842711946,0.3690613822174326,0.47334586075066865,0.2295341602190864,64.66435067095153,0
86.30294667808154,6.446819130275392,13.886173598995532,1783.7354315448915,87.74468637857913,17014.762266896985,5.664619017791321,1.0476670546489988,3.741464935706318,157.56578948083424,2
45.99251946454844,3.0542980008827345,8.154337647027809,2023.3227986484706,53.878055850472634,107.38981797982494,-0.148283137927403,0.2035591938071921,-0.002378576236011121,65.3410043698542,0
54.43154905352079,3.468897443964824,8.549428738360383,2003.983231710867,53.71583917680158,6857.5905620621015,6.266680191428491,2.7299247819390136,1.7889108338052817,86.2363384519978,1
55.22939988748665,3.8876319128558885,9.75271147512628,2009.4937551552568,54.41984248295546,10623.363273917781,2.9700477223932062,1.3702225806292077,1.290517635677596,87.44727535008843,1
62.55296810913497,4.231536531581554,10.086379304759927,2020.489195256378,68.15392508173656,14035.312259127926,9.435895288987206,2.3839633974987375,3.1321551790891946,124.10816220929254,1
49.12221575027717,1.9032897411486114,8.467986579632809,2054.7467027820962,38.17927801002318,585.0715144943641,1.8379420299922753,0.08442873843905253,-0.07461702722475975,66.69978854757171,0
63.884538711622895,3.8477057040052998,9.878034823361661,2097.78904908729,67.82708243314589,7888.27780031078,12.360904111727937,2.4959903725074772,3.2139508023824823,133.84276374653467,1
52.61598039628059,2.31787684258729,7.705410475151177,1956.016309329268,37.35790824642486,6742.101603876477,1.0833921435833522,0.26459466166910867,-0.2637048806851353,46.28902930814293,0
91.49414047305497,4.018091655411044,12.248139753779654,2117.11062565651,89.36027267659014,9242.407846220658,13.401401186623406,1.4294151270665152,2.5041538725079473,177.84789338055072,2
81.16904941128836,7.602568172534577,14.125506994127552,1511.7053305707132,92.47252630933077,10911.284203441426,8.953424601078668,2.211679068539654,2.0705926279662714,173.36452918133926,2
87.14866015555653,9.16886024209218,16.117151729895276,1761.1703438651589,93.91560983882957,18618.737247216715,9.671764837159175,1.1016120337859412,2.488951490050117,194.1256596278182,2
46.95028658726461,2.304095590575892,7.553607848025739,2018.9108640505726,41.60389787045892,3313.0855432339536,-1.0433717277965953,-0.14195587144255903,0.14900063795419174,68.18144485770955,0
53.11867805541395,2.3504569073032258,8.05334522105644,2001.4207563422285,67.78059693152838,1699.4249107498372,0.0799569867657609,-0.004185587262936041,0.026159114482998996,44.964493916741965,0
50.64820427676066,2.190225268601842,8.534642275083675,1937.9390987988481,51.599242084576815,3925.8940090865945,0.38536891116929683,-0.24220367034044063,0.10660586437185623,73.3975650329226,0
60.97553195447826,3.0970587618246777,9.32292584602817,1877.816845760967,65.20939263215726,11593.141943788129,8.05745704480169,2.2154477960981085,1.6521573232674676,126.06536277329916,1
48.809739708852774,2.7532625946504408,7.88769388376525,1920.1246212623598,61.89634904221478,7315.7547762833365,-0.5298547105937411,-0.1310109420547325,-0.5128037156525679,62.561359938639384,0
57.650386945260166,2.391178682360947,7.661604413586262,1974.9916377860113,45.94253551176106,820.2622485560007,1.235086322270831,0.019468076870264448,-0.41628069516833816,27.04014209991913,0
55.05647531512821,3.00422860077815,7.014410212820905,1996.7695427460023,44.74323560261685,3205.0339367373804,-1.8588891384747195,-0.17354654642408152,-0.3579634064794499,70.5108115468726,0
44.92503530130027,2.483544670346344,7.6244160344551135,1909.7653871916773,63.09372633352967,1667.8897075371979,-0.44198598554633667,0.11985628949466931,0.5095608323183342,66.2898958650132,0
92.13788628035589,5.153745558883234,12.67696175225871,1948.3695381464918,92.84176251865794,13118.828056538432,2.939721023154119,2.7333573820104786,2.6400078252976114,182.34370976078594,2
47.153363166271475,3.633246992838436,8.074710685346338,1969.2656103731288,62.33305595686258,7490.080542484781,0.394598935358264,-0.06470348868847785,0.13215215178108708,46.893168917679816,0
57.58103125498582,2.392352088716935,8.400802579863186,1962.7303333981135,55.07582719242868,181.09437287955555,-0.19368366004438056,0.4926027377550048,-0.09197792240351471,61.73703077569736,0
53.20706686759118,2.2863887541376804,7.901949858941434,2029.8885325168237,62.2233699657451,4984.075427132048,0.6288061507847076,-0.02966642126024,-0.9360748640695374,69.92373342190609,0
59.8988915635539,3.3322155071588675,9.903607709595143,2071.0198396581277,58.41333323768342,10437.90189929872,14.628151470863477,1.296759747570544,1.0616676671096466,103.5110780916456,1
46.71218666098879,2.3916572696164513,8.731708723988362,2018.2695392181072,64.36153478185199,7009.82006021827,-0.8746803013392757,-0.315281961561936,-0.5261948462226539,54.62142148963841,0
57.09417176436822,3.2859038664120757,8.403802367745126,2102.1403480492477,56.60272204331117,11539.177882733471,10.064457197123808,2.262461596193952,0.7883360867744371,80.7247359462753,1
45.16076553897257,2.366571225599875,7.881584270517214,1989.2636303104746,44.655335690263406,4934.417005625659,0.7790295379797135,0.17901736721286685,0.11130936479580504,26.61309072468391,0
53.37703979637038,2.572930917498524,7.68986785166616,2014.6873675837,34.61734559934037,7446.807264245305,0.7837313967528776,-0.27961960293637506,-0.07331995066125316,61.117169186348136,0
44.5062240865648,2.291469201377042,8.354683697291707,2019.7880902129034,61.39092812569537,5306.372566656522,0.30452974933012356,-0.11543096751123223,-0.2099805627799476,45.36570066177176,0
60.916142123197965,3.411422843535919,9.470917739521102,2089.6229338080866,60.63591150209883,10796.28527583144,11.534739419538557,0.6578730047671586,2.576702800159651,110.43948654642551,1
62.069211781579476,3.9254878821619927,15.222055316965063,1675.5448518574751,89.69562699789716,14871.609308597257,5.664176490008549,2.9782395172509943,1.6746978490078905,166.7942253730979,2
49.19673748986332,2.2422499077049474,7.477157866700654,2037.4964918237415,60.78176869854377,1354.0126772172712,1.7824287181230196,-0.10486703405044184,0.08238779261315017,29.527545217359563,0
66.4301277138556,3.90601514672348,9.969835147283916,2074.1720194357513,62.14829037294519,7808.189702310101,14.621957250849437,1.8804891284223442,1.4389497038439392,133.5994006660286,1
49.34508775743165,2.699939272379638,8.399589733585897,1978.4218779566006,54.176113268434825,1686.3611164162717,0.7319148820194104,-0.02683019254863164,-0.21408273031127334,40.44060419221471,0
47.488552159067446,2.807067359012411,8.380625249839712,2058.204361118576,59.12888837630067,9482.437133026531,-1.850493852070098,-0.17722611659916104,0.2972727829555512,61.84663787186831,0
50.06074479909296,2.623386701357792,8.344077428989248,2024.93111520715,38.517621059203336,1054.4943423635766,1.5553380342044725,0.01724047114231011,0.4065953357693756,78.49649337849499,0
56.24488877785608,3.825681252278867,9.439129383039196,2042.9758668266804,57.91459297524698,6903.6093800568215,2.3474185551872724,2.86924347146703,2.8934922376232275,100.43187429981609,1
59.958657835056684,4.687876726321348,16.491910344974702,1586.403536907955,96.83331918080155,9349.975493766624,11.41496708498887,1.4641467244402067,0.756824364103216,193.873213233675,2
64.44772930590884,3.7937988001042466,10.606510330119528,2132.1745596467745,64.32606720150383,5620.2487535278315,13.15501493892427,1.2842440951747565,1.1849969522489283,132.1667513212952,1
51.218476490391694,2.9468905850165035,8.784301053218961,1976.0446451901544,68.6329769776653,2292.0621116269103,-0.6966096841922437,0.37957361515982485,0.4700111164332132,59.34605402589763,0
65.37402799203969,4.19794509565712,10.460966691137772,2233.9503086112113,73.50407979423116,9199.857984559501,3.988945226816268,1.673566879147396,2.9182123767936146,162.79047627370684,1
61.79925786681726,3.386458401315618,9.775365646692554,2152.1345155851745,66.84518091838007,10072.136816780898,5.135900626422157,2.490376270057686,0.7947470892474047,124.39936491168922,1
47.99470090805369,3.843725275307727,8.509312255016905,2043.0548994503336,59.111659547715874,4095.5873291675503,1.099415601792937,0.3763242578715542,0.5499342445195348,20.41821423804956,0
67.55540442577863,8.506148155521203,13.023732070723197,1982.811573837091,90.7292036822417,18613.489706726155,11.97564959355569,1.9384445483249764,3.3861548126075296,163.680218465662,2
92.37008468502626,7.152464512177105,16.115544641221742,2193.9269042495043,88.06112585107442,13545.015255498762,3.0155786002666747,1.393371729161481,2.935399803767532,168.50819094019826,2
69.34947661802852,8.845787600613614,12.712619641017168,2508.587464400405,95.8827725898271,19305.47976509005,14.36465141947591,2.5778706679092136,1.1704042696322978,198.33788507433593,2
52.742626983196786,2.491764460895209,8.212458132745184,2000.928481435818,69.35364686676863,5985.842594629827,0.4220829036826554,0.18814404469744986,-0.36969155508231727,61.72161701050262,0
50.85643540398246,2.7409459595498644,7.692786431843259,1930.4119593306873,68.93106181413567,8621.820528796286,1.4397608419895318,-0.19372417625201266,0.14702850076318377,55.06367073577473,0
91.7845849511307,5.188904408859107,12.077755018161744,1742.4713715716946,92.6843002229892,13475.595701486669,13.007430314268193,2.9719299517378177,0.7520933300561772,167.67783161523474,2
48.96363575714621,2.18593644916705,8.31410400589817,2012.9200857767316,68.89314841241574,4970.982436773692,-0.6916896590824176,-0.12000391633079222,0.21825605815769117,30.672234813374406,0
50.39805385739923,2.3348644381932364,8.691068997423336,2059.403093812553,44.87522018354365,8059.4488871415315,-0.9624988349193223,0.016405985877623108,-0.045104509885880155,37.8235367515327,0
52.78130889749481,2.287869824237136,8.479911976371184,2083.6979054833027,37.685713947862176,2207.035205509057,1.0077935711396466,-0.09350930957655938,0.39517378204430614,36.17606746506102,0
51.646635546561,2.381772856305827,8.580024214453204,2022.2698386057143,56.06343609071221,4239.495072741502,0.2594788230864766,0.0037592383970983657,-0.2566598009716848,73.59076535215476,0
65.51969731559456,4.403706171837631,11.101468397208777,2010.5839527250516,74.21908670212954,12791.372567976,9.8725228013999,1.1066783758295113,2.3401176993334123,149.20856001587657,1
48.65826468563808,2.8655995632366764,7.803578054616397,2055.36364860019,62.96597620799565,3333.1781516524193,2.0603415438368318,-0.2136094276732481,0.0876107165192724,104.9756483182013,0
69.56343884315446,4.310968354073667,10.024217554467109,2169.2917725441944,71.22598080003489,8280.792178971666,7.261429048784163,2.556615867865749,2.5771666994900664,157.91864569071447,1
92.91508782341411,9.696045788942417,12.962625100754712,1848.818756414049,92.44115898358751,17676.695605532565,11.900160602099332,2.347022787902841,3.1243825452637024,190.40956390194333,2
51.46838024987337,2.773055984312937,7.187425119805649,2064.641667100076,38.96330366312013,6676.564377298364,-0.12780186614511707,0.1675673922424469,-0.32313208415266054,31.508951225110813,0
50.908052557372564,2.503778633779083,7.820529027346857,2117.203402549073,69.61828029615006,4471.621106388469,0.1329648960426424,0.042333345789497275,0.011317937945862987,8.352684198918269,0
48.90972743569999,2.223098290864329,8.149290375600428,2022.98563162695,41.10324297206648,3679.1331309753837,-1.3059632799524126,0.3626474899923331,0.5771097405890446,50.59100882788188,0
50.27583921007923,2.0856765391844663,7.321773716340984,1953.3681990669704,43.12434244426076,4390.022174900057,0.3292614178220528,0.10877413179560116,-0.10506236786682698,90.91441290317985,0
53.174819623938774,2.3383666678184327,8.577316828952714,1898.83782356236,38.18959265388387,9158.577418457908,-0.35480905786782196,0.03744860446722752,-0.3615003432676121,57.39077899792176,0
45.78373168203922,2.6568668915342726,8.295991574762088,1981.3322151389589,34.57302982404809,6014.901356630436,-1.2523207956317581,-0.07998705485939454,0.20730614109696244,48.49142327776816,0
55.14993999698384,2.8302891760919215,8.940706249133026,1973.5545910872327,60.109413195942125,7721.550150962677,2.08872513996996,1.3463616190836787,2.086109101390564,91.89002612273003,1
48.75231875190765,2.552338416625593,7.1396974340426365,1988.8620298890946,67.9187826217799,3598.985097939226,-0.7727314159637813,-0.11290329393001744,0.29144124066652843,58.38847244349216,0
54.82739956046224,2.663057677360508,7.668887203273244,1992.249478864782,39.16739643711141,8830.658080886833,0.7118348830772153,-0.1460091187652997,0.48398457565248115,48.249768271942784,0
50.79181417816262,2.0901371858196804,7.850693260262847,1958.3104468473612,56.38485473902083,3301.276879287717,-1.2199526844168147,0.14986084521420964,-0.2584844194138414,77.14827183554401,0
55.91778719040604,2.5549277206421617,8.294285261978628,1906.5343574978076,57.90845179837137,14888.035252326512,4.511042342505512,2.4216595762715105,2.431260733873303,92.30209232460322,1
52.9698831641066,2.6121723956393934,8.555437302436541,1994.9204419973694,33.751933398362,6530.842219930989,-1.0706982827842255,-0.3153362543705054,-0.22582833221340307,103.23942579332015,0
52.814224510919196,2.0440818606637756,6.980847295066265,2003.2183423570646,38.198440755102354,7744.681959637522,-0.5984540511455073,0.125337645066931,-0.26097621829351025,34.10267068019286,0
101.96808911513614,5.435205517797746,13.944769672557355,2219.122807743367,89.77718130863973,14524.867473967144,7.018883134872435,1.6063430394432336,2.3326020057073307,189.83586714778326,2
48.32103745752451,2.4459593186770445,8.2463577097307,1984.7967370967121,49.30840184956567,1356.372015206303,-0.8984904867728449,-0.054157299395812625,0.40283308932690104,44.589893918076505,0
46.193020822677276,2.635214686009732,8.479864830138634,1978.302225146376,33.514247373060584,8579.306536685337,1.2522006555545784,-0.012115388050291137,-0.3377932990417105,24.56881859401525,0
69.90352312793733,4.378709756819063,10.634254614751564,2107.396583881948,65.3828452109563,11028.96339446407,5.766048267784035,1.5823678029885055,2.2096431878747733,150.6496556052998,1
41.88152900068519,2.345540226893079,8.460286852741659,2067.161445064824,37.40862872602244,2061.3891821039697,-0.7199817377150125,-0.11167808749046029,0.3427946960546236,82.5841623761481,0
51.738496212801934,2.4207372145016905,7.998261395149032,2025.2932179058078,41.6080198202623,7701.222076697677,0.36614652596568237,-0.10134083524204772,-0.056694373353787283,53.213857349298095,0
68.56644185267886,7.598868211068467,11.412957374869551,1730.0949236537763,96.99089323021188,10143.456884355222,3.379363124300299,1.4673488525843863,2.1052876574319823,199.34805306748154,2
64.94851218600783,4.2451368938951015,9.385286024969568,2101.0574114287733,63.74978014372681,10794.318227199275,12.605348983724802,0.5910987152584852,0.5122211551103959,143.67781711708454,1
68.68523632682195,3.7262841970291825,10.081879157935662,2014.169578677943,70.5493425498965,8531.8923817134,14.853010741832698,2.286622258642878,1.785819103265846,141.547375250795,1
45.10550913245862,2.7196108084999846,7.9361812901038,2044.165545476054,41.70599858154217,5885.518145706807,0.18492528664910426,-0.21814331690702746,0.04233850535902649,38.278411871552336,0
55.93970351616004,2.5669748256424123,7.973697926161977,1970.245414555636,47.76154652161498,4597.8244184249925,-0.8427039936607469,0.3274889631765428,0.4809292692021486,51.43286579141827,0
55.0897028482521,2.464907123004679,8.294913932967308,1966.5317006185146,36.67250027702973,7992.387569371213,1.9547010492077983,-0.06577363167324232,-0.05095458762775614,65.48309515411692,0
49.84914702355345,2.5163683575178473,8.33161439098625,2010.3010070072173,56.975868461412226,1956.8108545001528,-0.461267077018696,-0.1295062953285415,-0.3308139042472026,42.9734327825943,0
59.82050962560026,3.6952014834867777,8.755515645400973,2094.0616924401807,59.99612128276847,11070.867812025506,12.633939947797167,0.7339945153166356,1.46519066478125,112.13318083479999,1
49.39191467954323,2.288527284657273,7.877519207586591,2032.6781761854331,58.506457452548126,1006.6638651934301,0.17553846291793312,-0.5915050538204276,-0.24234800089307051,69.71327757495993,0
51.542149757745506,1.9544481040979031,7.910889805499831,1957.3785475128723,60.616177570168844,815.1103603394316,-0.09844826603506647,-0.0532302796129892,0.049674775530855975,84.99807944583316,0
51.71969711938163,2.701864486391525,7.896731037869831,2073.3475436760928,30.77796969968125,1721.3697349153024,0.8655086271855903,0.16498379626719853,0.03649622348406458,23.060029501883825,0
65.25867573998133,9.084122485575493,11.650440072530962,1871.2253199984928,92.86054365457599,11445.731249217577,13.023357471456405,0.8777503979364966,1.7849518130292197,181.52441673502733,2
48.540256260935784,2.469822068386538,7.665223836812094,1923.290951965639,49.12661453106766,5436.963584751418,0.18145900694253897,-0.35440556568480847,-0.5991142309853924,51.95652983704535,0
63.98371058093489,3.77351847426661,9.634738581792055,2167.216870700276,63.63014694547431,11633.178436744809,14.750615572438948,2.066787700259622,3.5856522934644337,129.10770139342088,1
52.49519941504453,2.442854290658468,7.859565377101171,2074.9479231333767,51.242720792894524,9005.154924631366,-1.6292090390800535,0.06880002126100719,0.20942503947530045,5.090432567967454,0
48.53899833232769,2.5911663277857477,8.639676338183044,1980.0336808310146,48.702814464531876,8420.15519718508,0.33892938479967777,-0.023420811217845647,0.10944863668264941,60.77481851351899,0
50.00496756686585,2.605607448636784,8.003576628048744,2032.0812616220605,48.87498347085164,4491.38537144465,0.41708049800864466,-0.4087076707792472,-0.1591741066941628,48.91318317926701,0
51.25191038451085,2.40225646525308,8.709452034737591,2026.6014418058678,68.27304150997122,6440.392725264101,-0.3820614873547184,-0.24793688717360243,0.2882675025046382,48.58061060307907,0
53.04992962194765,2.2387700870677785,7.374150975739929,2001.0802773795842,53.07279150365009,9113.945368072838,0.28930463587376126,0.22836618554724672,-0.221740967769211,45.6005982665394,0
47.84100449247328,2.8895032288316065,8.235904549626866,2054.8588775191147,35.471333756820776,1449.0884040617302,0.24521470470437323,-0.16732446993237593,0.5359731371936204,42.179005480418155,0
62.01975604574533,4.281209240858702,18.26083132158086,1628.2974225118462,89.39990026364683,14066.241423560496,12.054545237452901,0.7589716365800729,3.659794816266009,195.23421981003733,2
50.96977379672224,2.1421083971246877,8.263936431608983,1952.2702314484125,49.6040832799372,1099.5596176217991,0.2582085427268659,0.12298516144738594,-0.6469003732366125,65.78494972149137,0
52.670340201369214,2.676672841178704,7.992185821324732,1946.176062681434,49.39384747969959,3499.1170821996766,-0.17722746137125261,0.02560955972011828,-0.43368412977108795,32.414284022707065,0
86.86981741541575,5.432441685502523,17.07695466229997,1952.53032827243,91.1196330396582,19600.371401531855,5.664062460753367,1.9721949928507607,3.976958467874951,188.56146098342697,2
61.04436643209998,3.8154626310250377,17.15150247409097,1673.1115695954709,89.74422874304781,11900.16586427001,8.940063510801032,2.1329590052010996,1.2101702844431226,179.13484213787476,2
67.31497130402362,8.318110169724594,10.878584679429835,2032.3252871886175,90.00487848477958,15331.421233235327,2.530836089589824,2.923646417051769,3.7153561040228755,184.44874357334052,2
41.19868805831157,2.9006359185105226,8.176839687945524,2035.8363823858672,41.124449896974255,4468.412544652969,0.5340629563169517,-0.016518065083302415,0.009634636629696183,71.75213970397907,0
63.758154171161756,3.637680840004141,10.057862890691998,2085.76666673536,70.53880128254019,7501.339571492443,6.089309125999922,2.071018741096384,3.1656944047625317,130.70267428048857,1
49.27937338699244,2.7793035564607314,8.246558763608002,2047.793030326249,37.03766529913048,9180.475698814484,-0.8097605415999324,-0.16108033401311617,0.006081567636686419,19.35556425519377,0
60.78153083495856,3.3420414188868475,9.466575774805994,2103.869835099491,57.99091239839847,6121.101541884196,11.226583502831776,2.9818432611887173,3.0786620815623493,93.27355772635408,1
57.27623777541168,2.4762633332846473,8.558215374391104,2048.1868938586554,52.32433764866096,2233.6033273424027,0.14674747220522566,0.06599175756808694,-0.226233743937318,27.661609761756818,0
60.912550762373655,4.312146922898442,17.255259148194042,1622.6669683059042,98.29612066070217,15972.7209777082,8.58949285987525,2.5645378161041483,3.4257801575049722,194.9368334018301,2
57.51904414480668,3.398867367497093,7.970576613702754,2054.038112888712,59.76985897658437,10158.021016654791,14.919432847115548,1.7261507900230926,3.4257238016550504,94.20613440824597,1
56.57407553654246,2.9121330828996075,9.37809376234861,1946.9846508531539,53.73157186623952,8970.682272058039,3.332113462232592,1.2052326920390983,0.8090450653768495,86.4265646155211,1
93.90909576211745,4.918524651659793,12.339883177199887,2273.50384430547,91.73097456129679,14052.469917669827,14.572503025827698,2.230263494534793,1.379616390192104,172.77762955305235,2
86.44108260586209,6.3162292323823435,15.887360398774264,2002.1711561512368,88.8844450924525,8795.12099673094,6.0946386071594505,1.287551883036727,0.530377054181813,168.23133821697968,2
53.6252411732974,2.230457384235133,7.331214821361584,2031.7870566185495,54.11050608688684,6473.775955594916,2.2911272464943306,0.48431792847207344,-0.2701150065809264,43.77190165013677,0
53.100158465416165,1.9786619425278698,7.824895726188527,2050.0563776553304,58.38941111598741,8118.303774964685,0.17277775251935149,-0.024799155330441983,-0.14106035357437297,30.573625923077977,0
70.27110268551594,4.124140360387471,10.572103534371324,2117.631590416876,72.09694002971813,9815.05093177632,5.959953590536451,2.4498032913394883,3.7407684833058448,161.5115029193743,1
69.01666323978519,4.220628063579223,11.581638598364151,1976.0255553269076,78.33217573919065,12971.388400703923,12.105129096587035,1.3566566592278422,2.8147007508501596,167.56592597205332,1
49.97122357224087,2.572960025504729,8.440772509812783,2016.2645568930343,30.03859847374256,9759.824275963081,-1.3865406564859533,-0.24347888826710484,0.08844703813724564,31.61090646519289,0
64.6144101777008,4.871320355047624,10.70423226622711,2054.165882772516,76.40831420350523,12063.602088376154,2.1572621373882135,2.2607850689475937,1.914476388897923,158.2757301597789,1
60.86330666543207,4.294539235149692,15.859864441115118,1633.9939712733956,84.77569906918714,10944.927105049537,10.514692199806339,0.6527676961723325,2.0285783722812436,167.4824375973077,2
61.42536886711518,4.6606362396851,16.37440744354646,1643.7618044096423,88.65746049765121,18897.78630130882,9.480056454709878,0.6741037270282966,2.5290528549305185,190.60781730164305,2
52.18503267599256,2.7351234425662785,7.346656837209676,2023.447600105801,59.558682631812346,4080.4526721506763,0.9560891265239637,0.005171209374619116,0.6546081488042016,35.44609848391755,0
80.90593803547303,7.437252946671834,15.206330646461462,1915.4202475190284,86.04130008900862,15711.605281830256,2.957455649869445,0.5161236074117521,1.0272907103122182,175.31254544752989,2
48.098036150099205,2.7635238938522964,7.373395979379064,2088.636155087794,39.37327167864032,5142.471142828586,0.503237403877222,0.09004432664454977,-0.131285407285962,68.78606767124676,0
58.11311668689574,3.233191534597547,9.98072583113153,2098.004071653845,56.58008977465237,14721.832752385928,9.998449783622648,0.9108515030706694,0.5718287909938036,99.09606095980172,1
56.65019868266652,2.792439449525957,9.797970839208844,2080.5314031811913,56.36982543665447,12738.986689668229,14.666661795006553,1.1777373576997077,2.9606001578828107,87.17342655009132,1
101.08347435948258,4.659622895465348,12.290833943396864,1905.8372157295182,91.87773999507976,15040.588207061595,4.8139822606647655,1.4562855611807441,2.5438018789781744,185.88290431776693,2
49.91861568729834,2.151746629300369,8.414544426207229,1979.965799968008,61.02499632375337,1902.7509223368943,-0.42218871238912853,-0.19255520632226275,0.20862069595507296,47.17261619928438,0
50.04805549643883,2.8327089683590327,8.17269359044539,2032.9752414677944,58.335558724374756,5187.974874961478,-0.4898247996658459,0.13575423133068962,0.07434100440429642,64.76035501634796,0
47.7436856177104,2.7714602527674255,8.362906167210035,2009.052648427203,36.48726727716517,1390.1605276427676,-0.6570794376904858,0.018888363903447725,-0.3544159180201641,64.94505112751321,0
47.29181269555827,1.7801776766815665,8.737601419201855,1975.5736859485653,64.96799082404087,975.4829412909971,-1.714465064585784,0.035761414797125954,0.18469221505387048,46.438714997641924,0
46.36679438967674,2.331652135354511,7.973550872813084,2027.9621845809218,52.815685362270514,4531.680923013998,0.7526035239062252,-0.11981083605843075,-0.3211039111440879,55.67326803309215,0
46.14810204970668,2.8264754448775142,7.965139319930849,1998.1475234597144,60.65932357291137,8826.719353006454,-0.14028146638495378,0.2641959166939873,-0.4811061436731943,54.225877057502714,0
51.45939878921359,2.6580012569008074,7.900203032294455,2075.5435203867023,64.58031043378236,9262.320693508147,-1.1161396928241294,-0.13918478541822213,-0.3946519704880505,47.06790883980505,0
63.231541311954906,3.774720730696665,15.658878404915358,1618.163623859357,88.63370887392162,11290.491260722938,8.6443559846857,2.9480839845754896,0.9350662288522145,170.2095725034996,2
54.73054947676765,2.2486062355962044,8.125796403630869,1975.6065455963103,68.91430917938966,5374.881528341916,-1.370256589207886,-0.001323248830697601,0.3572185946939536,85.23003786984006,0
59.813915357473896,3.379602214506842,8.553957603415723,1983.9416364638391,54.23168084543449,12117.215917272377,9.88145882592083,2.6144066152945116,1.5348050014508436,82.34749580162497,1
83.6968505324744,6.1763624610359225,14.214936456575016,1674.9720846635441,93.93663751539628,14243.35175236859,6.152555661599018,2.373318784206139,3.0017670245323256,188.46677728925113,2
46.448795594390724,2.204559159829575,8.184534348192788,1972.9055847299117,31.85106042060996,1505.8049410342278,0.11933277445028381,-0.06610657201753482,-0.008362604013191721,67.48832295965464,0
66.87470093352562,4.272144409425264,10.494296784014113,1944.2920030450375,73.31953146256798,8435.329445814916,14.616332178281837,1.9579042785843397,2.1156399618302206,143.57694795652057,1
66.4270902770966,4.196220558385647,10.17224684821635,2108.648519466028,68.1675304030096,14097.507186313742,2.176307242858118,1.8718666636585435,1.055371758178845,153.42552540599246,1
46.93754759806906,2.28942886254276,7.687435638603419,2054.459971352161,43.81939965062152,4530.068136934591,0.29169201739009776,0.1247217235066776,0.2906296806443495,53.32328365774687,0
52.474319622420005,2.248543259372144,8.639836977496138,2100.4528694900123,35.972047965741645,1759.6131866098563,-0.898226330248666,-0.13371759652633963,0.09704152852233527,96.33907793159116,0
50.98428712512558,2.724196521165108,7.713647274673951,1920.608374298307,64.50413140007771,2835.917663288866,-0.07586581998480449,0.16986147723648679,-0.39027096788898247,66.24194619464764,0
51.27202967578995,2.9304083712263513,8.21308378994166,2035.328788999053,41.26656408446167,5744.275972572762,-0.016138028535631798,-0.06341812916353655,-0.04236938739940646,33.54293799452332,0
50.09203901754629,2.6817322323015325,7.296695498998378,2050.149925845457,47.27315983860945,8730.873952146898,0.1290550439787666,0.06130480866423893,0.02501080178923367,62.06858775366516,0
101.22319271108334,4.795954907859849,13.84433114146364,1867.5303420111823,96.55758505387024,8220.198517449122,6.693776077616537,0.5485816810212447,3.98982206163587,195.1604956166345,2
54.32985059734585,2.563796524515967,7.964179793554538,1928.4099696980218,54.29715043684603,1602.0475439554539,-0.7168080980752114,0.19901054933140913,0.0862307255088252,21.49971328872233,0
43.30960924125616,2.42085153087981,7.410936052324972,1955.7809892318899,51.78191414849909,8049.786047345435,-0.9653961591817005,-0.11790342649930217,-0.22964436613262568,49.12908655842239,0
58.94277246253359,3.767093705025515,9.88627599285738,2122.6139452550606,69.13668395318504,12287.614583323837,3.354219446606498,2.578840716273384,2.887618917948268,126.65224396717403,1
51.03525855804525,2.220402662414938,8.605632748246506,2039.9252452307835,58.80981603099927,6595.1995466995495,0.4176751006519598,0.2961984808234986,0.11329187153599232,45.61882823950783,0
54.13093137664648,2.259154248124902,7.803972419874259,1996.9948529091766,32.63923612464853,6486.373691382886,0.05726211434034541,0.10265045793884925,-0.6030822802794934,51.49553693243109,0
45.85828694765901,2.4302202284693544,8.12275922166368,1976.7338740829462,65.78481076272269,9367.720696870856,-0.53972679815177,0.028480973325626463,-0.15063234744890924,56.20351654365676,0
68.45251423054854,4.49482427707383,10.811892085854254,2053.534306706907,66.82402375140343,14048.966114731264,6.064613063496835,0.8254089846941719,3.3933905954490973,150.14292521730886,1
48.42894340196932,2.7195016979862734,8.173391277297098,2034.8378931357151,56.6473333140236,3653.195631648434,-0.4269803715067624,-0.22000332841493253,-0.13176532944654382,99.67531985175016,0
50.5577908851715,2.2176120591590256,8.090370107664171,1962.952166647192,64.02506579254452,478.9802146742483,-0.4467774296361395,0.2539258441166809,-0.10293993391790995,42.785503600827724,0
92.21144443453636,3.3509407654824472,12.345389536058983,2004.7652497113613,89.20666510411415,10690.23860890708,9.64386815712339,2.5487489573725455,3.500912880039168,159.97725883732988,2
68.51569597813169,3.701919488235036,10.571180593383467,2147.4495120497154,70.70358385371617,13311.55654556012,12.011113445066282,2.9279989197902223,3.9859092048012754,159.93884737599578,1
47.13042598360416,2.715089643169417,8.136417780422036,1993.896523375787,40.52604946936847,6731.778691606302,1.1609596147382313,-0.30040628194597807,-0.2475693554434636,29.18207704555906,0
57.89878810699312,3.129730798353625,8.407904446136707,1899.9690344838696,60.23237144973753,12790.11522032847,12.00488306714682,2.9946675622839303,0.7500788062047006,89.2516420683232,1
95.41444059782074,9.466529504503718,13.682030250369953,1981.933410233063,95.66072071242817,8678.131291094238,9.92009862243499,1.885042547769047,2.793391907936848,197.75853276488294,2
79.81502093362002,9.378393431839251,16.676613366106416,1974.7327173392832,95.82816454628922,12290.925211493752,7.008357641381386,1.9055954820960679,3.735424922509458,193.26611473577915,2
61.461305748592686,2.959846265687991,9.228203074312736,2118.173491361631,60.111444538741715,5121.379968167588,13.655678068131202,2.7806211750161016,0.7149610457533704,115.1373486829001,1
51.35745566678589,2.3176894244097297,7.376450983334824,2050.8355611253,34.67841124161461,8312.206628073885,1.1675312151814792,0.09622701063376136,-0.4603808498552657,87.00351277889428,0
54.55705047705517,2.8895707146935288,7.412224052202893,2023.1889841231505,38.39826880996047,6692.578837073668,-0.06108544994435771,0.03127971986818258,-0.3239792924853035,43.22166722916595,0
61.73914155979241,3.0952100428356535,10.850088085311157,2197.737732278764,65.47820271971553,13841.143852998666,10.679586800655628,1.0135158264995219,1.6196604772700458,133.67784451615705,1
55.1049825800061,3.5457831001666644,8.182157044154122,2052.1103606235283,62.74602257656607,14058.402921423041,14.069847880275272,0.9619387949437916,3.445915335866178,89.40728429180896,1
47.12217943217091,2.711748705497428,8.238552914292576,2012.2069885433089,40.699255433952,2333.5985154950654,-0.29631200652147316,-0.10053179613883544,0.37803376402583616,52.711155380798544,0
48.81906692269165,3.2009716667671544,8.04537222610067,1907.3987413433208,36.71849585583509,6395.775598485182,0.33999354886518474,-0.11314563884107756,-0.14982724371958017,70.70315364725705,0
52.55810903938349,2.269381488246903,8.686251667756542,1967.92477917624,30.736062187207224,1356.2095950459575,-0.8226589407711244,-0.05680516210422757,-0.16811569641301374,52.523362688540054,0
86.84580111809167,5.426104780595455,15.067758691722133,2007.7085276082043,92.14447717807266,18148.702794945464,2.6104025100212196,2.4551157574074756,1.2236805080179523,189.2588599440192,2
41.00537852452876,2.378584884645304,9.383248744561996,2063.5470596788664,43.261107641259876,1752.2751301703,-0.5210292768318966,0.27970644893561375,0.6673603016313631,51.79592173979888,0
70.65801741225854,6.213900301540392,12.148265570554214,2306.7212380999595,92.50337476331937,16290.512720191558,7.179965580657738,0.5653903613310327,2.0435931823044857,186.8398774013099,2
95.92326647576111,4.844878830322336,14.137257651741606,2056.277346867663,90.88171160571659,12414.931253792849,2.2160109474530874,2.5988051393055303,3.2298723372608436,193.54768077413544,2
51.304914418020694,2.461269187457883,8.289292654106276,1880.8189369974627,44.2097144404142,5961.313881282618,-0.48416050526859233,0.2779970086544809,-0.6700815737986701,48.263923958648824,0
86.73663252689731,7.740511671772826,15.87560393783906,1720.5349382236839,95.88798078483192,11035.032959767617,9.012322996639824,1.821232224222795,1.9750961623187315,186.84921376214317,2
46.905371415960374,2.753965502619566,8.030433706763787,2043.8893687481875,64.81913349242487,2907.4272080416395,-0.17894023174963422,0.02844609684137362,-0.17287229086510136,77.20087230450123,0
52.770441070197116,3.024908084013189,7.306002529811295,2034.679770406498,39.57109851532424,8302.963112692476,-0.7374851100948367,0.23610091509105563,0.32253324737663136,59.02979826624911,0
88.95698903211134,3.834009653195562,12.176484650589567,1941.9970517024012,88.2315504456569,9164.429342119101,9.735127107739213,2.996634796522194,3.8056413348403924,155.26128174091593,2
48.28041257759334,2.8469584257940284,7.91818627295799,1982.5017792247058,42.86946065251849,5232.442393090569,1.2135529453935023,0.15697994394972367,-0.23792051721386823,27.386869789085043,0
47.59087279680726,2.99635398425951,7.873559967110813,1877.9146506548757,46.67479133457749,8283.262460927457,-1.8494080058784057,-0.06333669759268196,0.15630116898147092,58.080983330659386,0
48.65449239781084,2.5511763439459823,7.697027918576454,2001.9619027409988,31.167633619778723,6129.2485052273905,1.0659097871516237,-0.17286154300589407,0.03460193711815103,85.6700002659258,0
53.48363420723484,2.982423140636064,8.397716353403716,2001.4587213384048,50.84318784416066,9905.151154502126,-1.0259433396994282,0.00492947564210859,-0.4004480452765479,47.518455477939206,0
49.06267957463967,3.07350968165816,7.964017173515207,1953.837914781454,33.25816858937601,6821.25955506534,0.10861135804182094,-0.2353095947882487,0.23390250431159004,52.49278687895697,0
61.05299968860743,2.9795022427178814,9.528037435847542,2055.6310641072364,55.42424482005975,14515.421467554985,2.7688123562026994,2.9594053364222552,3.5021848250324297,93.0958681080789,1
63.098730001466926,4.175579256843579,10.48017343789043,2155.4212871339287,71.18502376934234,11528.730929701598,6.158089506086231,1.1079189338143225,1.6985969985382232,146.14959502379796,1
65.26884824641041,3.707891205804003,10.271343896891777,2032.8799323458934,65.94399132904624,12312.903860658884,14.056996643164549,2.3750852448672597,2.046878743589838,132.76491635776569,1
49.47019484340217,2.9130512868456586,8.097570024879497,1981.0838776004452,41.67407863666359,488.88229505185234,-0.038913744909976,0.18548595383832098,0.29361183889643827,30.185944821331024,0
63.65412577348425,4.031422730673098,14.356627473771713,1590.691395936436,87.45433315126353,15385.722683142663,7.089486981976229,1.3650762739863294,1.2632074967063633,155.013818376519,2
46.702378636064125,2.938709765631187,8.332331284104567,1990.0089174482112,45.16121046583921,606.4207745167527,1.7807741903382843,-0.17300768906973402,-0.47314958677079966,63.347066202993275,0
63.75468909102205,3.8433724373145113,11.319638999648856,2104.833545411687,71.97034457817858,9219.306307317798,11.944210115734874,0.791301868228441,3.6136315956047653,136.7561936478799,1
63.08945112936877,4.049756185189988,10.203944440565369,2037.8336155843297,63.300010795718485,11253.925204303068,7.486062476031644,1.1652402310238705,2.0426229013005184,136.61272982161228,1
74.460912789332,4.234296650827214,11.072472717720487,1926.7524644603714,75.16862536013777,9921.372636561695,5.926947710259206,1.9550858680623977,3.813296108100456,163.43714645392726,1
61.87017467114801,4.116195305921996,18.56777641513684,1570.8707486206881,95.68898489695886,17346.483779071554,6.871516174890579,2.411589985712434,0.5228071049215635,189.61590706289553,2
51.6139869472065,2.864765184777426,9.089208104018937,1980.4685678616663,66.27784012594655,5663.818006102074,0.6117685069485765,0.34301763906650473,-0.03235830867790691,42.05124182239352,0
49.135907781682334,2.9149172195744817,7.744065799453241,2077.3054280215706,49.43953978263623,8025.020338654403,-0.5685393048890007,-0.05747177482992691,0.7993843476004303,87.48848893866489,0
69.77557003709501,4.270032743862029,11.182486612747676,2099.811836852119,73.64763982462249,6615.239222992613,6.9942952176574265,1.9628058126428858,3.038201388085138,167.14872856088914,1
68.99879456936998,3.9177278522288708,10.419577392460491,2046.630197481046,65.48253189119397,13908.64957035776,2.9884428230122486,2.5037709318336896,1.31749814316358,144.27105216449672,1
50.49031196664243,2.737322633161765,7.659740963858293,1954.3165651276881,66.81786495583142,4271.439251099783,-1.0756904249224142,0.467055557315351,-0.3897437825267082,38.585850945523646,0
67.53360542468167,3.8717323715763245,10.2759506560937,1993.2558513159588,72.53188994793513,6985.40202827894,2.04508997016544,2.6770682756290864,1.6425730461297927,144.64178236449084,1
53.50765881304289,2.445950141847582,8.374043473621606,1984.542825792553,54.67756552192192,5272.867240336843,-1.1432864667343514,-0.15558460616658717,-0.2702215309856131,92.08358550233537,0
93.74138658557612,3.920799077951078,12.765460786261988,2055.214025867863,94.76216594309273,17603.08015165341,5.055793065130537,1.8969877885765052,1.8483775142667267,177.12374222513222,2
48.60927665970018,2.238780507180863,7.9806559356555145,2122.973132404182,58.513587525972014,6088.532502222023,0.8214150705466258,-0.020015005508190666,-0.0029100711196036427,67.29170487836618,0
51.023275780069845,2.878427938818458,7.895138763702336,2076.433569247672,38.15535687747307,239.8940747952083,-1.2045077112762332,0.04203079972013298,-0.08016398081097609,23.749299785495253,0
48.0398202168399,2.379850978592185,7.3303522291922985,1948.788613718191,64.65351587834208,4100.624484785705,0.9652993647139013,0.1997638414496104,-0.30309735461357207,45.55435104277893,0
54.93532086655518,2.717511197797709,8.053153581106661,1960.1863485602832,41.04496313792551,6172.662871336426,0.6932723798411258,0.0500246125811879,0.29701798014373365,2.791050004889385,0
49.08597698943559,2.4551694701721587,8.051915013764335,2019.381593100212,36.92594244745176,1167.6635982033513,-1.4520894811137395,-0.19609145156464963,-0.07687839209731048,14.426777592790152,0
63.48664871754185,3.5255845504738597,16.969696046689194,1748.1515103826157,90.16777046513285,8569.930696187866,13.252475815062573,0.9244875123391983,3.757597763984998,180.56226144813633,2
53.69911740035284,2.255778633252345,7.845335753612852,2045.0809724462372,46.29375008680749,4331.582193471973,0.22631595289847858,0.09926928221409845,-0.2166900563860777,38.4269789175909,0
47.399964135940145,2.272162804004901,7.602250297699928,2016.4153587810667,45.494339588318425,6250.535729703664,-0.34100666379425365,-0.03281064655121391,0.1393688182995282,69.76646231212726,0
45.47577236059697,2.2774181638730573,8.378043940347503,2129.3635727922656,49.244960934788594,3145.1237037261317,0.4122805981435,-0.12322003064785675,0.2548565960982372,32.66534658679374,0
45.67263662631802,2.880784203359538,8.255354935479485,2018.900782388011,44.592841688700645,5255.860926993006,-0.20992298972844026,-0.19331507942295276,-0.33318405799960243,40.24244798635243,0
61.53558581574208,3.91287652699265,15.065763224414264,1736.509625370894,91.57001716584475,14486.28630726619,11.973227292233513,1.884182604199027,1.6751911472412677,161.6639527118072,2
88.95667708189279,7.949298038298598,14.77768878130107,1791.195255098643,94.7985927400841,9288.143494014917,2.6241542529195048,2.4622803861268228,1.8463471867910188,187.1883047835859,2
51.76060380757501,2.6324464117781057,7.4213663448128715,2014.9262352671788,30.608898859659632,7008.024813019439,2.0318814020301676,0.1351191032128638,-0.08237647366531194,76.14989282463483,0
50.21499241925255,2.708989450365324,8.318666520636096,2008.4770205109144,67.26334625241051,5720.946067281736,-0.8585862256299859,0.3391031638499713,-0.6141500655490414,79.10818964344058,0
91.33337396910017,7.717255319806938,16.021815046628916,1883.2698241885344,94.79615589821005,12696.680317639995,2.176404408752207,1.1373164150522725,3.702202643795431,176.71247186895857,2
68.4542707091485,3.7938586909497793,10.032954285680134,2104.2981519296713,73.95684467017138,8540.2559334774,6.2807306599205495,1.422903860575495,0.8210186536226927,146.34968447932465,1
57.70279821194713,3.7347275869436607,10.422155924725493,1994.4217109487172,62.91394772697253,7311.153048481117,14.561826286335899,2.0558038649167028,0.5197351822513565,101.47618193717571,1
53.988183760243984,2.4184958965991945,7.467128075947934,1938.4763878743538,32.81976371410272,2835.460245258148,0.8648831199424332,0.2784962937740694,0.41656405232992727,35.97836946711633,0
53.61287616803601,2.4779065970629626,8.836611099606772,2074.3489634228204,53.96024042663716,8900.470651638449,7.673647739431713,2.1749896838231964,0.6438072403859882,81.31616387090156,1
45.999768591541226,2.7705643004384086,7.125519457355223,2056.217677007582,60.34883470027102,605.9769646249347,0.26804946584558115,-0.05373736483471825,-0.07559089966403713,59.08547000494616,0
54.25257706336974,2.457584230050727,9.27311938450173,2175.3607984029472,56.84961244225805,14596.402117655878,4.405296100840869,0.8949855766166704,2.996966713152351,86.17341413671062,1
42.840862607135314,1.731934957701795,8.225597542638456,1990.0433403139068,41.301737403840455,2884.4195223824654,-0.557709314024409,-0.0836693276475408,0.42700352207487385,28.59891355189316,0
66.78242168300824,4.449623887175213,10.97304106148166,1962.7806015233948,73.05405220291712,6308.610663246605,12.369079690898943,1.0214833000313948,2.2208705251796097,153.2077024787613,1
92.9303716058075,4.637012198786365,11.022800649154998,2033.7225105037212,86.96233920283278,10941.585978014164,10.45224007644264,1.8838224052903338,0.7729104823263402,163.70410299692116,2
50.56601134253,2.7817087472497435,8.310498782936367,2137.155643623187,30.94617492393251,9396.39191549578,-0.7153375690946667,0.050446295983859614,0.46467538602546093,79.72318474037064,0
50.941651316371924,1.9267688692983582,7.802553010303119,2000.6697564860335,41.29876921309992,531.8534146714949,0.28626701517894115,0.1017223138952844,0.0776509218205276,69.01249090340332,0
52.18622475939728,2.245579921934375,7.8984218168331095,2015.5093258414352,37.0156133989445,6962.21915004867,-0.6141904181254927,-0.330586912474592,0.31192868688143455,43.16763066459368,0
64.27437180617069,3.8495720093575594,10.310501781869615,2060.24672672576,67.40272815612767,13211.927583636141,12.570369932128848,1.3433219420839801,3.8740725303502987,133.0077891285368,1
53.69145306907505,2.098500811953861,8.766391942384052,2018.2355886604244,64.6471168658021,6030.4456929954795,-0.5669763910042788,0.1908329028381848,-0.11303264092135659,20.500986405793235,0
55.91776755409154,3.7638932603649806,9.844034404172758,2118.7316393613532,63.77979984215017,12133.675535640705,12.351924653502655,2.7614775396329208,2.8626817140219574,96.85222540448513,1
51.13950036511125,2.670191687587678,8.84415590572644,1969.7018508026244,64.70755508724568,9756.521313912715,-0.12614154987731818,0.06533418430843356,-0.280630621637612,46.248023574463204,0
49.06902362801412,2.7558569318205293,8.763704604382177,2055.4733090977325,61.27317100573248,1828.0003024563096,-0.4873205361087919,-0.3682223464840132,-0.022937865251842847,75.21450698110613,0
86.95963613139175,5.494321896167234,14.83894166077825,1722.2455629846252,91.35861194440069,17577.842182124372,2.8904619719148266,1.0252636237625539,1.04061126193713,170.64438264124834,2
50.43345701372314,2.2228236768422054,8.56245472146142,2015.2991276078933,46.709527057750506,5323.847130744477,0.016078918846284065,0.04961292147375813,-0.0010378741680813995,50.450043551199634,0
62.69855340231657,3.757945841859146,10.42221188181221,2007.241243763873,66.20293446883035,7801.8480127421735,12.364895556365918,1.5678325479939288,0.9213901141845322,123.2722257053528,1
98.922292517552,4.658516070268759,11.703332644701025,2300.197693529924,90.2586373888038,17820.476646438736,9.118903819100797,2.714054558647368,2.994819573370916,174.15408498375433,2
45.44109744044712,2.3924083327635612,8.01460550785537,2016.7246604172672,56.49662984324634,2788.2013624669667,-1.153966190889869,-0.24996078145502848,-0.07523551981093667,87.91004838785001,0
54.26778559336993,2.6460684433485895,8.059297211528436,1991.2270782479118,52.5294027550072,6690.954448552572,-0.9032036088954514,-0.3437819912057763,0.05318916394419252,49.97857732925171,0
50.121319518533,2.043775742557333,8.287567551825564,2040.565275284888,54.393068617698404,5798.342336703631,0.4108338077809825,0.28230235770795237,0.005429989297168445,20.991635175357942,0
66.61665945639668,4.1428560321006875,10.897464620559282,2038.3656820345734,66.46754139177088,11664.562495748334,5.458808474224023,1.3913553580356806,3.791957412648957,149.69243475634295,1
56.73217553581024,2.5219246392782346,8.604128366326613,1945.160858529276,32.44134874292951,8573.346449228768,-0.1816864782254697,0.11029970599915176,0.4413786375617444,37.95012262173927,0
47.81615039757706,2.39352359389023,9.063648706874783,1907.7288057597732,38.446418798510095,266.31686914105,-0.7550339959104986,0.37932081371478565,-0.013379601598567025,35.88029669002179,0
51.33491387935815,2.703775955710063,7.643931494144353,1982.5385262292316,48.27596283657962,9843.091908625356,1.6990607523969676,0.020529020594754463,0.25836702452995325,59.00515382379484,0
51.47757033861907,2.598345614744795,7.760270294524771,1948.5966093767945,68.80407057326246,7807.878459797925,0.5020018890665597,-0.34137251243861,-0.08035182977049335,1.0726203129719636,0
52.82348559724025,2.143485438353184,8.211869838420672,2015.7811165414191,36.213198692727524,8228.555236452406,-0.4652991634843355,-0.314025056329129,-0.031194989606129226,68.35021654164262,0
49.70632278448359,2.1302636827509325,8.183523396464985,2013.9905927151178,59.91329443739552,8954.35100756106,0.729843035114983,-0.03586560557460631,0.060535532211285985,42.04519431508936,0
68.7846649082227,4.896841223175282,10.170701783551408,2158.6418001217767,70.90458246040849,7485.023275022735,4.886136945566172,1.8720383254080324,3.6715622208616265,169.72198003679955,1
62.29493043129441,3.4752164477042458,14.908899488774084,1759.187314528276,88.799103024862,8470.622015360175,11.300983466771717,1.8235099083918174,3.037430860995923,157.46436998866216,2
60.032928983074726,3.4224666067473763,8.3424605748952,2029.7872502458836,60.562344431796376,14974.583288395985,14.600513281570796,2.4438239124430785,1.9633770297524753,88.03185795609502,1
49.58957731556042,2.28847118299433,7.761768882746889,1966.6457039932102,65.67547092709404,9685.25631511219,2.229066272389667,0.023771002088232004,0.18703917770073064,48.96420487523956,0
47.59375010263709,2.5155170154300133,7.864681465868228,2055.0142914541257,58.02128462367989,6822.456310494183,0.0802950513686876,0.40796971494812806,0.24113562029906752,21.40928427098237,0
68.79925005845811,8.523167221441525,10.103209419088019,1994.6553391066261,96.36482546175183,16495.65809167859,6.270956515750677,0.7563703148116164,1.4269834006386812,192.5277165175841,2
46.904520347814696,2.2332243512587246,8.217188461014183,2006.5807686636372,57.429749293219345,9266.494080645696,0.7043386011475956,0.17564279963099894,-0.5225149859598311,32.91380699171275,0
68.118146578955,4.351286591747305,10.637898472120597,2153.8172160345553,67.39595684289131,13049.885589761221,8.726384454619676,2.2130268658461727,3.701414374005671,161.48539096361048,1
44.40248073438969,2.5085406821315233,8.489517912733758,1967.8423001399444,47.96116982343748,1635.262086081204,-0.06068543320192063,-0.1817304563830917,0.6288483828152852,40.42607237984109,0
50.076322046225094,2.1512743108212837,8.411024220186038,2083.096488517364,59.943429068472106,1506.0027342759274,0.15675738517963128,0.11445307458033052,-0.1376872001382841,62.57262003557648,0
63.4707792833518,3.741386960716337,10.32985740433374,2089.178563161381,72.41479418018564,5428.867598394109,4.477673914570738,2.160359393103418,0.8441328348218734,150.29276339005273,1
66.99167368898141,8.021748756315898,11.465346641018362,1990.3428595435053,94.81727020715184,12083.657835175778,3.3458708851921335,0.9591096246709936,1.7099594669775429,194.07782942578552,2
57.687406399777494,2.9628273894732304,8.786797841283061,2038.4631167482198,56.97244732420984,7627.64037914254,4.420880922994499,1.2890953180016345,0.6298797903840383,95.6380126606841,1
67.01924427190109,4.889153987635804,11.565754868416672,2244.922767849376,77.26034791648259,11218.745609820005,10.242992610076232,1.0541604706824834,1.9546953348815763,168.9638430530457,1
57.51964967195741,2.3950331728205083,7.990431759107546,2035.0970488609514,34.60866245000208,4853.8829927697125,-0.9967410520821429,0.16029464887628084,0.08948106974902431,66.7276108566669,0
63.247345908694406,4.608052099248691,17.549685366600084,1622.8399672065664,99.54605820969002,10831.07704793135,12.520291959458513,1.3838831921811008,3.6515997546179384,199.12159320547462,2
52.666731498427126,2.816157702824364,8.76220476560619,2109.560810863602,59.17647487615458,11024.352555904405,14.68330334826924,2.8444623920040373,1.9969483015855154,86.65295449811873,1
65.31413158635851,3.8927987623083506,10.17497014034059,2049.048688424413,70.89234049116209,11632.143272984562,8.46573096281733,2.1644827379940397,0.732545711362651,154.65140845831,1
66.21154342771868,8.707597740090131,11.36234530459794,2163.725888638608,97.77497891016014,11268.240957601534,14.90511510977666,1.2911561858191065,3.5758914852931922,197.25811364454808,2
47.62354513001803,2.2796171593555354,7.772333255506867,2041.6879236708348,43.54252035838988,1969.9305583894056,-0.2499406625459149,0.07981303745888003,-0.11886454718332862,61.55261450691948,0
51.62030939051376,2.691150398625287,7.736550447623457,1986.801658875814,38.257555379085915,7710.565709064654,-0.5474537957438975,0.1280800458816347,-0.1721893827086212,54.9513738321712,0
50.939942914295415,2.4490547398737923,7.6204506420636875,1921.4253040994754,63.62716444618324,4382.745825467943,0.28423066024335236,-0.31276609691913976,-0.07007341350663196,73.76882394869828,0
51.4634163073774,2.4623538219287813,7.92366344682594,1964.316033126983,55.921151757606616,785.1772621182284,0.49247224661428807,-0.03466196957991054,-0.1481855058116073,65.12723502041052,0
50.41668251208093,2.565472538609426,7.885599224274475,1984.6319927175218,54.854206199702176,4194.169288968924,0.6383958175994964,0.0011803544568574856,0.29286036620555095,45.91983698192183,0
57.102304454609715,3.6869750475955696,8.723352432584838,1966.016233761787,58.76247450435152,11017.024901457931,14.586293252383241,2.636800341026483,1.2204375044834668,90.94575128422005,1
54.57362475039296,2.910597477189625,8.184255404762657,2044.8816740150914,54.80198196708269,7427.797821420795,6.3864161169395235,2.8561286118351648,3.9908172340840053,80.74626273364811,1
65.53721747836558,4.083206060721183,10.005445186770563,2069.1690740952117,64.40447587906999,8434.313817897497,6.800308163951836,1.360784446628855,3.2548230410761465,131.50770843101128,1
56.85683276298657,2.565337960210474,8.719715152324644,2096.5131575601927,59.63967913127627,13235.527271765655,13.613816787827613,0.6206864089016177,1.151455231379346,80.41402726033866,1
49.8651105445254,2.1622981438899673,7.94627106386491,2049.0618259407024,55.45964405483809,2306.9612344865286,0.9959097553045437,-0.052046773925509986,0.010009003174097806,40.410321279586746,0
79.41052382234011,8.866888607288065,15.356724155211557,1801.747231009699,88.40969539560984,16707.865563726395,8.567485973785999,1.9822633535131584,3.1625011975438246,160.49044432328424,2
66.59161861027036,3.3581236583973295,10.159104338707131,2002.503598126809,66.20156422789206,13352.37316824051,8.674101227633798,2.3276659332461445,0.5665259000898497,135.40535984499098,1
49.446155595482765,2.5806234158296024,7.966960783454845,1976.756501521324,58.17727282590381,4544.6350684146955,1.9975117034922045,-0.09415949794157419,0.2546910888405849,33.443822410837996,0
54.93885015075193,2.1699709112266583,8.239249865897945,2026.9481536327862,58.86742397230791,3590.9638353639107,-0.28770705554947656,-0.07675059618260187,0.6334839655253918,60.45533484733436,0
63.357000526238025,4.340741181631749,10.094324706526198,2015.434501420677,62.70932512488939,8503.218721062223,3.1926726614397047,1.3037217319754772,2.698735270081867,137.94769115093874,1
67.13507713502413,4.811356266328589,16.550786937761625,1664.4465009691578,91.3707281812112,16713.03804285045,11.188411549758062,2.8428101446334675,1.218615184816494,192.78224529457322,2
53.92154460905062,3.084198366658066,9.513151930019914,2127.4571712322345,52.69196372570566,8196.178225847561,7.135437219597785,1.1201506737824112,0.6353451540658355,86.01817194704188,1
48.29752302567465,2.8561254636335844,8.207006189892294,1991.7230799623662,31.665228748580052,7672.88195641983,0.6836677841391677,-0.005201051599575448,0.4657135697425497,34.101915430041416,0
49.37991993921764,2.671026497266225,7.433712308455501,2003.7601118330037,67.82231484880964,6729.704039298935,-1.3458016044206784,-0.09519051550176963,0.1803020622903037,54.51657898975602,0
48.9597230382264,3.042677751225429,8.114328048138534,1897.5715710908087,47.09244167149947,9805.406486806936,1.3773939916987517,-0.003394501782896324,-0.0759471526050289,91.45882994651839,0
47.73377737861858,2.4088306342209918,8.099784563302256,2006.2403558306046,38.7181941864047,9256.734939291973,0.17562771268226632,-0.31260772281350274,-0.23844211902513887,43.55158626194099,0
48.62602757985472,2.4591278817138758,8.629428555645339,2015.2231262181188,37.737198376322795,808.7260384750028,-0.6200342669721958,0.07871797839619417,-0.12733868888264196,43.928738482665665,0
48.9067829008222,2.588710247688577,8.137424619249137,1934.3535377749467,32.02400339618712,8010.0289763559285,1.791763350012659,-0.10863162277077741,0.14066391101006406,28.56684532728449,0
47.56467749832316,2.8073156821923932,8.102950353400173,2052.612070547196,46.81153082645402,579.9241856995485,-0.3636812720778923,-0.09016205798223567,0.012341561628689353,99.89796159187289,0
47.607442912992376,2.3552178809364426,7.973651730163254,1940.6361247028563,35.31673981605412,4733.402220952253,1.012472341477222,-0.020067520756833584,0.15826755916405605,14.54853658735395,0
64.17394350182515,4.05051452520763,10.11115322608093,2084.9813284621264,67.33399403869268,10433.059265666543,14.862877431821085,1.0112657834978087,0.9934768942809211,133.6323315544916,1
58.82536255033567,3.356300689724805,9.451861671157515,1950.2855996726491,60.89423146220864,11622.500713806503,11.63938203782851,2.0023932766800105,0.8911355130188198,100.1322928998857,1
59.86859299714549,3.25353680800587,9.505914973758124,1924.3410909275963,54.68834002614436,11878.043336329312,12.327213128595284,1.635667495913898,3.565024543242086,87.15654660721634,1
63.659435969015426,4.509635916277566,16.27834577133307,1636.5333880172122,90.48825773193553,9916.274149545008,14.075567746521731,2.208088862845419,2.7939962538608643,194.5126078756325,2
52.59134570950057,2.055866822493185,7.458068930971805,1986.2676604233525,57.58389161310932,1295.8216792992273,0.49659235119030115,-0.09670251770731703,0.3569025594555069,79.08400024551646,0
54.81707032346253,2.2374029297226863,8.036400897181155,2085.540427205716,68.77076977394105,9556.995589188718,1.232918586677483,-0.06734860600957913,0.24430194437036198,109.94396583438277,0
52.67100594494621,2.549325456137523,8.336579667647156,2032.9310904374374,36.39716154305357,3584.4944713356363,-0.7477830397187013,-0.21675328736749774,-0.5567954242989466,71.83522728202908,0
44.80602626337105,2.350306377083234,8.143431921409675,2066.2631801563693,39.47442837761436,143.7020592674898,0.05762276315959555,-0.049310721515197976,0.17387437439544123,32.58202359064131,0
47.528247778147694,2.523629868891202,8.230990855447743,2072.565452315015,33.446667736056604,8485.861892000055,0.8059009431107838,0.01797582408042963,-0.0023904074583642352,56.26824105327697,0
47.719212800889565,2.7609286174528878,8.376956032596066,2025.393992253431,61.37053509181122,2740.478081979354,-1.5301309287433318,-0.34706214071855435,-0.3827612999705772,49.33050379346188,0
59.33975503369487,2.8176085679274214,8.036099764124856,2066.620502921036,39.231356900547006,6631.287382441872,-0.6254358019996236,0.20589340164519931,-0.28816123007741284,57.90636106641705,0
55.152740615132956,2.691808853045989,9.42350479447882,1976.6195233291387,46.62566266591321,719.8193705642875,1.378357221422549,-0.07322393787506946,0.03733127937208327,51.93381405773639,0
47.07072022492538,2.5202619337209837,8.018667538555356,1998.604153801626,49.87165033718783,7585.449208966136,-0.1299047314984712,-0.13607355329797105,-0.24745185621771978,57.840851638370665,0
50.56130461166682,2.3384951627467068,8.119898416870994,2055.1813455222396,50.730092456528396,4062.542664278276,-0.4601870488978789,0.0920844535968778,-0.2689408313250601,73.9252197661375,0
68.8545787933971,4.00312659562604,10.453088499899662,2132.680647760618,66.14101637311214,7041.222845580976,4.608403315562128,0.663101135438708,3.0410258462931856,153.60876414666149,1
49.029226786156904,2.6505683169581866,9.049624759627545,1964.6888322965963,65.09859798687111,5246.211016193748,0.9512773888765313,-0.06556306204787163,-0.1550191312565562,45.337281349098966,0
55.18714176857789,2.971590395616285,7.907160203907858,2018.63193193816,41.15346452842785,4404.836513396782,1.3176976819723825,-0.1595482996912972,0.3820622191640922,63.94456358791659,0
69.41903601000458,4.372196715994827,11.365875410470547,1993.7918307905406,72.95375356228655,13169.005946848834,8.198016767883537,2.4598465884060783,3.755590501266873,163.0683019460733,1
62.618431642351226,4.4428982977918,10.598872297469402,2029.5942030320507,69.9588258848256,7114.5950938688675,4.250778286559823,1.7710413783937922,2.550664824696404,149.8484857596492,1
52.61511539318413,2.5570848729767266,8.575417324842181,1995.680750782425,67.09085778133274,923.940289370857,-0.05435127440020237,-0.1834056057481581,-0.46807259326611517,87.0932426771917,0
47.68602157532791,2.2714068304880057,8.453753531485313,2017.139202191198,56.89094616098947,3627.3381821694416,1.8930361454035207,-0.3410017545476919,0.35329439534789797,46.59763849537549,0
46.7724243144864,2.3765630470700554,8.305553047723013,1943.3558593322864,50.43126472028324,2311.3186062560285,-1.6964581544464707,-0.2597607108103723,0.2269782355519296,45.90429484788528,0
50.50998812441652,2.518349464946997,8.793612876912778,1951.5934495373817,41.83695244250533,2663.1231559797466,0.3453222574703249,0.010686350531086995,0.21303900883154264,48.47905622032167,0
68.69569752783605,7.628790609493224,10.736078019494983,1886.6234446735978,90.08354548033469,15594.347321763551,14.997068208871873,1.781906242247314,2.430134075580444,166.41931755552474,2
48.645743768643065,2.2573995559043443,8.374986423335233,1968.5023179153018,51.83265686209249,2961.9363021534205,-1.5154622655654701,-0.011758967911051868,0.09528266152384895,44.443196707546484,0
91.67522021635001,3.8627779100518804,12.278355918906291,2072.2242980850688,90.27216435764679,13174.843896687285,2.2591181725563545,2.1153259209180133,2.7117349849984342,158.60065735221445,2
52.54495165911381,2.476813149955185,7.905761590552754,1928.556692477517,48.44412740802082,8107.614681476384,0.5373654249348249,0.13454409757202818,-0.18848954760532594,46.0494279141757,0
53.51348554436543,2.8115681674340602,7.974202056652119,2025.876548136233,55.29742331761162,5391.908707225317,-0.13102042404249964,-0.23597433610948784,0.18764351645317956,51.244301488570635,0
50.100949875606595,2.614576501000903,7.640983458913863,1970.013907703431,35.66779669040927,4529.32870573453,-0.044686401440189545,-0.07774905873430028,-0.14101355554646058,56.41012825197276,0
51.74158444675352,2.405528328424537,7.914627455832668,1934.0657469536902,53.52190873382551,5140.410915785326,-0.5062866317860745,0.12452046763456415,0.37375772435650356,39.540457990737075,0
48.83236656440971,2.475711572578968,8.505185425095165,2017.043539567314,50.675029727797046,2316.8096542336457,1.5122349106655983,-0.007388237293499664,-0.8224468288432131,57.76429983182146,0
53.232961888716154,2.4799377087865455,7.437560847304376,1965.7895712587954,41.05961582739515,501.0542650497185,-0.6922824693857184,-0.007784590836018613,-0.2502614900293399,78.46123218017503,0
51.328259963927316,2.5125754120715875,7.9590287588040844,2096.8692120589694,61.076571970180254,7374.764718989887,-0.16596840779492483,0.044029038070254996,-0.12932999685770782,65.55099531048256,0
63.35546114818606,4.2126481085644425,14.25747996753569,1601.2230700691402,85.20792868005314,16797.458300963233,10.024609959995491,2.9315270872518986,2.9925774293127136,167.64793170260307,2
63.62331332402135,4.773849156375514,16.392199193094193,1571.3646361783358,96.38136460249424,10168.883678470658,5.346263550231754,2.7202841379509426,1.6436448636620533,199.62104576508113,2
47.87943979545697,2.449006244136721,7.413858751548523,1912.564348129064,65.82804407646073,3244.506536463395,1.2821083914265121,-0.10945757664107458,0.21996475128647808,62.73084076151335,0
89.0197612379574,8.192114732988825,14.144546457846324,1306.837767772674,95.03633820785404,17876.870198100172,6.869372788059526,2.791953061952778,1.6349525422571451,190.8000874277653,2
46.78888056992719,2.858277221319856,8.015456941187466,2093.464064349371,52.89150775777029,4723.921739257378,2.695378139261392,-0.1289840775740537,-0.13633004378083458,75.04003825883436,0
68.10234055861154,4.343107320880069,10.709860967890153,2014.4371196252428,75.49196810100095,5618.581817251174,2.662136538124539,2.2340214862095897,2.448518897066083,165.36736963199206,1
54.79803473825449,2.653718790122184,8.06288129061303,1953.2071515972698,62.97667331657222,3624.2917057831237,0.5979198567937416,0.09105627667519132,0.14933436170391073,71.24984608996711,0
66.1186313211717,4.686826006708671,10.447961088158287,1994.6058100738267,67.25061887528663,8614.441543250023,8.361304042371566,2.897616679335615,3.8581197824624196,150.8907662643303,1
69.42674394569511,4.2353649534735345,10.624284367447984,2087.378425828717,76.72883146297139,6486.83414948781,6.983274080108791,0.6722804498197034,2.3360758078552504,168.21262595270065,1
47.461783360117785,2.871829656009485,8.774204156505274,2029.934084832684,60.48140595640096,3016.418464500371,-0.5773122493731528,0.27016938408013924,-0.07227563435621048,44.40969921813592,0
68.71996676114529,3.9064573887666074,10.032528164298029,1991.948831615607,65.5208711862845,8144.977693797888,13.23741205775417,1.9535528616315432,3.052624926193628,133.90118006216886,1
47.41429402482608,2.277897673565081,7.465225778765458,2066.5920080112023,46.203365296166524,7091.21607838861,-0.8091408613093838,0.12451426432841183,0.5184093591112174,82.27838199541789,0
49.52446098659017,2.2965391545749374,7.756772935111064,1975.8555327459449,50.90355484114964,6731.211380977536,0.13899250685393214,-0.15069732481998144,0.23604344969239974,26.953987346350875,0
69.1402819974717,3.619967084700135,11.30045489684435,2098.215200946904,69.24981542100117,9554.081139812868,11.083464891271548,0.6697117796642469,1.8497258614721894,152.63122720992956,1
46.20961923177752,2.369570927049357,7.455864970263312,2108.5128358526795,31.57925179093539,2750.4026431251696,0.8636860694169715,-0.22111363990354987,-0.28798158436447163,20.382000737346274,0
64.60846967450951,3.7807845457195985,9.807111476249489,2089.897505006813,68.58590234256135,12539.561582968134,14.099834135507972,2.2278379703143645,2.860670840444555,123.28259083177876,1
45.73819646744508,2.46390078616749,8.116759978339166,1978.2473143975315,36.917793674834925,74.01339496148296,-1.2477623149719617,0.001045036230884446,1.244368515100153,33.53799981104003,0
51.94939097860452,2.347422355507607,6.806320935863182,1931.6263207903307,57.95107789447193,7148.819434892723,0.6467577814343359,0.1025327756727674,0.3053124794799004,43.13679866918178,0
55.1571965087311,2.694799543016452,7.159100101079415,1993.6139279891327,43.052379272934516,716.5209798358608,0.5159568287408673,0.05868106211644734,0.43022261936115347,74.43700764082675,0
53.69209112521095,2.2709419304941987,7.960455660127169,2026.420145456782,44.61564049334132,4459.5850633138125,1.9293787639710507,-0.22140096462073658,0.2557273202369081,64.00858641481332,0
61.69503770224249,3.697916426397671,9.081409471539212,1891.810032943926,67.05883975746261,9405.408877224378,8.711557096128185,1.22888072979906,3.436201918598545,119.39515629086222,1
53.04943990815901,2.5420844598824575,7.953218230844893,1964.0070495446332,43.73323756609702,2135.147813291187,-1.1068119374677428,-0.021020581461081576,-0.01041967867845412,44.50638355688295,0
54.57821629889502,2.962665826943924,8.488869117784079,1982.5136449487422,48.9718600996046,597.2328897194424,0.02845173597522627,-0.007065695886220494,0.16688867210989403,57.21332629859983,0
52.17214662476835,2.864698537802773,8.431055428759,2007.4535434622371,64.36372536827946,3331.254605226116,-2.419101298515626,0.2534784677294386,0.20700304858896254,82.77200442360856,0
52.937101890042975,3.3662372700650627,9.15998572104433,1984.0427154623158,52.10375278464558,7284.600450991412,4.648546434297116,1.5495636126492547,1.6281787459504136,81.0577033638186,1
64.1380324956049,3.48719445245202,10.79394693084841,1974.604800986179,67.55088525215234,6328.261044422154,3.654451394849646,1.3058016960529388,3.1156376002266852,142.94328925413288,1
47.90180968405382,2.3494180886426945,7.643006143101299,1967.4456540726685,64.32122181549107,1902.266964164131,0.24905273034068937,-0.10843411060529667,-0.09500800011728198,76.886981668518,0
63.7250781279355,4.258889339361027,10.42510251602355,1988.2118208698307,74.20197798155839,8804.323724887352,5.726634061362127,2.5147180694877025,0.6117211962109023,153.6064508243017,1
49.279800446796365,2.79926676756556,7.968422501346168,1912.140677178847,58.69908670768318,5166.055630351994,-0.699998739753832,0.30970851443484665,0.18523944615214413,73.5252068464596,0
51.13316968980767,2.1857072541530105,8.09412100814026,1971.8117091573345,69.36484308101072,8788.080989945338,0.8980791607716266,0.04144945635298436,-0.03571613175606658,29.832741565031565,0
50.708909971209245,2.5998191473271612,7.566387195796072,2017.8638956881703,45.12820534766016,9243.269973678312,1.4295557130065113,0.3232888844062761,0.03653543357789209,66.81744819399125,0
46.33164165598827,2.0597587038092247,7.43483615047375,2058.418074464574,52.364316823514,2791.966911565796,-0.17000229155364274,-0.24895848907013438,0.07465326500565739,46.47112017333369,0
45.458306703732525,2.6870028264393353,7.60541593133561,1936.0744249363895,66.63498269283797,3914.977382852666,-0.4842096178162646,0.1027811859074524,0.08367192019151025,112.69330662849259,0
49.905278412029496,2.263647039823549,7.918068710794724,2015.6089935940197,51.28745171314649,665.0839546658183,-1.019735141256681,-0.04086190346388463,0.27861044157988746,69.50984724760687,0
49.835272610131206,2.731648710374108,8.476991904903144,1991.1399634658328,43.11993393484158,5253.291322682063,0.3145803641541037,0.21060248128448508,-0.2729255021142361,65.11019149959002,0
49.878564739600066,2.0288643244875635,7.723279991599739,2057.0407291106567,52.59263127967884,8048.124609782379,0.4543680569720446,-0.061983890212631836,-0.19204486130761597,61.40613059749165,0
62.43632433945262,3.795495609407883,9.329303499939455,1876.6669370070092,68.58810759198835,13307.852941719731,4.168292334649006,2.4962234065205022,1.1240474829251454,119.71484628846979,1
52.95191314325018,2.226176848555796,7.734394350659332,2055.972887735763,36.39717598718084,6483.4447600923795,0.034007169463944754,0.38074604552931884,0.04308941887238246,47.03921204265313,0
70.92479628373079,4.5302756441402146,11.339266110494517,2200.6002030714117,66.83850823726355,8559.066820856362,3.3010180782492444,1.2506477753304441,0.7399768242413411,158.22478239477516,1
67.22706882933613,7.844971747989966,11.649769382000365,2190.3889442873906,87.5241463968555,16025.607188400814,10.893563519176425,1.2173112843917253,0.5962266606964952,175.30984620451787,2
46.530989301419766,2.3954169763471107,7.7801876167328095,1938.0752990492847,68.47146457234241,7642.435154076484,0.310208136245163,-0.02476306851912065,-0.1913447299316499,91.70373936795161,0
45.687362655666774,2.3558369723179675,8.288178008806904,1882.887656479635,51.12109402920884,7617.36902212518,1.3602949929499102,-0.17719401649482575,0.15115798025174723,51.70391859941575,0
54.20763806666175,2.874878479971136,8.075817389704087,1952.8712284004503,43.20283201796618,4298.519782898517,0.7872676660296659,0.042432789258002424,0.0867791280649693,49.496676251880245,0
48.82700167542908,2.3715543240736254,7.9566529232073115,2002.0835711069678,49.213663048889075,1482.191098035166,1.5685339387093264,-0.08382675871778095,-0.3711764948623883,46.97167864027147,0
48.14564744252479,2.44293537359466,8.896160665496224,2070.2849505988393,32.486077085302696,4023.11321174162,-1.760980219842372,-0.18226345309241465,-0.5923625352034142,64.8023464336224,0
48.5415905994535,2.62841762429535,8.056168974366189,2119.5936694728643,42.20286549917397,7275.346564904107,-1.1970550048264106,0.5413375881951002,0.31877160172000873,61.787392145391436,0
91.88416509385048,5.072942817586156,12.337272369052865,2104.113269719059,90.88897927919768,15300.650933720397,13.309827199379624,2.5405353863275333,1.4235095994493714,183.3207665769368,2
68.79912752347776,4.117048488589836,11.449056642846978,2177.7568592177176,64.63652397681513,5022.457084776553,2.6264228681735347,2.916576669736061,0.9419387977304622,143.10757838518668,1
52.350324261885795,1.9926308267544708,8.054896040384932,2012.316279890481,41.05411875600667,9390.580182371483,0.6460499129015056,0.1558311693483998,-0.5016513863243994,77.09680472167406,0
63.68564922830461,4.6039984069183335,15.837342685457822,1692.1340498598322,94.94259902052696,14409.34206083016,12.978152477680018,2.323301869581561,3.4110239392261503,194.1986565140656,2
48.86032637393725,2.5347582276526,8.087257830772897,1982.3847563325414,30.976804105757253,5797.650089005092,-0.3797311250338392,0.2153329303004543,0.052624092547923405,56.94132544400554,0
46.89009064586546,2.7250823525480428,7.946350497848106,2057.127236312314,51.22542329489825,7539.365442663667,0.6208076608404062,0.24321296728723674,0.2994717317491019,75.13541194946669,0
49.450049473930086,2.1718694799323472,8.358584987306644,1971.7819787657984,62.12184506239494,9454.505501177888,-1.497858674779467,-0.10782213214032979,-0.23966966942793916,70.5695801838022,0
61.67620849350278,4.063183057165837,11.501302810358975,2079.102388451437,70.04226582436397,7665.9757683041735,14.17694711070363,2.5121472886642895,3.0581291893034335,128.05592573581322,1
62.64277962460087,3.73028272625781,10.456371952086283,2108.0519295184126,64.02969365345052,11150.933658744016,7.81810425838491,0.8966379249077348,2.361499882750075,134.48825412920513,1
49.7754927029801,2.225661402558633,7.724128677124232,2005.4863644152156,46.08370997643988,2576.6191983668527,-0.26338968781213823,-0.05996023952986404,-0.08131830243078612,77.18108312495795,0
49.10181847000327,2.322326686712796,7.730594820551441,2059.23478989405,36.395894411757524,4041.161815461599,-0.4621159637998562,0.01086713189307852,-0.4008808909654062,82.51955920012797,0
53.595107031220586,2.79434434784809,7.26593093669187,2059.832626746974,51.18419416263845,3871.577061334354,0.7020504838600158,0.337033426409562,0.0682034594134754,36.711376099313355,0
63.95475567016676,3.4215107016253743,9.700780202778622,2139.2018918907534,61.66365864477275,14154.513686150984,5.001096188160502,1.1424251942978612,1.76567109904703,113.36319625532295,1
99.51919627967446,5.972430410680787,13.867206201703425,2041.858317119122,99.05128590232832,14724.00349683731,4.356788813451669,2.099384959555662,0.7667663893600323,197.2454718895884,2
65.94276916803615,4.152049320786855,10.207552455963157,2175.999471867861,68.04597896428925,11891.81758943242,14.604624095814334,2.3633059435643435,2.219725141957814,152.77506222741863,1
57.94842223115515,3.580210138607374,9.203908210074678,2054.7567852120405,56.89566464093576,12533.402207477691,5.526084007629766,2.0746097416864515,0.5860356482984741,92.80510178172099,1
70.76176871444815,4.214952666599559,11.602302322002616,1985.8446168025414,75.12867282393937,6847.377416904785,9.762662835473257,2.647922382782884,1.8388657430384643,165.64474562602058,1
65.74463259091927,3.9570668737929147,9.435894717470129,2129.6784963340906,64.78332439124621,9734.58352419769,11.4914746927221,2.05910067442747,3.044683958434671,140.6987031711092,1
62.26778141697156,3.6655661762587646,9.81847916220106,2078.595796724947,65.78988103887487,7675.9017832785285,3.9850680932634295,2.421003056559334,2.026629892963085,119.6904289840496,1
50.75050521090098,2.546792048336363,8.074906270433509,2033.6900784937122,49.185645158994944,1418.665861618056,0.29784022562854734,0.09214027007791964,0.2696506960151812,45.93003294337219,0
46.64933817866027,2.5287513633896275,8.554706991074584,2030.803722254587,55.67836847886525,7945.851410206258,-1.22584443986832,0.08497121547646391,0.14028690132944088,47.59803094183399,0
49.514666016961684,2.315787363084329,7.753283468004761,1888.9089647150079,52.4121368832485,9924.232665070895,0.8430719543469527,0.11061951775741126,-0.052602982489291045,68.25704223154717,0
51.377385390119855,2.668355572582362,7.488023527226726,2004.829116734604,56.07045356272404,656.675664328742,-0.293258546795674,-0.13880849926819544,-0.19473948114978887,6.017387126816914,0
49.47631008117463,2.2071018257711854,7.657882849618729,1952.2967373857434,48.86269853458905,2355.6185981052804,0.6686910614492145,-0.1019948409149583,0.3408304090339182,53.06265502571111,0
49.332582073010975,2.611372662754482,8.033398572891253,2120.5719457020286,66.74763706732772,4184.7957785733115,0.2027240028633781,0.2251228304142766,0.18964423051238646,56.81479687588089,0
97.03010107651075,5.177228115358824,12.536712875338607,1914.3381045847318,92.96365062820223,10221.820248119997,8.065302166862406,2.5908579894645936,3.5541628956881457,187.9012801391474,2
48.49460292069864,2.272829245333528,7.138082774498785,2058.8226100552406,63.76163653784302,7166.718682829376,0.251069560976945,-0.16107151933001615,-0.09505296573346873,39.98920982833464,0
51.2160625079874,2.158425779879685,7.367831349118822,2012.4112753705172,69.60691221673727,4218.367323682938,0.3276392367214207,0.011475110761396257,0.18242778719012065,51.94872573957317,0
50.00098617100439,1.6402510197320233,7.519748232517562,2071.6203628818876,64.55544130715828,292.81384768146233,0.5202820618006929,-0.5702335614493281,-0.4530480534207221,64.4364046245611,0
55.921200328207554,2.451016484431509,8.3721145597808,2042.7998645153273,43.66332209158341,9994.505229919636,-0.46283052343037057,0.1344905550772312,-0.18124148602548526,30.191472759211685,0
51.23812330167033,2.6560315247434434,7.770736178792036,2035.3126686797425,53.73844889807344,2832.4906227737447,0.3253981609903326,-0.1381375711686474,0.12423464018752652,32.36825173972532,0
67.88101203540548,4.076661015845164,11.132187181177477,2170.0966764543673,69.80228684648661,12305.001678916022,11.414314456825892,2.0787457067182205,3.2869743240423994,152.92235999816154,1
50.47659401935945,2.194403865609202,7.645017362983134,1927.8292781870725,30.69659615764904,3827.9058791788334,0.18839031490654692,0.27234042398646524,-0.004929992760227661,44.65741378714853,0
42.54261526314145,2.3243435314312784,8.427594526696414,2022.3633279125534,68.36954338601902,1776.362265442959,-0.5948203104540761,0.008159643644762472,-0.32249687013912165,49.953131937009594,0
62.568690610065495,3.7245454000196268,9.099599071261506,2036.9879185455288,55.92806297766459,7407.993099381385,3.6672266733858434,2.391286810122649,2.917648296638185,90.24830023448284,1
56.97654436523677,3.4402390911243277,8.942355721442551,2051.332589169209,54.774647039716875,8815.205521893202,4.285929169917022,2.3072854555034628,2.9770258100760385,83.67563986549895,1
49.557653276658435,2.5682710848445294,7.358378716427013,1954.446445686021,46.54498410443164,7140.487993824833,-0.20329250508088953,0.04747260109426099,-0.32098825735652475,77.0559969139144,0
87.37227470913787,6.346677017048275,14.954894052654453,1971.2297644339276,93.18515833790178,10462.342214050801,12.820409341152844,0.9379343527972592,3.5229636632226695,168.45136216778343,2
61.98344907894736,3.939089214633418,10.119299962692828,2033.9298068308551,69.47155745125508,9657.855731799726,4.90412239069169,2.5863722497870394,1.3001954052714053,131.28749668541587,1
58.316347453016554,3.595667041210631,10.073547012592712,1975.3885387072107,67.65478421409016,5954.512501852276,11.538779242415906,2.356278832848716,2.5353295555772486,120.76815778263335,1
46.646576523414794,2.096084725935173,7.762882983662643,2009.5145929006815,53.397399501785024,2787.321924528471,2.460293517850871,-0.2786022037366466,0.05892505342502158,69.15905112800387,0
50.62400267958674,2.293352440899677,8.984099566177102,2025.8048021481466,48.375863165493485,8251.25847333028,-1.6250167996291636,-0.46472021187844925,-0.3041633308166277,76.95744129385292,0
57.81007178229117,3.31552109895068,9.363628337210555,2056.3972165396,60.8021039018732,7668.907461495628,4.981363256318398,0.652458292934853,1.166340905036825,110.85776521512761,1
44.7212211458992,2.508568640099398,7.336256864764466,2060.730238307911,44.6898335299848,7826.243341211074,0.6020184725575028,0.013807000178236438,0.32034100494665463,40.83464974945578,0
68.87445361545564,4.150512146315929,11.529307063139159,2038.0387423482857,67.14319899061483,13069.774029964305,3.7581459779474793,1.22562260990657,3.8917737009126414,160.11700346977057,1
48.02067332136479,2.4280821569229856,8.224874685590553,2039.1676673910627,62.01349551262917,5272.7951176197275,0.11767139777915904,-0.3591097623203179,-0.34633824639877636,64.00042253317952,0
48.31422472624203,2.1552928470780057,7.907660676286715,1990.5390003488094,31.75006800027021,8567.251943544528,0.6001629846251404,-0.1044978106345687,0.6032776978329377,31.265888653978674,0
45.03268981864294,2.6976957975335765,7.289607220758884,2028.5012725023512,46.785920428896276,3569.001340797053,0.8378732282453899,0.31286486794296176,-0.814892879145877,28.20340738035435,0
52.939370573718506,2.8469106733987566,8.45160021023259,1984.78806142846,32.51730281794075,5845.098951117265,0.06867002592525655,0.1258313358417154,-0.3285118667212544,47.31424537779624,0
58.72481642683732,3.7485394566909442,9.670725993641323,2033.5785584447108,60.54244663530533,13734.752535272743,13.240759121601801,1.8347355565034515,0.5664963095026776,113.64154010368209,1
47.669087804110106,2.5812927699422588,8.4406741676215,2023.3469026281562,48.76870878584465,8290.809901100376,0.6714307632261566,0.22054289805586047,-0.5074758768587287,41.86441324779951,0
98.27221459373061,4.805955081474547,12.990646849672366,1982.0818398115498,87.74643579736392,19122.466433775902,4.354983894964626,2.7811874642983723,0.696796005404114,184.1865670848327,2
90.29382490653477,5.374687849131975,12.878224892819967,2097.6722466957976,88.40322101156569,16977.23078380338,12.919184646755806,2.82119032900375,2.53859366371288,164.03592189434872,2
62.17937952072517,3.7012258259649258,8.959191677605741,2128.858628453688,63.999956379543406,9633.510937188694,2.9604855054547032,1.1866635289498004,3.480692529822297,124.51083831886825,1
60.05254491190737,3.8042965135960376,11.361906410295838,1999.1484808718674,68.26767920288614,6666.401877523238,12.570433490120106,1.3645281925845563,2.2614032915162436,130.7064984428517,1
60.412726811672336,3.785174578752569,9.128981398857466,2010.4190812690626,60.6459743508473,6916.4922563199425,9.831779363556958,0.9917160066286258,1.1337240354168268,123.928564059893,1
50.26485694501444,2.537128827169961,8.087461372205324,2042.696508915342,46.397182418344286,7296.413655419434,-0.3063553205437816,-0.034652487457302455,-0.3906317666879331,29.844125802927547,0
61.19116271002579,4.515005747181932,9.840093671799211,2145.8417128738342,67.87842572785237,14307.254276476786,8.730270046310425,0.5565970585718684,0.6009688056031828,129.6226410930633,1
47.86724574247102,2.7837024543853635,8.558931906783387,1967.475023352371,34.647566956771236,8468.129619628855,-1.6404683377175975,-0.0655697894641488,0.5965369435518277,54.63911543212769,0
47.18916285406236,2.755582606465047,8.063122062461234,1950.7725819369202,36.04474703576521,9404.848786991399,0.7496450233318964,-0.09553486908946252,0.045468666754329,45.802910993786156,0
44.96782218478314,2.3406754593986223,7.7962919476525565,2023.160715015808,58.84965099971437,4457.916510280063,-0.18409543708741957,-0.1810834109500724,-0.04828048269451324,43.4873353563776,0
50.623131088206726,2.5651134552359065,8.009602709576683,1985.4690972317535,38.9417502241313,3200.9309804555573,-1.1203983467503817,-0.12077516809722764,0.30638471799335587,54.62003216743212,0
48.263339255430665,2.53478149116465,7.705206510775879,2041.1124212143486,69.55013668781044,9220.096204897769,-0.02376018688308722,0.3499521941550042,-0.14846527048233124,57.14314997642958,0
50.17923314298525,2.4415300418661094,8.561226786725882,2045.099861617606,65.81823112939804,9363.780288581262,-0.9950770985988843,-0.004438405422049635,0.7342439990130163,20.6840377625473,0
69.4657400517442,4.709676555721508,11.055484014740964,2050.4788659332194,70.54511825990114,8560.127271489966,13.394360691288018,1.5949212653717981,2.4854707998925,169.03561015783464,1
53.236989670107015,2.4938039820786706,7.789385061389806,2033.716756053843,56.62864997359869,1463.8290514273133,-0.16653716513787817,0.012528480641148605,0.5029598166801421,73.12374088460477,0
49.224287097372425,2.757279860352963,8.464507362430508,2065.5664820757956,36.72984864111982,3189.9927558985873,1.200665440810028,0.020563848223413658,0.40465875934108664,26.344236615806132,0
55.691160029809396,2.290090658105541,8.355514860445332,1955.548514453873,33.24914512885234,4510.385294813154,-1.1690157485579018,0.17665829414565007,0.0859481840433015,58.88222781249169,0
66.83989161725346,4.4546316067034315,10.91748841296667,2058.849582409922,70.7747509925808,8794.968331136139,12.358907840900937,0.9781347786133585,3.038778034952957,163.49085432675236,1
49.803428209603815,2.5584737118002745,8.00831033720303,1946.8676469751967,34.96957895453896,4924.517048620648,-0.06848821111697605,-0.3519870753570915,-0.020838885091571325,52.960957384202224,0
94.71999015558411,4.822248515587142,9.638482353963013,1903.0463694275954,90.01504544487442,10632.760526762911,8.838567123582422,0.527615900141621,2.164458441740968,165.31982612318384,2
53.34539075549844,2.9228348449306503,8.35943170977035,1933.226735327594,32.89493372070018,1076.4242183346385,1.2594018029921237,0.14480045100000316,-0.03515671021936158,9.499273709805117,0
96.8918039628594,5.476210024825103,12.16986237284242,1754.4562717689098,91.4775067012698,16292.534539234977,6.281543683012032,1.3155905603548532,1.4427773946049895,197.5494602979186,2
51.7825852363876,2.6444600618543146,8.240330132002583,2060.3847331529373,41.217101402331124,7348.552058083777,0.6741312301574081,0.2222457829344994,0.24425107959119552,67.78148781340025,0
47.66834276879614,2.442926651980489,8.48845086621222,1903.7014108570324,65.15488753426462,2829.3773299449686,-1.0878584215320681,0.08007063584920263,0.1407106397015908,46.93692348442639,0
61.842363650783206,3.402357680164086,9.897693867720307,1976.7942756681878,62.33083201824102,12953.070330111143,3.0498681692497467,0.9735136995177627,2.9190835542326385,129.12251877684548,1
60.87246017874104,4.144441705944924,16.51511308671842,1816.472942199205,99.36902369363649,12228.593109277583,11.623696423416858,1.1432314189576114,2.2806358241915143,198.40662243954208,2
48.99348635056772,1.8904781537573456,8.3468461176288,1950.7026763518045,60.83852097941508,2802.0286713891996,-0.4736296745194499,-0.018828504841482567,0.22493590323254767,35.87872272033618,0
59.59525849535763,3.1353863290029067,8.980283755426408,1959.5494950838613,61.347456311725125,10611.123857080787,7.991312668039585,2.7493527274493608,1.2689866195026809,98.51934697589343,1
59.306079358675795,3.328534612399154,10.052182255990857,2008.3799575593082,62.06708266111718,6360.264248776028,11.175749638667432,2.7996025599716905,2.5172971344944046,94.3157456556365,1
48.87747924558969,2.325706895777606,8.016241027376623,1951.9238656335392,32.788187308269386,2234.0462463622644,-1.1353913238732314,-0.52309379200077,0.5241711985529673,61.114626382060045,0
48.39539714871396,2.4730846513623237,7.590727605104098,2036.358965790178,67.56849973159835,4864.037550971114,1.4698956716929237,-0.05624574879442045,0.2320346839910011,80.72690294438738,0
67.85401615345408,4.567977131970372,15.19351486773966,1687.2358440885841,88.6795724671597,16834.896643106338,4.129711821518871,1.3606003467973773,2.832675418825825,174.00166674441846,2
66.17762889692888,8.442503193777679,10.290423796900559,2087.8547467916537,85.27043228736616,13595.08312763145,10.664457631755921,1.4624798693396461,3.3088979000506957,158.3885093059804,2
67.9289042482976,4.218720525842039,11.252479006573537,2095.1378699747816,68.37298973727133,10904.913456548045,2.7236631064562675,2.9644190145620333,3.3000646850694606,146.14233939436104,1
96.78276729308867,4.850329998690295,13.464961186621768,1960.146008625947,89.31800410102923,12972.807772835957,7.268223885235621,1.3901042767575613,2.46822965100643,186.24324251643256,2
61.370320038737155,3.410765872757791,15.774464576599174,1682.1543501073122,88.22986486182603,15841.670275514734,7.44959622856934,2.878059364099013,3.6306406616640534,166.51319819539833,2
48.46573148403901,2.5502577925486745,8.544968894100903,2051.480019309494,44.36797182572832,2196.8288362527264,-0.14372636180804266,0.16278771490476482,-0.07536084385780766,51.65475844509758,0
48.739282775405066,2.8557724766289585,7.344019227316939,2023.3234845468153,46.66102595358238,9276.377180531867,0.8930678269867728,0.029530368107490036,0.3651389763468336,19.555893901482918,0
49.932764408618375,2.364357094722825,8.781266206773905,1982.3977322314158,41.18451593701754,2175.3117379436717,-0.8572399555835665,-0.21320563334290218,-0.20803096283160277,98.2990126742475,0
45.656879695764935,2.0770962116021052,8.286716895843991,2043.798691895629,30.222800224142023,9931.762181254879,0.7888642158521251,0.2217553320614466,0.3723402960044405,7.42819582346138,0
52.0709087842758,2.746510636754446,7.848309365931373,1937.5889055104792,46.910316833364135,7599.642583052485,1.5299979810812656,0.07361478931421557,-0.14517720353177357,57.86886094566797,0
48.72425496281148,2.751350103257333,8.663595611400893,1983.6731698311835,33.572780847350494,8594.932898889781,-0.24967296780826237,-0.032337821605012224,0.08246790267329164,38.37865399879952,0
50.08459722716071,2.723648601273047,6.830384049796564,1928.9832433617264,57.703505586865276,4522.627625236084,-0.7542681612914635,-0.02535666132773397,0.645219206548815,58.57274205522519,0
51.798533723492746,2.8181679634275456,7.515906624639453,2091.9218449764167,68.47661205645151,2741.891679492476,-1.743694507057237,0.14192020428029592,-0.5728748301590705,34.193372366030644,0
64.43604932706023,3.8971979029569535,10.534869480703257,2103.788676799915,67.5353529625842,13014.416946695064,8.827066464112924,1.1041570259364535,1.2235735697455083,143.17094094820763,1
50.893006745938386,2.436065873772163,8.153256103234897,1955.277789990641,38.540454724841005,6058.668475118883,-0.8277313896965831,-0.04858284621745554,0.5225455244879142,65.69650737096987,0
71.76118040771239,3.9680283338765947,11.039083043339431,2138.332684835303,69.01538675162263,10869.455649134517,4.025906802453539,1.0265413462321544,1.4107840736237192,137.33309681654387,1
65.79445157049325,7.120507493169516,11.217902930936344,1772.8449985010845,93.26110303530103,12246.587735165655,10.413682511496438,1.5629475177073278,2.8507529838894743,189.1727791308635,2
59.717827027907944,3.531605987210742,9.436983947534559,2185.4758218334555,64.97276706541703,14726.919278763293,10.342066932448613,1.398899644810406,3.3600781421308037,102.00085751863352,1
45.17328539916614,2.9955686381442246,8.176303192006246,2077.9682716238754,39.14028582057861,174.83287408542657,0.892128365299519,-0.43492292155168466,-0.10139961049415354,24.935668533796218,0
66.02667871205925,3.9486396106213677,10.727579426441729,1984.8567396101803,64.3968307044248,5208.962122055741,3.5334736475182007,2.8743024767764274,3.6754721247452578,144.3430813779012,1
50.84398063984512,2.4630199251457903,7.591612679893913,2034.773029173967,31.83789045186012,9652.415089115333,1.8858108922488321,-0.28566815150990416,0.28340953911531014,33.852553120559136,0
47.99064836790313,2.713999062473868,7.975524425919976,1953.5291963270329,62.52867227582603,3848.6469646216924,0.05182836464556486,-0.0916069780704541,0.3421610588092213,67.10333147562707,0
50.54169162256401,2.241135634315118,8.196852873348998,1992.4916248742363,50.10848432245311,4722.660467989786,-1.07536928159791,-0.2545323003569454,-0.5829280068392155,52.56380996362647,0
85.84514896592913,10.019045966510753,14.556094473041682,1854.548019109396,90.60985653335132,13439.953655808611,12.204211530299386,0.7328512726121914,3.588725945967013,174.7558069593099,2
68.1437983924898,4.374168894284105,10.556623450956776,2046.1122214463117,74.90812719922165,7968.678510327685,14.686520444258248,2.256478579829639,1.1070062958944518,158.77354468921982,1
47.829688330510734,1.5402206064363466,7.752753699058926,2001.8822532548575,57.45204502974494,4871.917752884433,0.5749060409150368,0.10609037061783017,-0.4929807103710833,42.707158917657345,0
47.067392919507554,2.1377632955689587,8.925041672438619,1954.6873829258348,40.92652224320908,509.76763468675966,0.9985951094403411,-0.07116581577860957,0.1621428588057406,49.961660917400614,0
47.46018547283523,2.314411014775984,8.176988442531838,2094.6326854168556,54.15995715981766,7551.267893341312,0.15143376016071822,0.2802138711254342,0.23840349691353716,4.126759552586776,0
53.66865951700501,2.954982763383637,8.808907671868127,2012.451471636929,55.289548457730646,6618.320675862214,6.851921661881422,2.736228862186979,1.2210958017232993,93.45556788864172,1
53.07303860595747,2.298550745815754,7.456484835999363,2010.6545287434485,40.88796557106262,1678.2209412292425,0.25846017431906904,-0.06529652475591127,0.6934828125901903,48.50342913361604,0
45.099007115839015,2.608550173053332,8.524806397485088,1933.8247823682875,36.01400503676921,6172.218591674618,1.170315725601516,-0.320016294202929,-0.26774192554914955,52.6275966983673,0
71.02024697194476,4.487545010449541,11.383138227782434,2029.4020396633402,69.11457503106786,13831.964468027265,10.764072488595238,1.4256369598060752,1.1666338822424756,167.58379638307278,1
62.41235137764682,3.29487224878018,9.998646958126924,2135.0828997517315,62.7546705662059,14112.821722034727,7.03546861555445,1.3709687777880337,1.2153986660657878,134.29171892553308,1
86.31102289496916,7.872049299779068,16.824504946365725,1880.7844313515275,87.86095213011751,16568.314575042867,10.760550657548732,1.9487162036409138,3.515619364062601,164.78774001595252,2
49.859113558682495,1.9243221192721447,8.283506314282203,1989.1545938448483,65.91790269796653,8652.455707076024,0.8442587416581412,-0.0932822055568175,0.7162744886827493,52.128636630946914,0
46.97568587677401,2.8627604506934317,8.617945154949531,1929.4874101146875,39.59327688696284,2244.387232458166,1.2625801891613782,-0.11881617140765753,0.20700262747112533,36.77621734687811,0
68.52599930032616,3.967187205651209,10.431186061129294,2049.5634272994334,72.46180213883294,13635.393848166737,2.3007705318074785,1.823895318376713,0.5150048549592674,141.11718924231346,1
58.47665659561318,3.2952630302137056,9.92139639866428,2188.873236169859,56.65509323562172,8917.273511513293,13.786983071723279,2.7458975472996547,1.213674094336122,107.79873578804113,1
53.41953355371291,2.558512700403728,8.251175111955282,2001.7164053988224,61.96208551951552,9530.918729786219,0.5935947466572257,0.0727774262271431,-0.1570383127513404,64.07755293813449,0
53.67266723472194,2.3952729407488484,7.840179159008569,2013.8592998690708,49.50839203428838,4798.3240272513085,0.5795059819423658,-0.04897367678677363,-0.048090004964205686,36.853289685974595,0
61.6042161513862,3.9518836009300387,9.737252131400863,2046.7652835393546,68.41828785464999,13062.951619074916,2.4774816740801753,0.9408254803978912,3.3736093060409864,118.04171022909433,1
50.976602617645575,2.6579677653751888,7.576296346223076,1998.7095555690685,59.217849273688074,3968.6515402788646,-1.724222857104935,0.11721609806263639,-0.2320139858828903,27.301317986088907,0
60.11279867208408,3.098464815947881,9.351402125766294,2054.5938891402466,61.560917042363435,14835.527488777745,9.709746543251,1.2285122172496137,1.9922098147809795,118.3842386143604,1
52.456961825789,2.3493333701275407,7.328411917063031,1995.4586644894546,62.074747728186345,3771.114810557945,0.8219797480807941,0.1012658144546385,0.006466425648056039,45.623495473048436,0
47.648375536209436,2.482996966372663,7.4640120373350545,2000.227035245566,63.543510327962046,7594.868026364567,-1.1382772511627042,-0.2708242733545958,0.1192447326459431,42.408536064950994,0
50.093185242379015,2.494784756041384,8.435256531777737,1973.896994897577,56.568779698367635,8612.834319895646,1.2375007025379259,-0.07581119913576273,-0.08833448473590862,52.84309942525928,0
66.66925324760383,4.143259119117114,14.974510735231455,1663.439909550804,89.39962905248659,11813.292500320294,5.397509871396368,1.3578388837849151,2.3019865096139234,175.96824912320739,2
85.81042061691414,7.8186140755203,15.610310870357418,2178.469848970183,91.75849515696633,12935.481315775782,13.930892174204898,0.5328340638076569,2.471561832880472,188.39146980771903,2
85.42277241139297,6.620654457809409,15.632253206605206,1907.2142007934349,97.21740264075926,17550.371770126818,7.667479858673933,1.4663556254320016,1.1717263283178538,196.12942614963185,2
100.59431331200123,5.491215184459193,14.397851387789668,1947.687277707319,91.93725873595561,9317.411914346603,11.904062689675682,2.895466982464672,2.5211776631480824,198.1727125599719,2
44.9552338307126,3.305919335044911,8.319335762630063,1995.8711312023256,49.19052764512993,811.0244101397857,-0.5637458660069983,0.27607182489947996,0.18930876069257574,83.4183361074204,0
55.73510258039071,2.9808480289298243,8.434266009039552,2068.2199554948415,56.449898406267955,14808.102639729745,4.793369208725491,2.619858654428409,3.3891130968391883,85.57945613321117,1
68.86523875384798,7.997000500600578,11.704217338763907,1879.7208058231693,93.90461630957158,12460.595574787814,13.57844858825976,2.0302735235158424,3.566505224866451,196.18137846329543,2
49.76429195753362,2.2366817994031294,7.762995371048384,2024.950684605656,33.648571150105994,3294.347383382601,-1.5575389048162822,-0.17863515619851245,-0.11912383206284516,38.37387196092575,0
61.989729642979675,4.236533487515402,8.923624880165061,2065.5698673113493,63.162143620958766,5235.947138632017,7.61266865022404,1.9315570579747878,1.1369846747393826,114.73356646638476,1
48.28986802274897,1.8667957457234756,8.642685080518863,2066.254802805241,67.99579920074497,8575.641403991252,0.5818812995760403,-0.26767530696715364,0.08329239826032692,67.31970665924392,0
86.52092470782259,3.7518564738714706,12.837887284902113,1934.2606483780403,88.93179821424688,9074.266554829463,13.093169140538777,1.837215674892502,1.9545713143706795,159.51587212578704,2
48.208964517141446,2.617340948432929,9.445947617027104,2029.3190538653264,36.71555028123023,4272.215288623039,-1.338422160762751,0.18062905430855822,-0.23843327731470415,42.918332675035366,0
47.116652665792955,2.563052355235975,7.277728287145272,2081.1154516446295,57.127290175632325,3148.36975516826,1.9729815705700908,0.23961759269794158,0.3221365426887518,65.92320845275866,0
52.871980198294544,2.5458496842272798,7.805726400368929,1995.0956600916097,59.08125523471772,9433.4414935536,0.43451934820866256,-0.2042491976207145,-0.19446089453091714,42.19668385940332,0
52.363010460306214,2.543860677628366,8.38788632392752,2007.6293820962812,60.80148094764876,5983.894641678093,-0.16210586025741738,-0.08071483762903678,0.1289327502256143,1.5763403752127942,0
51.81163896872977,2.9662734539285363,8.548783803813583,2045.2107342453764,59.076813543240945,9362.339011968528,-0.7891622212113611,-0.18044887791329509,0.05715317703714587,33.30013272980213,0
46.1354535689905,2.4955510124772067,8.612520321692344,2076.7122526461135,40.59137707728078,4654.16690426074,0.23107273019553737,0.06662706836366794,0.12718522287975553,43.88882863478276,0
47.692989740633095,2.4527086684463613,8.674154791985021,2018.7632880336337,30.656270410471805,4190.950705553172,0.043826504844656534,0.05320141251530974,-0.33765588939501545,74.1651428134408,0
49.627297263926934,2.2787751166256136,7.977377731784473,2042.8354157507265,66.43979640507123,8171.419332282389,0.7057306076839162,0.07851011690304932,0.25342439959095947,70.60656771682689,0
63.41802598054976,3.5142232244442644,10.140391029526603,2025.9741823536458,68.56322015978525,13999.492892722827,10.466441186031775,0.640450899295278,3.339199805976282,144.89393078221661,1
85.72156479977353,10.332759082745687,15.967433237573507,1995.2380445213025,90.52543526081001,16344.542408071808,12.236534611396383,1.6177785187044562,1.63131751973749,192.32400979940468,2
48.1564119824794,2.81833952708464,7.3114799052814705,1940.0920793762496,49.94957323249352,7024.9957321907705,-0.5384998869943409,0.2725481653997925,0.37374646648905124,68.41509130514477,0
53.38338037155137,2.9045972912778932,8.57708139021073,2010.9572669328675,68.98244734947046,9571.003208802422,-0.4600643894655564,0.14699979975329025,-0.13255532685029286,52.10567094883273,0
59.15972555142424,3.0627244134082647,8.817402838662552,2019.9785224063373,59.745708808378176,14689.484917533215,10.518396409909869,1.0609310777938894,1.7433156122328903,90.05355100096745,1
63.31675312722148,5.965362038990902,10.900085759659259,2231.024568531958,89.9904882857444,14182.313729737492,8.817987811712758,2.5733971571911276,2.9641998811454378,165.08235854145573,2
62.75875376227958,4.272569998950246,14.244936369958902,1553.4039800257115,95.65042266324402,19436.049862516644,11.796261601608638,0.9486216572015109,3.774324499125411,190.5939482263211,2
42.351381965789955,2.2482705332286854,8.277998525785723,1984.5567684713421,43.28955463586465,5785.964696795464,0.7311108396894743,-0.12782784355700808,-0.22085912531480228,69.82094093854903,0
69.63538684652079,4.435851382175425,10.09157818756173,2073.72155956399,70.37237704284695,9697.750098386912,7.699944647038376,2.6499980469545017,0.581293497113912,143.3486179785455,1
52.633729393259,2.1303404601060687,8.125130868822737,1953.1038753698458,69.37925932553253,2918.375234604653,-1.688592200627407,0.15690724750596674,0.27257732855626543,59.14425272423972,0
44.24397150343177,2.348837367939109,8.355874319987604,1978.6329193908107,46.86616027287354,3390.763418039128,-1.3451193311100536,0.09924077980614873,0.03518617237055378,18.770794455725817,0
49.26152052704443,2.4660572390107074,8.67293552918782,2004.4154506642178,64.05508821144232,2354.399797260802,1.058871846575562,0.0592935132098451,0.20675687960944455,47.08864700514231,0
90.13484385779341,4.529113089127906,13.523741741484226,2152.2752928997334,90.32604591365163,17616.03578271896,11.509490172080772,1.5815811229971728,3.366862794093352,164.36602538384642,2
60.258403461648236,3.2709070016193538,9.403733437022433,2031.975656976028,54.181513975357895,12223.216928788275,12.717860548583506,2.2566329872629307,1.849547517725422,90.83300646635098,1
44.73841450433311,2.9426371596445167,7.537603256503,2017.586372121783,51.60639209996167,7155.81202410695,0.5142934510926954,-0.16862503451065255,0.0999632928706091,30.098070841627763,0
48.059605378503036,2.3991342532007316,7.641756541724309,2071.48635556972,33.46123109092706,7727.893382727329,0.7702992620345553,-0.17403192315188215,-0.4026495564645734,55.702980664765306,0
48.93347550170846,2.5209466802505953,8.086789850492515,1981.3502899797843,51.55495365605212,3262.9526565437695,2.3348216913468476,0.1998710823584443,0.5874560273773474,67.93592721810593,0
57.46927838294886,4.194828115741478,17.07355251673739,1647.2234237745863,91.74412453117631,16671.450499862483,9.767280738500094,2.107544206035006,2.5242243995686304,172.49498840378115,2
47.39396925355708,2.430803149339585,8.03091583600906,1995.7546338232323,47.037031174323076,8011.387082987649,-0.932086413557357,-0.17392220698063746,0.19653008148675924,21.937231838220008,0
62.36911204261027,3.656009898377235,9.867471222361363,1971.392827398333,63.22557571316868,5981.265965868904,5.486604707146849,0.5711030314477801,3.5693400114403495,120.70349090677166,1
72.15697982572148,4.382763390386943,11.032306011321833,2091.8711646290935,66.58785183992298,8309.483947357268,11.217340479100006,2.895876407503482,3.932825999715019,153.35166480832257,1
55.22155754258892,3.2032861634275207,9.650232299276551,2124.6270895479743,55.362119243396535,8387.487956394421,3.9490989640201386,2.011246481332903,2.169895610871001,97.42386299793804,1
49.91604802198761,2.5265510421453645,7.582742572213929,1963.6503503690792,36.35263584694271,9991.370762165097,-0.7471162610326202,-0.32401886783901146,0.10254909655383178,67.8931490338401,0
50.790917002523386,2.626157068385086,8.325418418442942,1938.3979366619585,66.89593993169606,4964.608784504126,-0.6402697053364846,0.06133212802379787,0.16305556480920666,20.800878307045807,0
49.68354389852667,2.6529793724070387,8.92093900104562,1980.462411504769,50.96998925367497,3821.4596688876836,0.16685938989267557,-0.14649077519426398,0.11917990068644932,65.7219264020875,0
50.59197272670159,2.4303353102065777,7.925278711129583,2029.5434445238939,59.14568756736246,4107.634398907557,1.2586333405031742,0.0016959554872964149,0.018482815913193104,33.079165605411916,0
53.683963428756805,2.0913910953997,8.037282031030248,1981.2141045473143,41.33768957814999,6694.843608080721,0.43007764836748535,-0.13073813739925141,0.06691140744794254,51.37862104616945,0
89.95643082179834,4.1119490263023275,12.0644317015274,2010.5729335154865,87.08702799384452,12086.56742380505,11.208856677893575,1.8625031179093763,3.495960159942573,167.74862884398658,2
50.00631575411952,2.691196749313155,8.407653904882801,2000.2429843771804,41.596729437143196,3321.0613004574584,1.150125354806254,0.12611122670057598,0.2939088311822942,63.5262609263267,0
50.45793187254062,2.8315890632066676,8.118150143471103,1923.3151194126513,58.51778740627819,6535.753394149114,-0.15120258483111373,-0.26781855086644635,0.26042236759441373,56.32953649689087,0
70.6497173925957,4.449810538614762,10.744027037837524,1933.5756594484424,75.7988806435836,8255.636677778544,13.325887875099134,1.4077876697208453,1.7718814630316984,161.8057795004543,1
46.790896761077455,2.5406127003960446,8.896006682451919,2112.21501456005,44.89722721670469,5689.048205046101,-0.7520810329545122,-0.6077701667374872,0.049560827140702174,82.49762156096018,0
55.50360122796416,2.8185003394791712,8.562523459836049,2077.1756600691315,56.584110589712,3100.9278366725835,1.9410195856333146,-0.12394938510740448,-0.12061962376742777,81.06052553578584,0
47.19137688265142,2.718241354666092,7.9922498633225665,1986.8159018900856,36.934926193053634,3782.827590363421,0.9653818810489149,-0.14537790952636434,0.34871286534112234,22.139236056736898,0
62.31605890697831,3.5375173711942653,9.581446991450093,1983.3184547081064,67.68069414315289,11749.217771044972,7.033766249417883,2.9465686279018835,1.3526088979910105,121.08088569971198,1
65.580947127244,4.530791199185958,10.748590862176659,1881.1495265583212,74.15735562180942,6662.014426690473,3.4112180555150173,0.8836031126091116,1.263782374571941,156.24926980577743,1
49.351544812963816,2.652817969745194,8.233258926260989,1945.334092902448,61.47984475066516,7532.341656014168,-0.03050945914073204,0.0029691137550824967,0.003021564114559902,80.25459941734422,0
70.28669534563463,4.569313606968165,11.04599177926076,1958.9607128842483,77.70889809180964,10826.852520707054,3.333622806935098,2.3295495622131033,0.6502439648676747,166.07821620853042,1
64.52131080197785,3.842632090831051,11.269846445731542,2040.6212411844667,72.31375332869153,10792.599406346188,10.60219608104941,1.2505773689071926,2.014752089726441,159.1795364410383,1
73.5182224721248,4.225748128221186,11.238143703072142,2068.658251103998,70.19025536238638,9789.747803066408,7.4505903493788255,2.1643133032278223,0.6910845524680853,168.69382716850868,1
56.64947525371551,2.9857457167195056,9.680430500512639,1950.3714520544866,58.23271456048289,11165.771790003773,5.140675731100535,2.312145114423425,2.6257653138980044,111.92764795841019,1
67.60757589631838,4.059197190432443,11.408823138961319,2110.7120636063078,73.29106063945133,14060.582477246971,8.877327045022554,1.8523552122801377,3.4782859443159073,147.47678632107903,1
68.69673305241776,4.477924936052117,10.992189062712653,2028.4017785369097,69.75725184917063,7235.28062241531,5.117962620623999,2.654007534433074,2.689976409728061,142.89727399149012,1
51.27678175533772,2.1375261859924626,7.936510253295933,1932.8157577734594,57.10042136964945,5654.154343211208,-0.18602302241650254,-0.01849714938285695,-0.08288605083164895,45.51206959207002,0
60.93069512281347,3.5730787846068006,9.573475481379845,1951.6834494701786,64.6676658550019,11331.379993231678,9.35835269735372,1.316890317636013,3.048699837365154,113.24383471649583,1
57.565677773764165,3.398842216662469,9.78834147053847,2035.4382978535778,60.33454024427729,5744.792866063753,8.58566185927338,2.4514912322350333,2.9499304206191193,94.65202568993763,1
79.94835290893428,6.515457269413391,13.400555685128403,1710.200864198027,88.32937164527439,15881.444131573151,6.3078236017180025,2.1687477990599646,3.782089942858146,156.1212325858669,2
59.8163427048787,3.9332277230594963,9.003463103161533,2086.311345620497,58.08363023056513,10986.590554864937,8.81752905264633,2.2975414810129355,0.6413614681937354,94.27087064999162,1
48.90831619817406,2.2764963393972413,7.52348797826377,2022.4811252214217,42.35367342018515,7030.06482835312,-0.6951676553164858,0.05126899553031632,-0.3343501809997547,54.882600816678625,0
47.06819341513098,2.4693885397544606,8.287413242230931,2024.512872221426,69.77855879584006,4286.532178522684,-0.08155079508977878,-0.25944230783325467,0.04804046909486176,38.327488290907006,0
51.7792133396843,2.3232905048803922,8.016303491384045,1995.0791348145917,33.150780556596054,2512.2551931232297,-0.9654273428698082,0.19512376846851437,0.25823394913371195,50.46325171280271,0
54.59759927182783,2.092280050933365,7.742590168801312,2066.9189951881976,36.47256561991229,4337.627437925612,0.7130732322865353,0.13810649243023698,-0.18995590180957,39.50146958439202,0
88.26001562127998,5.5535960843851475,15.187398205572695,1743.0451934574637,91.03282397938935,15994.576881757004,8.046361441678593,1.2387935989773922,0.9354117685933081,156.97995637512395,2
51.15095989914858,3.023907056234311,7.5399515139029365,2061.835307112542,32.67184252221392,7710.9792603257665,0.5416408017639912,-0.2610977824247198,-0.1100062623561105,56.18362153964747,0
53.28017750532564,2.7519690657030496,8.139046080281782,1984.9313622629804,33.7659426460188,5195.834681568073,-1.474317884283255,-0.059969447499702434,-0.2580073151765363,39.84728504545285,0
49.55996505918636,2.831079290618013,7.037858344380814,1998.8953374094172,69.87498399902121,6707.7219059022345,-0.10734096659751288,0.11383976985556309,-0.040776829324305534,70.11409385403906,0
67.578400682433,6.397759365203468,11.165400588385191,1899.5333162060047,87.79126362891165,11977.25682817536,9.610098743476376,1.3446015476871191,1.8753307255061218,160.89169517726867,2
66.61323445322374,4.419175096782336,17.992354626309353,1632.5379556008534,94.30968298868595,17425.471623331352,6.2353661316931275,2.537855792969095,1.9059012469801906,194.8039147832601,2
52.308633567543026,2.6296054172333547,8.107757590408163,1894.8664878530185,62.094795318361406,3977.2641550608832,-0.7769268657414394,-0.28045304658226206,-0.30294508031060524,75.10731737988648,0
83.36777786462494,8.635671001247095,13.820431758839879,1938.5093413278846,86.30950730175557,9614.025771223656,12.367984387564395,1.0716877959665472,1.0442893496540346,162.87405899243328,2
53.331064030322,3.2065279272835006,9.323271243467094,1988.428913059762,57.405677633095145,11985.283570817395,7.885820866573902,1.0942950650519807,3.896409802390174,86.93738237246069,1
49.22770842766746,2.1965289172886826,7.452509690943859,1967.3200357409164,67.33759956961038,8809.199954597525,-0.5577753625187629,-0.22699483297985146,-0.21984394833110973,63.1891704887871,0
53.02956048223713,2.893114690485832,8.518762421197728,2051.803221519976,68.59223679395714,3464.988895203196,-0.09697999989447041,-0.009101734674052085,-0.22309892950487895,55.633371396855466,0
65.48311108796227,4.234211323561287,9.979682686159588,2171.813270144791,65.9249528913797,9798.2018140744,13.27232276219232,1.1301483796738938,0.853373339344204,138.1932515411234,1
58.125088909204756,4.245322209571152,16.73668875756055,1583.1879138312295,83.36165663521824,11297.063314094148,3.9894886753110406,2.8616890829930783,0.8153299210886247,156.18304319963252,2
67.05074499108404,4.141822534920249,9.517478123406907,1931.9454314944978,65.23471807281963,10977.500368856607,14.087468277433357,2.809957998477328,2.9603623526348484,136.7383012522253,1
67.00421570346474,4.609095622024541,16.78014942836608,1537.4601890553367,96.42290243570436,9277.204624396418,8.35573690250201,1.606694686360354,1.256140785657529,198.3583472760096,2
50.55713237124768,2.0590631522094553,8.601436180613359,2045.6790288107181,60.16988737987665,368.324915147531,1.3595481664914555,-0.10544522212092566,0.06233993482730292,66.46342021117098,0
47.88101087991112,2.4485626208077482,7.832358262741332,1936.556370369711,48.50593468459488,4064.817003150123,1.804104664586301,-0.061936356407345586,0.23279044826892129,7.51109713813284,0
53.66806753628802,2.0281993455975096,8.897164602029179,1996.176468907627,52.42154352206999,8035.740853838729,-0.46065313802770413,-0.5814873758041267,-0.334440746024144,63.595003848858056,0
49.07281922426909,2.5245690025602374,9.015476808674574,1935.2513012951956,68.69502127912791,8770.165616176711,0.05966189369697816,-0.36286162427792346,-0.1280288486515704,56.22790714824038,0
51.356508129674765,2.604867296255257,7.74092773964281,2017.0436373605894,50.66245305940925,4442.43920802322,0.8957012998512331,-0.10127623598597602,-0.21159505979131984,48.84952979693906,0
51.15658138052534,2.4189964037646394,8.40527099947347,2098.966680919194,50.2659696671482,6501.1302754146545,0.33689236469544814,0.3157712240746967,-0.044988606868881294,63.583842838483584,0
99.10722954665786,5.013172784088475,12.11820219090118,2089.216036870933,93.3159063992585,13898.727229197517,4.792758034300332,2.767026855897149,3.0066924066357683,195.91284344328565,2
48.76026408959183,2.2866629370663833,8.561531883458743,2021.157593648978,50.12673028220642,1024.9467350451403,-0.764332368880566,-0.24746430523597462,-0.393031564975683,64.07919105394168,0
52.08264446339676,2.0187829970251414,8.61680850578977,1998.6694305719918,57.91729257653252,6668.218719563306,-0.7855993836813628,0.0036675377599879226,-0.0684216297174509,48.691094007545516,0
50.45555425394885,2.441027435736298,7.689954929368364,1988.6721041221738,40.61920818158717,6828.080860699093,-0.5301876924740055,0.06851925901548155,-0.17648052084331944,75.31995812751587,0
66.38494322072033,4.300357363457115,10.423559565503933,2014.9845513767182,64.7489519420547,14699.645374926902,5.325849000644272,1.550268378173058,1.188457531207031,140.43570103672496,1
49.48864108109196,3.2567242432912513,7.637259528238377,1989.0332674166234,59.43837458674272,58.56297898418905,2.1545815688196877,-0.1376181616831685,-0.30882001189712255,46.18362852495106,0
60.16017031830877,3.15783229050048,9.737106234431339,2052.955144860731,62.74826573587007,7176.1158539728185,4.860001959283904,2.009679160530993,1.923665973935554,109.15495570732597,1
48.13378482678021,2.678926524314005,7.783629735672301,1991.2005904717194,58.054884524106484,2752.779276021472,-0.7595179511218539,-0.2063573728381007,0.015512354457527088,71.47282974753625,0
47.94127375039507,2.693821745293615,8.753470941254536,1903.1276013503195,53.377716589188395,690.3211650727137,-0.07645274065048199,0.25037022637980544,-0.0057904425905478665,54.08698860072967,0
52.67352847968481,2.7187922937560787,7.774700081672566,2040.0369513570572,50.42735936461308,8575.05573360398,0.9818667388866518,0.3300656494400664,0.5745848317403983,37.99163555790191,0
82.56995515136242,5.664215260545027,13.433708833079011,1943.654892855458,85.8411094542114,9920.913949920325,13.79537361141017,0.9511417919542021,0.6415193343030502,160.85544818887485,2
46.834060910790356,1.9835483059181358,8.168287892007896,1974.1747702810235,54.06214598574072,3642.1704474828,0.3380254972504945,-0.23759010571514416,-0.21139085878788982,70.92823934359373,0
52.013514077154824,2.1846604792671496,7.8103952350367205,1991.6082283809785,42.65397151052129,4059.1434312742126,-0.5104985587635958,0.270857639916886,0.017752039668148825,77.48581827146752,0
52.89403237509215,2.57485394481362,8.051772570413451,1959.6306738631924,62.971595020978086,9863.247086457957,-0.9543162411489825,0.19315514742441076,0.3212527058576798,70.77190231363149,0
68.67632567006653,4.321468628709235,11.131261132614066,2067.685748552226,75.75754046283745,14029.097382343196,13.82806267323311,2.745796983319965,3.3696128423871374,156.8834393383795,1
55.835262718762195,3.2169370893212417,9.364702582448711,1982.0828694615427,56.32304208421546,6421.270369158766,13.498527055944404,1.3466548655911812,2.9460073068546295,82.19673607333473,1
54.0608363286403,2.5000914892786867,8.030368062790652,1961.6226749384923,66.64102077407792,9456.938848825253,-0.5426608989740664,-0.08166733612913674,0.4328820203513793,48.56258428378452,0
49.82918986595582,2.0886714441291736,8.098138128714895,2035.271787337043,58.859625102760795,3362.638796625149,-0.5963393477491515,-0.15204704336063962,-0.5341860861439253,55.375988517495,0
53.07030036669353,2.7721821054375124,8.252390680457536,1966.2060817823844,56.907525583694365,120.05133368706677,0.17020282461353894,-0.10267549750292981,-0.30924458323501985,43.225139764571786,0
50.6403382279676,3.025958367553594,8.077794106932437,2028.8381518402848,59.02580753122669,2826.5181850587205,-1.0769129773961408,0.05375572839669829,-0.12916193276929233,48.237902395496455,0
49.45099136112829,2.292017162823053,7.811197523471031,2053.0581366186925,63.265585039785734,6564.983125788874,-1.6006831090159857,0.011594939323132714,0.2900114944189803,80.12591829774311,0
48.78102731609297,2.043256704336867,7.922296795347078,2017.8436656658946,45.48416633475492,187.26152659863325,-0.16390291002517046,0.0851073585392056,0.24569335738038006,46.150719930558125,0
46.217075723274185,2.577318922363316,8.422635514722934,1999.8645836575824,52.34872352431704,2551.1636463975806,-0.05464694476447034,-0.0313009297201711,-0.16405117372813943,51.73574852548082,0
63.0758715435461,4.238463088680971,10.23507072679691,2043.8702948817981,62.02264436048657,10413.251190911065,6.172759156702219,1.8187159469883394,2.4329640840314424,127.10724444063015,1
53.58194681953653,2.929187319099518,7.8817267101795325,2007.785865976522,41.89034187614752,6501.105997281013,0.4047475053155036,-0.16557857347316182,-0.05154751340301562,40.819534990113695,0
68.39652671051219,4.265896584111076,10.744125981899233,2220.7655398743555,74.73441823071875,11948.560797893195,9.81777329856904,1.5221764023839117,3.6584437450266765,149.68621613430446,1
49.0230209582192,2.289237511134512,8.242288596397115,2052.1064154307223,36.7592235693485,7888.217210923385,3.6113500628156694,0.23971473417325045,0.2800026912621758,42.94071538515591,0
49.16002079357654,2.327184861771818,8.467940036438787,2063.949320783033,37.52068614214311,1117.8429910494203,1.2705806052553272,0.23176843139974493,0.3094277062932445,41.94538242172558,0
58.93035899380516,4.238710118030151,15.258615807068013,1708.7693296824318,84.15763954320185,12975.31351083432,2.8334039696637827,1.2252314229693726,2.7531169208334436,164.2540350552228,2
48.09828815967839,2.3596743269470477,8.039532727213254,1944.2223505564264,57.260280917738854,4527.332057356356,0.33673436468977597,-0.1715605652331017,-0.6244019145994982,70.02788485864984,0
48.98502959568858,2.4090783301852503,7.8404382364548555,1994.387517539525,47.4650965120523,6015.739292849359,0.1598229921087894,0.11219510344223244,-0.43549501552019354,78.68411371308682,0
56.46291724212896,2.1524621520934457,8.398812642589235,2027.399894096816,40.23712368272486,2412.2007522788745,1.8449438622014442,0.36499052465535997,0.12897469212693136,22.275913483167265,0
45.85739536492503,2.776196232612345,8.711765764327575,2024.4829219294784,69.2063510280775,9110.680564717573,-3.6885342252187074,0.22406461203944486,-0.13096619940647103,48.848180162023176,0
50.45993585203419,2.396745866047303,7.664462712286732,1993.3262265328722,57.6230031061548,6444.358628279439,0.7050211646736846,0.31067225224287365,-0.1604341712852298,61.935693143888415,0
52.48130065571262,2.4912882532426033,9.075569128617543,2070.4883570687284,42.78020134863251,9586.947017686613,-2.0447015849075094,0.16846780126888414,-0.02051486811420473,40.65144743795374,0
65.28613553733238,4.164250962855153,9.489978240115384,2168.880162190192,63.76825863378297,5045.845313452753,4.004891986875974,2.877025531953879,3.448458505258734,125.34105121607261,1
51.88249393015744,2.4577184495248323,8.107106957984165,1917.8398614470568,30.88319136221618,6197.348363528065,2.196421699448859,0.005780783093803562,-0.2143848938223245,52.30373955213508,0
50.559871532262484,1.7767065404356952,8.21359930882884,2113.4515606833493,58.026976583782286,6640.158905283466,0.09482987273972947,0.18262732978529828,0.39237855970744046,43.31499370094172,0
59.48606963072425,2.4281439476397058,9.110217767741144,1903.0298999598103,61.49062195617414,9823.450974636753,6.092200839462648,0.7400025109859414,3.7489153218815687,95.28527942108788,1
97.6053823418294,5.487335646899454,12.138502281513134,2157.959335963353,90.5657045428445,10247.764953088008,6.665345513734441,0.5896992044721225,1.490471431828374,190.6114224507375,2
64.32720230512194,3.854050594114947,9.447264756524671,2114.160614749725,66.8424230907712,12128.107571157641,2.1204687829361903,1.1909838602210763,0.9983028532475584,138.3127142444123,1
49.649646422670806,2.6302874383947192,8.862209180304953,2009.9888110917548,31.897898994402006,2410.2263855769834,0.19542991602651863,0.03586370023196063,-0.4275097520711019,21.064186923402705,0
58.755339260156056,3.283724125484116,9.234581242127803,2028.2262475062932,61.09806662349939,12400.075127727785,8.678686878246001,0.6797383512862674,2.040523709710855,106.55632040748823,1
55.54052245700488,2.9182962361770275,8.111062742504204,2062.6102953281465,59.09350706297293,8749.290513593289,3.71750337692713,1.093080574608951,2.7496154956078147,85.22869885911709,1
47.40073529035294,2.2974409992059077,8.311177899104436,1949.114181975239,63.03267667017458,7158.666080642587,0.6676398755133396,0.046725074730831706,-0.5412517963784157,25.78568400845092,0
48.62369951100142,2.3847332155504786,8.393776703402525,2000.8457108588302,45.67877849399668,433.5321411952808,-1.0389734837147642,0.20508131415025735,-0.23577466884285253,27.201374561282087,0
63.83492004593654,4.484729570718523,10.394370208941703,2037.4931703618245,75.07175944601741,11381.393989688197,2.3506700581262323,2.1559177379667016,2.0650369846772776,153.6937448183274,1
95.84538255943129,4.406634148874961,12.594094952378168,2042.0193821851228,98.63569253701324,16065.86497738842,8.638692080029152,2.8871035193835892,3.360831383993077,191.85809711628832,2
70.67964189636918,3.9684949993106904,11.440070180475848,2100.5847891286603,70.16454927798875,12585.888192751809,7.036003693101686,1.9750127174014571,3.2234718549020926,155.45575236339198,1
51.97045963826068,1.8720141088036892,7.377151888524809,1945.81946390016,41.26656358330848,2277.9182180936155,0.16473019303699832,0.29525036969901675,-0.11258316808130134,80.9161583213298,0
48.266394171440574,3.063926375155466,8.186116797240455,2029.2333839575124,44.38246991111237,7240.819597838186,-1.4264887058628657,-0.004548155874349086,-0.4271036466640428,41.77788820801468,0
47.691679516533505,2.298788498277209,7.952175922846448,1960.2867350119234,46.715327027882594,1814.081173055435,0.09147571197216911,0.08234000748938135,-0.005045476799944528,77.32385467679813,0
69.6695246521482,3.7995798418100755,11.252729441014512,2078.846225123409,70.78701721353377,11753.075085870787,3.7969858199240005,2.81768383013562,2.5663367165059445,167.28012874805822,1
96.23039031737369,5.873369257008066,14.119113227932612,2098.6868947389144,89.78022005856796,14723.065460013888,11.819419718621162,1.7419053736952592,2.5774253132651803,195.28586949527784,2
84.30192588181552,6.642172458614272,15.364960758244518,1973.1899809243284,89.81860881224748,19111.98994821288,12.18035998296663,0.8316413008057234,1.4291561590713182,163.91448074140396,2
50.60837841985666,1.773576208505932,8.016776529573432,2033.5980832283112,61.24112167771788,2680.2401259290123,0.355591690626897,-0.07935623734787811,0.16257100606488067,42.62815962022532,0
51.25528006242469,2.6617531572142576,8.528947102822963,2016.7979381450284,43.22840471529846,1660.3414566538777,-0.4873129116340207,-0.14555627650424774,0.31138113443867704,47.031411626137995,0
51.50106895660673,2.5852139533655207,8.081475197202282,2077.726020348309,54.03000904903777,6282.244764775827,-0.23532839811496134,-0.057210483830634734,-0.3054472050622336,51.23673538168666,0
66.22032804606651,3.8956204178356453,16.71059980660286,1546.625589831106,86.5180087117286,9809.258081733211,11.22845880591271,2.2796255571907653,2.7440694704581197,177.82072753314895,2
53.31987592741185,2.7120786955408507,8.325305448053069,2049.196345460311,52.96622181729469,1206.0882335191625,0.38319038537732747,-0.08002721266051203,0.13943858083318963,74.63388600868012,0
48.57397237238336,1.702112773617161,6.862151584536073,2016.2538371592634,69.60392476864206,8618.640162829053,-1.2731136619784333,0.010757025176654134,-0.44842413678587817,56.10082495567399,0
67.66893473386695,4.669728891627883,10.850174674062794,2059.64785608784,70.73260150437343,5926.247996778172,8.492833351233358,2.270867698745644,3.1291340652470545,164.36961573955332,1
46.191119714113235,2.2122249408696173,7.8619081066194205,1960.2679862804862,41.972804365569445,6344.992293392767,-0.11906678390511732,0.20212734548588585,-0.1890281620648269,58.78117321740746,0
84.34377947570361,5.8192046507650925,13.421210098276068,2167.902594519889,87.8503521435171,15591.511845813664,8.570528832800157,0.5465707319442937,0.8975411519526996,161.86676321967914,2
51.95132150975664,2.7177967013074413,8.425155891665392,2037.6232079534002,31.777739052980923,8951.015649625886,0.08123264054932758,0.1981111725160284,0.16321987886346415,20.3224976544664,0
51.51745604207415,2.0923596143526932,8.285588628507956,2027.7366595327142,32.38791289119658,1971.6331181246437,0.8691568961944912,0.0812671002805172,0.5580680986378682,53.80373086891721,0
51.3374345160244,2.531392696554598,8.297062712037421,2011.327062855489,52.64037832524295,8433.787377759276,-0.03074755098090581,-0.2094723992722421,0.3643175531470357,31.191619458929335,0
61.105682044911795,4.187876675200295,15.364684478622259,1813.080498332711,87.30648425917876,8337.979928201194,8.124746140128488,0.9580646672633859,2.5476471685065984,182.87186728580667,2
51.203847248531616,2.5410919268796004,8.737156469645862,2007.3711220711307,60.121639852637486,9217.911043238653,0.5636343254431193,-0.09848827678425251,-0.06428619220899971,66.20669256914891,0
50.40757354865866,2.644349922489586,8.628564154130487,1974.299054290444,42.17895606462861,1764.0758606986205,2.2594321350986166,0.30008560594692857,-0.050847591242161226,75.69607399742495,0
56.91200277047714,3.5739311065575623,10.056909392950756,2016.030705068969,58.76369016262765,13102.394628992677,5.67733155201628,0.5862242991986342,0.884770995198962,108.01904114135047,1
61.5505782292803,3.6971642302805177,9.256875697690269,1891.486451903964,59.754947581596774,14473.48996354534,6.159335210570636,0.9583076055624019,1.779574950064524,103.58638338519334,1
64.70186072824971,3.5088427319090414,10.626754506249746,2076.5491752495454,66.92417855507529,9444.41434176996,13.693217515896915,1.3962096828960566,2.181795451671075,142.76264213253188,1
93.06754688161364,8.763516715354468,13.517069563878511,1880.3759449978422,94.68402961570837,18770.34391322669,14.107149594517496,2.3652559760490073,1.422996404489607,191.10094480954317,2
66.03330366258287,4.4381791340069885,18.447963903059428,1538.5739324066003,95.91836947565903,8122.856030911945,5.709400437270727,0.972728801259451,1.0844522352987231,194.99703800157627,2
55.320252887186506,3.310306888415318,10.192159186977165,2074.3181672167357,58.62267167065801,11030.20848287122,12.723112067378606,0.7355607129112292,2.987347096644449,101.55962141838121,1
50.377347404118936,2.1881074783899495,8.313193016550146,1973.3220526124455,31.715836381243044,986.5289627089746,2.537559110656036,0.11980625605101902,-0.27678355064004495,67.62040368111303,0
72.52667173029424,4.427927196388222,10.703575042158556,2081.115172986566,71.41767724435431,5874.86689627015,14.855428550315175,1.072564780183443,2.7256514679550157,165.7828105796405,1
46.55216281789153,2.6824485788296712,7.847949943090425,2011.1450726877702,65.8060160036112,8404.216925407945,-0.4747045090048151,0.03924342226723615,0.12979441038869544,42.98272054469088,0
50.46026358651176,2.140113714507796,7.551612377746424,1963.567042948311,53.03253727392722,3725.7667645802903,0.11010758575632887,-0.22710360903779897,0.4367024572375071,35.973437997236736,0
46.81318619196496,3.105246555579186,7.289705279505115,1975.0763221507925,31.217041128108445,8476.891943646455,1.1990837397052172,-0.22988309473893956,0.027305539041488785,62.53686122364114,0
50.67103908948667,2.464174699032352,8.566211554994448,2062.3748361784137,47.04633300581108,8450.487128674307,-1.0034765607841956,0.19778458342841465,-0.4095163329211251,88.94513477328564,0
49.236922237483064,2.5622374040795233,6.94635085263147,2006.4042944104983,43.6835616480271,4773.64883413808,0.42242282217763627,-0.2362392549012757,-0.11415637367624655,44.9120086097767,0
49.83622020166186,2.3864792482247656,7.355944634966236,1984.9922199888617,61.36076215084837,1292.7062791987876,0.16701797811696062,0.15841202041586844,-0.1453729630515187,12.791769956070112,0
49.668142764353554,3.0293605372234484,7.539854174667933,2039.4439790562105,35.5117349855389,4994.275969978427,-0.6329411967488909,0.17325287232554454,0.2330986459793261,39.59440679486248,0
51.451940485898575,2.5372475811541646,7.579063324541456,1978.8029350219608,67.96962550748559,9859.415662220812,0.7339078818646241,-0.22921839209061912,-0.13972601792323872,61.94925715762705,0
49.91285014245601,2.4516139498977396,7.860238251648026,1982.4022635372137,46.321893237381346,7806.24545163702,0.29998120276257684,0.48453377510780415,-0.2539466790074633,53.85434686979467,0
44.36342925877055,2.55308777492195,9.175169560077151,2063.5406114828456,53.098915924779035,8522.087853108866,0.35952316028032216,-0.4847494636555955,0.2287531742291991,38.413188608483686,0
49.87386869610707,2.494826113506701,7.2543388577357995,2002.9926015297165,50.77242565587489,1407.6421869922017,1.9397682632366897,-0.2779107158234121,-0.04407162751160256,37.29004518399715,0
51.706893154509004,2.07604664744026,8.888933570139404,2060.220397806532,36.35530681730086,2857.0924486232775,0.20193990333548184,-0.28949245140543195,-0.6006428174497298,40.81329751894867,0
55.18012493388997,3.523144635455058,8.277967157338177,1954.1336939188081,62.62309778160624,14855.489948896255,4.467451462663044,2.0748674017458475,2.374317969688291,88.45763699675445,1
46.83943213905191,2.460074671623794,7.6500717201711215,1956.916814831363,50.43669053274478,3355.481295063093,-1.2471899921129288,-0.03364844070610394,-0.1536314695045695,45.869838826002336,0
89.12885393735151,7.039143966093679,14.215839572386367,1740.0324560429017,91.88952153043236,17768.491835722947,4.577654440231544,1.5041147217124655,2.684686603624361,163.943861472586,2
46.502175246417075,2.9567685091175324,7.608002035132996,1985.0841157090933,31.57011515412183,8352.73790012182,2.8315503513995504,-0.0941747146944725,-0.28925321281205246,43.216853331001715,0
51.77472810917026,2.3575505945588415,9.129451428802458,2024.9231055135265,67.92490170956953,5386.819335887252,1.3435233592579636,0.28816596688716123,0.2784115780739532,77.53599086472161,0
65.09978410450542,4.466012943082418,10.32782682601521,2085.1075758861475,72.82798182260566,7900.443079091918,7.244984083134687,2.509026031643771,2.7294546333185203,145.33050250095184,1
53.10679720076482,2.9693394708588308,8.446946217342273,2045.8485106390906,64.53036509064093,9221.085904084568,-0.7174193496014273,0.14740579441113666,0.6440483204518455,38.940156825377954,0
50.89783903818382,2.156945521825587,7.899864688854969,2047.5010402547573,56.757312977416134,6159.342862763382,1.0603852656451795,-0.39950738369314615,0.06882691590985883,21.161139570396365,0
64.74305858413902,4.0482785234261955,10.299993964480247,2133.47163401361,65.19149752476348,9451.929602160028,11.613116884105118,2.521233351222969,3.937707522276769,148.30529926321395,1
52.455522115053476,2.0375477215249997,7.709703997310904,2033.9877175726483,46.396578014950364,4084.006684524921,-0.7340066033680668,0.15466018454427022,0.003394626439690035,60.138179642149595,0
53.09803423687115,2.716039555965465,8.040598542949839,1977.9102194122643,61.266906710816876,3762.400483910022,-1.9528058197440128,-0.18983564000277206,-0.028749057623848426,10.113624015980804,0
52.014534052169985,2.4729561133336624,7.772472683999792,2017.1724682983572,40.85123598010982,4548.389240443557,0.20274813916391604,0.07850800175997914,0.36105088341510366,68.4281184201124,0
49.13886748322015,2.2908675074125155,7.79052362150186,2133.0911857584424,61.420471395961755,9769.592068119899,-0.6174788376602158,-0.03494711112188283,0.0643391207715557,60.931373048238335,0
63.170064330808,3.725027503088987,10.50963969478186,1983.943838020572,62.69210906693948,13701.484180491778,10.466112647531254,2.10673755139183,0.8407853285967197,126.1887610985034,1
44.41333199030345,2.5675631455770183,6.933685421075969,1995.7478494044924,62.061690880225775,1968.9144754123877,-0.013641074087401945,-0.11326903535940094,0.25472100683078,28.17405393287151,0
65.06144333739655,3.6913968375652497,9.591686196292752,2123.798892471602,65.77324675172754,6562.7120882426325,6.274091784324794,2.992850457158834,1.2834547709351858,128.78180064296225,1
58.23503617957255,3.475745212264281,9.900307926404786,1918.452741421641,61.17265333513586,10790.763897971798,9.45231068928113,1.2804672343005217,2.0204357816848963,101.45767811993255,1
46.48191245033826,2.744072135937244,8.229269527080751,2010.912989354566,60.317108133751546,842.3280282272171,-2.5155471255965667,-0.23994145762443658,-0.033608981984388185,7.795347087167926,0
48.155005049404004,2.1496823075382454,8.200432967699125,1982.8314357963989,61.881573634581166,4420.961974257448,-0.32107444215943787,0.09075282454988372,-0.32493653220281987,55.108659111613626,0
54.509028718099714,2.856950757591818,8.9403099280314,2112.885953693244,59.46613853100018,9043.830058328755,9.168941196779297,0.6561018100435794,1.809103033490472,91.75234017426673,1
66.37171127782241,8.01183010040658,11.848105846975397,1826.918633432405,94.4331166847271,9360.404794813801,13.931091280847896,1.0644306567436672,0.9199135785575501,186.09804034320086,2
49.935313646333896,2.9317606792958286,8.26454149086488,1993.4555246848442,44.84033548259163,1669.7272604718937,-0.9202440309016282,-0.159317257517184,-0.561134271892901,49.77415554468022,0
53.36245594649239,2.7052809866982326,7.536907061787994,2033.0569006669018,34.63598876971015,5424.501591012509,-2.0228761572290894,0.06328713668529044,-0.23828455414051042,71.89939139392159,0
62.57523611184507,4.30563688504365,16.410432013392263,1528.3604996436222,93.21735849948247,10240.19464369418,10.90026392138568,1.5467300017070271,0.8217288820855062,189.13354360673188,2
58.706478418130416,4.3252246718813945,9.971767670128123,2001.2335707048421,65.73580600425515,5544.02794677599,11.255273497317546,0.6574197044989425,2.5813563623646525,112.1250336825625,1
60.93712816670628,3.6325551150930866,9.572689280164447,2077.401419061229,57.822334390935566,13114.61266997552,4.8987056279537295,1.667890101417639,3.360624101524108,113.03528195158728,1
48.21922657889269,1.9501841745628568,7.8533139403052425,1913.466015950018,30.38386577978107,2121.879727513273,-0.3083934011343521,0.23707716883658622,-0.3815190560720895,62.95954500471572,0
73.42926835254538,4.881864701139596,11.086126389979814,1997.6299630520793,77.60677860246152,13342.719736583324,8.791188434697185,2.7586353743444314,1.000279563720013,169.99764808816312,1
57.355121936068294,3.4462540985825885,9.667188835896333,1955.6097432938882,63.07136078241423,7094.458218293608,3.213294000281702,1.3794494152392496,0.975140194183312,102.3995218851976,1
46.45207788808504,1.7834872982087528,8.179894981142194,2001.5996038007272,61.70542665604436,6294.714949828507,-0.2413114545135911,-0.013908760884998261,0.10296351137025948,38.59845109496381,0
52.26170475975545,2.4037340687156634,8.47235069261042,1998.168754647102,65.46554041608799,801.8129171455446,-0.05404181728020902,0.10572404444368798,0.23762859910878237,70.04677847444037,0
51.550462747253306,2.541165317206655,8.105079528388961,2029.0980641439494,56.308747157381006,2469.3869339183807,0.4391160896142571,0.21764741607774507,0.14823645200122487,70.42497094059961,0
45.1214078873904,2.694274987519601,7.723946229555773,2008.163174280896,45.02652260022508,2605.5321536977563,-0.523475515793795,-0.03045744310658078,-0.1784209253864931,56.956844579367385,0
55.71315524099045,3.2463761221704677,7.466016360691537,1904.849279798245,49.283015878133604,1520.944037206292,1.1251708498788988,-0.0962924583886977,0.17348334115124742,34.01918438509182,0
55.83719734452551,3.075129150928719,8.396615162639142,2099.0987246643667,58.7086929610928,11654.581430279815,12.485210094115493,0.7487140367596119,2.519951119156123,85.15679977543932,1
48.4253755506234,2.2075849880212584,8.142481540122995,1893.8830788439898,40.36222381689741,6754.896206096147,-0.3130144953956795,-0.4538247204415633,0.5423272830359995,63.16448762686008,0
43.818267538383104,2.993033232460537,7.840647377784871,1980.0110193692296,65.3556036440055,8717.760091002368,0.689679057512225,0.01699431961625733,0.04934922793661347,66.87136144321387,0
55.22364742159434,2.4067738155643092,7.930479342715603,2023.0630026728295,61.38685903814208,6833.407532817238,0.10927783521157448,-0.1589712175788125,0.16822878026349944,30.661716800565163,0
69.70120049111048,4.434882908231266,11.636267999337013,2133.5068640021063,71.18301487609223,13493.227687624765,7.751453135845767,1.1547712116861044,0.5371271165471232,167.57432824704497,1
84.08560839680779,6.033339103349372,15.43468734852808,1635.797158710692,94.79643120733087,10305.04378827229,9.318740787825329,1.41954062770259,2.2702225626612167,179.09047321580775,2
65.7135323760305,4.825327395270029,10.046557235252536,2119.650805305023,77.05906053213599,9059.00819330714,4.759725913947375,2.072122612793194,1.3548921139167742,160.423983681381,1
41.46087705101956,2.1796371319205026,7.691687528869002,2032.2128090405395,66.1722922028188,7913.405032135343,-1.014421623283585,-0.10600226080827731,-0.2789779829607483,25.500519859403834,0
49.143729437134354,2.3443128752069566,7.847922675439399,1975.5808115222296,63.50695274435233,6151.758113832423,0.4593369247856475,-0.06738272357353685,0.18943002756215804,64.9718259650113,0
59.599953929947965,3.9375038416031445,10.441085957457307,1940.7694210834848,71.04861772447057,10939.81788992325,13.954889202368278,1.3922934239829088,2.932982903846242,135.76847133664836,1
62.63592943248036,4.194850389060415,10.387521259632287,2011.630916052101,67.31861236454799,8600.189582150762,12.165790096497224,2.3633757207812898,3.6682872323547913,140.3390459656468,1
52.835780233682414,2.546391987587904,7.638833188074898,2022.0527056407823,30.927440471721063,8252.183564029418,0.4869847076588633,0.13478887807006198,0.2596209810006718,22.756708561575568,0
43.53294272115386,2.228523922954455,7.930056028661005,2010.8829897232295,53.10443618295001,3609.8152903385917,0.7535600250617325,0.3806626162848493,0.2106334798467406,35.271799790838074,0
50.037838503056726,2.119233540894034,7.80801989898258,2006.4169513601469,41.66487557469779,8094.225376960429,-0.5377765558045478,0.004686425429481063,0.26202744598419775,22.624909288079408,0
51.54902900163217,2.787207236533533,8.426146725150337,1997.0654423535343,45.672030836986465,2350.7341056408527,0.8420959678984358,0.3708751253793628,-0.3668798263937683,24.224559696230767,0
53.078486644532596,2.1941719798673223,7.613741262157803,2098.718657754465,45.91418703116949,3650.512693597051,-0.45969814247392055,-0.04805136796688442,-0.26812358463529595,26.826898053541672,0
48.43843676022312,2.909920290852831,8.702255904211698,2083.237286636135,35.18104507016868,7223.992488915677,0.17486234249488264,0.505543695809706,-0.15916937134099632,86.65673384058167,0
54.65684872813014,2.282234901483759,7.879451275506055,2022.055224218351,65.51895771853503,1969.6810308937652,1.5876929682261434,-0.07684400906919427,-0.32607714495016604,86.26927714597102,0
64.9615024718574,3.4263459474659284,10.440171159990376,1977.695952389518,60.91219995707195,10487.725137617697,7.213879158229833,1.2577594345048682,2.3049778853212315,129.4054559041976,1
70.52547041206009,4.688572480139189,9.908593384075541,2036.0004094024114,68.70091733770234,8590.969030590482,13.028902802744016,1.460061454940725,2.1155474967175127,166.87810395921184,1
49.36323073497917,2.46717278086082,7.511343005761864,2107.0873193975267,54.23843229963178,5468.869000288528,0.6402712334650095,0.15245618485681597,-0.0013145830059638267,81.26166249349384,0
49.21331558829851,2.1601065715926198,8.229813018607935,2085.8270157938737,49.38811034707701,4234.950388278682,-1.2457661641136228,0.014355565247538664,-0.09768638494499882,37.886455744856434,0
69.14695556104812,3.6605431112126685,9.301453145296158,2098.7181136803993,62.5637413814862,13967.823686630507,9.79884641411089,2.244369999202129,2.123990285284343,132.9459095451947,1
62.20747964565569,3.751082324279852,10.325630521976288,2019.4723105237972,68.5606344196596,12001.621248132706,13.904786044860357,1.3723575549941287,2.4639656972562314,132.60475375808005,1
70.11838822044004,4.4429356789734245,11.366684135290319,2027.4083408134338,74.95953191440046,13168.960372719874,2.3729124573180127,0.6953276073476395,0.7439352284920104,168.15336457098164,1
52.44595065562372,2.561997909548347,7.622258303231542,1997.166922879338,38.381176064900615,80.73094817842907,0.6290826192412396,0.11031470776396504,0.14610269034244655,51.850627834821545,0
51.10592942134924,2.292567587382563,7.406944861135932,2039.7457030854623,62.525791640580756,1287.787554774632,-0.23637482387617492,-0.12332882075720138,0.03527113154428474,22.75503505608534,0
59.96487055999459,4.164229857932296,11.021610690565522,1990.7561159321801,61.74253111833563,10779.886113627716,8.93743203552993,1.0206629713367619,0.9942360824710864,124.18294206304621,1
61.468771601837034,3.2207992946620925,9.123108427272648,2105.7241228111475,65.53224064321195,11882.501650723425,6.494934831679995,1.5687241254616473,3.0434839007571624,109.03278015346703,1
56.333173935904675,2.3711608031417177,9.137927940938432,2041.4909883745845,51.848499979071185,1992.274437900201,0.8639742784118608,-0.4850965797105373,0.19333534737401462,73.45442359646225,0
48.18179246271081,2.164063037399366,8.30080524129378,1934.9125939044295,31.58202917345021,1774.3678427341592,1.0223506889964333,-0.23046246238436052,0.0754470103988351,56.333593195799665,0
48.64052631894219,2.518919508846436,8.487522027361434,1969.8129453416868,48.26662854973358,1499.4132227583457,-1.363465016185462,-0.055489701870195085,-0.08419124379403704,0.7263175218887454,0
50.30003149802541,2.7096654804353855,8.23368263574257,2030.732370785485,56.446652370711064,4968.887483025822,-0.8415008715393107,-0.06342225615021016,0.49759082328497445,42.20177613840026,0
65.23591875214566,6.758234849979322,11.558009695241914,2090.2769259637153,94.07184107000313,17816.956203994778,12.563413545582234,1.0392688128671288,2.065626345502854,171.83472010049368,2
47.536455052193496,2.1696291861930774,7.109666459137694,2011.6258068764662,62.98119866347645,8192.312779048112,0.9413016342564617,0.2230962890042056,-0.6117880655668841,62.61862558824393,0
67.634756032708,4.1231301660337,11.125138147749874,1987.447119751938,70.0327372594756,13160.65453232165,8.625929703298938,1.3110048111288921,1.6335473353775916,157.2948954126595,1
52.05139126305885,2.780409826454674,7.945489854171467,1899.3591208547184,33.04613542117301,8275.002683594232,0.53141918423184,-0.06390959414966785,0.41347866152756274,89.34264360283095,0
50.27463822198621,2.2753140906077425,7.482145287924379,1995.6412716698187,63.42350890072747,4172.401191757151,0.825781979298669,-0.13723814161804412,-0.07708542355514623,60.93989867031276,0
64.66012156186913,4.026538695610708,9.475990576359699,1970.806509010582,65.42986079703701,11932.225814302936,9.65888916943598,1.2642298642302412,0.962743597813967,138.72676913076623,1
45.56302778255899,2.05845113244846,7.776705370928799,1992.937121859285,48.56132431606068,8362.08097245307,-0.3207981685575945,-0.05787500109237714,-0.6757851497280002,40.19933968987303,0
47.6781919177712,3.016651612019764,8.170250372008539,1910.088480813909,65.4177411064513,8767.425105113716,-1.583315971530114,-0.06798579236372483,-0.14598538847381967,64.18142395700706,0
49.33500528112311,2.554115820138635,7.47797950575087,1994.6415613833556,47.67394278045298,471.3957362873278,1.4444440501871374,0.017216333817200693,0.031797059286543236,90.75842487336494,0
57.354395697598015,3.577407697716721,8.894298827261732,2011.2880168986485,56.11773111288766,14321.1151878558,4.469717213404706,1.333240387654869,2.352030946324766,100.50091774632737,1
48.089469308197664,2.4185114850462943,7.935246389280188,1926.706592769673,41.53924168934911,4534.722375315449,-0.45959701840900197,0.29963964367241464,-0.16137374264901824,27.049054302240577,0
60.46256602825711,3.1711289249893966,8.90492369091506,2015.9770959540924,68.5899690557784,12676.260188886572,11.00191483040321,2.6371674614253604,2.8324671851790613,118.16559081924002,1
59.931174130827046,3.618943169901356,9.368227421540189,1943.2724447568005,64.68016385553031,9642.112847939034,9.901897411502892,2.2833183362847045,0.6495153368368468,117.12730800668507,1
48.714343575886815,2.3646259861011494,8.856649483867278,2001.115668891256,40.91108135701509,8244.492381357122,-0.29731610670909214,0.15613389511896833,-0.22062096514695825,56.96539685862081,0
56.0146986262679,3.773305379397269,9.163936211921545,2080.205192253728,54.27945793325508,9806.690362458969,12.34148367017991,2.117710827217125,3.8821031881513592,94.85214879289569,1
64.56294387828015,3.381796522909891,10.338050435578428,2173.791954174075,68.90754668053711,5778.246484320138,13.654422443952775,1.4800475279162302,2.18241507551177,127.38964966078066,1
57.18476789735439,2.7289780477394943,8.10912132243033,2092.031441521358,57.390930240355615,3382.974435907006,-0.8574996656616256,0.018929081286081284,-0.4874552880673771,42.327700611928776,0
60.611115512543265,4.0933733424043695,16.692203612676227,1704.6954223842238,92.52254860088867,8355.680871820674,10.580756243590285,1.5363738828699054,0.5342576104717185,155.58839238736743,2
54.01908294281735,2.968592965461019,9.034386134963617,1883.4735089136768,56.795786698896585,10527.318705895392,5.102445973027098,2.088404418570954,3.488170514436987,91.0184568700072,1
56.59441855843845,2.5349355933122046,7.008686835900246,2047.6847566317888,55.687988320229934,282.4620621007623,0.5578630298876143,-0.44507559138114283,0.001961054320558733,41.80612220094609,0
63.13411162013258,4.517599302274283,10.846861018591413,1937.4776340853405,73.48285503050053,10205.653961413647,10.599136722864483,1.3942410988514005,1.8585330083114042,148.32869279417406,1
47.17138749383092,2.9130801194765987,7.7544919317254015,1941.85914986695,64.15308831331025,7382.520435769235,0.6675360947941315,-0.054267833045201934,0.07636029031108436,36.995338275414284,0
66.87999631680707,4.2096430462446355,10.614119878393616,1960.0189015290189,68.4573857838346,14436.600258034738,5.020780415115432,0.6468073359358285,2.7872327440009013,138.28449595235435,1
57.914478596059546,3.4569670132301398,9.039537594199606,2026.1062814623442,63.54401051409167,13988.741606264057,5.3828461202231415,2.071932798128497,0.6481845645413622,105.48764052267956,1
47.05294406345173,2.2751458684719705,7.552959075042094,2017.496541999218,64.42842093187954,6648.359063687347,0.32806287073597984,0.03176078626071009,0.02366734132894269,63.513157421732465,0
53.72931073354488,2.2152161479882793,8.373087026850024,2003.2931533159879,39.545037948504216,3102.5268625049075,0.994893334888379,-0.11958909292482672,-0.03056290651111559,31.579481435469432,0
49.546086292328916,2.282790069704264,7.62730920791957,2001.1464486051282,50.394485137786695,9592.37904683401,0.026698409035857032,0.08072184252581555,-0.5498127255249332,52.57989174469388,0
70.95078221727759,8.90540629795616,12.206622904627544,2064.9331712676035,91.66886029956946,11130.082718030084,7.135572789048005,2.599541459510034,2.716839347119989,167.3403126961352,2
53.20374409120139,2.3079881570661245,8.264354816976185,1954.6280021660268,52.541461449262925,1474.7490640114513,-0.8143877217344198,0.08601718658938695,-0.48463006657150587,32.85932837029341,0
67.57351661322203,4.0398990346659,10.684524539506612,2048.180768735809,70.25041131766649,11238.214307518198,5.116106894350775,0.5246420748255036,2.091670206494898,150.41261209459873,1
44.95839492389261,1.9288665463975456,8.731357001258806,2013.6844260431828,48.88592602035118,257.53267220473106,-0.10416770842896748,0.013518021347880271,0.34432430902389405,60.708745229084315,0
49.08269895158867,2.4903874566493247,8.311101409308755,2046.509640818722,39.25549577551372,3902.2619786578925,-1.0028632145582295,0.2761985985718725,0.020543152777726215,25.016241949542636,0
59.98578277360278,2.978791170802965,9.018870080653715,2119.516119199739,63.26093649977721,9597.095064415284,9.415676516609999,1.9764402590423567,3.3845274041391016,108.87285563026512,1
58.90643902028354,3.1229431274346964,9.43970300618274,1923.784947121461,57.41372237664856,8327.610845030624,5.468482692053351,1.688565107430464,1.9692368670775195,103.78760229659696,1
49.885075820792736,2.2080238796235405,8.230773024378099,2035.1044184725426,58.822995366506774,3660.917367453087,-0.302900439674305,0.3663066110126286,-0.07788721320320537,27.567274823931736,0
47.15140907206263,2.1342595836306106,8.177702584847074,2093.25579246959,64.33798848213249,1764.706267056565,0.06498391087769051,-0.006896339240651546,0.42868785972164947,44.467613513029576,0
46.47268788342378,2.471016017835883,8.550330067042555,1939.8050468511517,50.29030203232119,8813.783269715363,0.11011844236106016,-0.06791062725813866,-0.36268897259562943,48.42381547668017,0
62.19044806028304,3.6273099228292205,10.446006025902753,2040.6192997149215,66.09929863072088,11627.545915137991,13.658557863554337,1.1290041173429524,3.372699310136821,117.01761698654217,1
49.91826943301912,2.9111859687345385,8.099428572891311,2127.2931186797287,61.331205733293366,2669.862031791733,-0.043152896097115485,-0.04502236494173706,-0.5694117526533617,51.455638425539156,0
48.78392211138953,2.2996364888228142,7.604321712325274,1948.325711304347,41.9621644216261,5589.683710476134,-1.09101445964493,0.006630660893043237,0.2909079473995477,31.396533725089796,0
49.73640179616188,2.710509950193484,8.149919937077321,2000.6470283835197,50.13612343997326,9477.439944619726,-0.5915264465239418,0.18150804159862666,-0.3745084388901471,21.592954298921278,0
64.98968008455006,6.329816461208082,11.852596509076044,1984.6179352038425,86.04957124015988,17825.16923061602,6.440252394057824,2.623670064963687,3.9711447732658987,171.23399767874668,2
48.256232150073394,2.627066018810641,7.593987562723086,1967.0936137221656,44.227142561239305,743.6657514968748,1.7724365432959026,-0.27535776499143144,0.38865227463523766,64.75573512579834,0
56.90857829950206,2.554383339683067,7.504717825343806,2065.59682883508,43.2148189307526,2697.184040959092,-2.0825341324378632,0.1454826705036132,-0.6946332976678339,69.85702163684536,0
59.71583823911056,3.628028170852016,8.342602072068148,1908.4772561643465,60.31765792424758,7806.737102603349,13.328249288540118,2.7408582603367333,2.777167565407686,86.58172157709147,1
65.231974276728,3.9278466776433114,9.890364584112062,2019.2675681766177,64.90790914180594,11146.256083794451,4.407384695314867,2.7720351080657855,1.9385854023288744,135.16527755190396,1
57.97083574896804,3.325043364527478,9.364172594716743,1920.2227790095537,64.94762697875113,8889.029738914982,10.316670433283496,1.5692752936719698,0.6637714776877943,102.4312890075935,1
48.02823792932996,2.911153467785342,7.587596604279087,2014.9048583995693,58.10219947850604,8227.324089914695,-0.562677297568024,0.16784434822218386,0.046732936760250095,15.601161627951761,0
64.94034756076118,4.784073890711561,16.738437788801843,1540.092551198328,95.98382921795982,12618.624211247155,14.99468815762303,1.5134465341843626,2.4118264425664258,196.42353399227386,2
51.22893106546562,2.2057936184341624,8.450475268589056,1932.47605221072,62.48997382929799,3123.6865303984428,-1.300761528758659,0.16339598371440966,0.3347349857583376,71.46247558213746,0
46.29256644724529,2.8677516312665747,8.00071792934031,1934.9301276515328,48.09186735634885,7738.748110619969,-0.16370693074772244,-0.04408753211082389,-0.8751401917265639,75.16212557730259,0
64.66613004760394,4.047512527681592,16.518330158007306,1610.3385363652615,92.88558666108841,19257.914727277508,13.257435825283288,0.6871800936720586,0.9805588958760132,181.52631709680978,2
62.55191132832658,3.7475859749789704,9.742012110834452,2057.5710733162296,69.06701654849174,13070.829198026204,12.209809632244161,0.5399928676018526,0.6667433019445828,126.64831759478675,1
47.35500461575293,2.387447882549333,8.570768830117556,2067.839984274574,34.052896655166364,4674.122870683512,-0.08117361031679111,0.4183330870540159,0.29969035059498617,61.01485383065095,0
61.935981134363615,3.806559393136649,10.014313349574849,2103.045604116985,71.37956294244029,5228.779452219034,13.976525374050945,1.972957481530157,3.211597407795085,135.45028122474716,1
49.791998875552096,2.708363665587455,8.59770324946147,2055.7562157747484,64.9800836913071,6649.252506464093,1.7416606639722867,0.10272024679493917,-0.21889392061847399,61.6610146192777,0
49.40938176451084,2.3006280358550026,9.209732841120273,1997.908190514288,68.3213807875844,3307.8782020700623,0.191455111124829,0.3185552428742785,0.16188205050929752,23.801513600678057,0
90.43868927018968,4.449128798178993,11.891155278945163,2164.0184139617645,84.15920457639663,13494.789164917776,4.099250479190765,2.261036036586662,2.5012005130867805,160.59387346630723,2
49.78250735054709,2.547045649312199,8.688117770364832,2012.549199867356,50.55569191817952,9608.55675775285,0.8099776719654792,-0.4264592071695919,-0.2323052961177923,42.27674530184434,0
48.75288740531857,2.438681615855525,7.561017982219095,1975.7400652121496,58.73200721679231,8285.051500522497,-1.1333272266369716,-0.19029653204353827,-0.17482654140136966,21.802005385364485,0
52.994408108661645,2.6571696313169015,7.563534491178367,2090.661660359583,41.55848989376957,4094.4616451157367,1.8241894171165518,-0.167370390002201,-0.0332709873244233,47.32030718322132,0
46.75589776528683,2.5529548923367233,7.884020400278253,1955.1894985611493,60.52007110634835,8885.831168907382,-0.9706212125139251,-0.0948500319516665,0.2581873281324377,64.9676915689385,0
62.022686670687655,3.9159107167623137,15.90900268581856,1609.641869801959,87.40704155139863,11921.028672540497,3.6447882295468896,1.0662591386122395,1.3144682312869327,161.27938331495318,2
99.32447875523826,4.69829837691622,12.073324691696772,2120.977723486016,89.59783702973166,18102.001349068352,5.242590555683875,0.8639002992677456,1.7566281066961724,192.5907220778822,2
51.35956464839965,2.470265493049396,8.459110830525702,2025.4472205350273,50.035005002174486,1606.1729319935237,-0.035470672798276086,0.20220770136211075,0.3699151135696626,15.419476519783956,0
64.18072526362218,4.066757075780031,9.47708051429179,2059.1138483475124,70.54163513230256,6822.7558416571155,7.120860221767587,2.915297885001333,0.8110358973060584,144.82539521057663,1
57.03410484571038,2.805314649415576,9.922135830749621,1894.4093502075482,61.43038982882457,13172.402425109725,13.543758842570666,2.040637302095531,2.2137510939990497,88.15834061436823,1
50.45380359530913,3.010923035987934,7.7090898755814905,1990.3798430712163,39.56924877839721,6564.0085321354645,0.022445573588405526,-0.02102695750313412,-0.1827668992106488,60.06081481159027,0
50.03852976560351,2.354192794041459,7.713760491920986,2102.6888769593215,45.57795238504847,4544.128172936672,0.6543209927013732,0.2232849350588637,0.04624466783571363,17.77748468721412,0
46.60489364857266,2.3745820409489524,7.9849235688594185,1994.960478604821,59.044496695777426,9210.218673584042,-1.0184694021620437,0.33716339727539685,-0.047031076667847914,22.989234621523057,0
54.0858797310486,2.19658465308391,8.022120315540402,1932.3676842573318,50.00507834003153,8237.864226816393,0.21389830701561233,0.11187613527404149,0.32696063307647355,27.625833462261788,0
54.26936429275119,2.3966834660906526,7.6353993555734325,1992.1708965897628,58.27075492002422,4046.1383302844056,-0.1975795786546047,0.08790626739315238,0.1406663623861505,67.84377293519901,0
94.93076904048877,4.8995528965684585,12.63359381549348,1837.1095519394235,90.97552059493977,9086.821682022332,8.055473506367164,1.1516709891690198,2.1349554996721904,168.13468446921001,2
56.63847922908166,3.0572545977075016,9.152078641361152,2012.0555100944232,56.42265186738961,11381.44568372174,7.97080189594451,2.911246312159852,1.2664245784448336,94.24336038292878,1
52.64913896738897,2.6629121632517667,8.836603755319622,1958.363154820751,42.12805885537131,4354.7609236182025,-0.8235983451692709,0.2868608305161309,0.08851885911970651,35.472861706197165,0
49.74427121258162,2.6805341809896004,8.910443295779704,1963.8872963801853,60.70274249224759,4755.587381251365,0.6687317308552835,-0.13995654884091926,-0.28650531106184357,39.43838719793309,0
56.51367401925045,3.219451826768131,8.59668239999695,2020.9849699674182,57.749844847502324,8275.005035089005,6.363176902163502,2.0890224913629245,1.0708430215306706,88.14083002913154,1
63.27352568203483,4.083469138070542,10.220405514060795,2078.1290122016085,71.21057611789077,5270.6065404711535,11.463692191361044,2.5415538107318407,0.6861065033677065,132.38278278007715,1
50.8273952272431,2.909290350848136,8.087666198634233,1980.2329543458475,32.423876586932344,8174.688950164385,0.8214003028561089,-0.27702467813692105,-0.10798605102059738,30.384501596967056,0
63.290223565775165,3.140459294828949,9.61199718927709,1937.0776900482876,62.73620864183508,13041.410224146459,14.015324443694011,2.3989304803922797,2.036792516104942,122.05078574757329,1
51.08338230991844,2.3354610808271623,8.422900594510168,2010.1380634538132,38.024445743006126,7597.261219326121,-1.1289186126467559,0.17806986946284564,0.16902135147121725,54.44428816029287,0
68.94754145664062,8.403483353167276,11.68078227174728,1954.3828197491598,89.05037105055065,13715.878163299283,8.241840517545805,2.0434279709280094,2.190054849422613,187.38319585322634,2
67.96129282399836,6.363791393913793,11.639621442836246,1870.8341662530568,86.14895103357381,10348.270082965033,7.1100124824670825,0.7520633401343284,1.106212259737745,168.10898692695287,2
53.51861223156679,2.2595678787552833,8.281037003122492,2033.4119304119731,42.3748944985253,8228.817855407875,-0.19873955543579142,-0.03356832730257702,0.15816434520453432,45.15253343751855,0
49.97783339035903,2.7441521711952066,7.590657478394401,1911.505433205471,58.76960749342976,3003.598217233009,-0.1545588198877396,0.01841245910931247,-0.3160909842139161,51.31107450300557,0
52.09465265241125,2.3508267581352245,8.26510350705254,1973.6585513687396,61.758413836316876,4988.830555572299,-0.7454912693195149,-0.1453056536787428,-0.07386254305064607,49.64837102723531,0
51.534577016353666,2.524374122871941,7.725339734858373,2046.2881225228489,65.62467325067249,9413.40351233171,-2.2212335007751243,-0.012853025685922035,-0.5289752795975807,31.756134575877603,0
53.21721825949048,3.1087756183476043,7.545278526655561,1995.790380448081,61.87571858823999,1749.335627507892,0.27989566898186896,-0.17531679768694214,-0.1863431636968205,47.139588970112975,0
51.70035917176462,2.90097822266335,7.426966028945836,1974.4875105135734,55.27182483219093,8875.553009463552,1.1019178306413826,0.10302239088635588,0.5424672027447445,53.571771976673006,0
71.30577113469096,7.58429409061119,11.403873982194762,2394.1414123341497,88.89707350711552,13851.348236876907,4.191407990479693,2.074372906702658,2.0576595217572358,189.79305402163948,2
45.67970576798047,2.3576647229446284,7.344122969752007,2049.0160673345854,62.880694002052124,141.63205491512286,1.684560975899334,-0.2779256484324099,0.6394767338195259,65.20999820074374,0
49.95096871811462,2.17399593722426,7.881140545116617,1992.772545770141,40.18217970982875,611.7809767380255,-1.030783128943575,0.6324834569871131,-0.0023365530294680798,45.601612047548564,0
51.12603815042727,2.5253194032760207,8.010221890486081,2018.3221516068456,63.8074679043913,851.6576999030923,1.9829582385537083,0.06906461125248596,-0.44839789768120725,57.1856738467328,0
54.731310372234795,2.13682354510377,8.929780594690525,1958.6311967023605,39.36762299289548,9337.362386675517,-0.9406229927479488,-0.1771726311500806,-0.11730789844527852,11.34650532385303,0
48.76707378330532,2.525756482902026,6.92369417245775,2100.1870307668055,39.70188232545641,3297.680171708267,1.1434861588597023,-0.2325731035960633,0.06058928097442114,26.740086415952288,0
51.33212431338087,2.3310930159906507,7.625125673666335,1929.547589005844,59.20072262499879,1795.1960054297633,0.8382554785696985,0.01273455239805843,-0.18433587788313818,51.46619688933281,0
49.231894835803296,2.3555113591096952,7.894569991861674,1967.36179900696,69.97583519597399,2918.639060718432,0.17302086514130235,-0.2399679599188953,-0.8363528607526006,71.30985948975157,0
62.04260573456285,4.216930669307633,14.238118961752972,1661.4182986653902,87.66753725886075,13605.151567788591,14.052396989692632,2.276668266469691,3.7789595869957373,167.60672169277333,2
55.988453861934616,2.9342459836360217,8.576229867483576,1971.3358008701937,54.75161604275184,8265.578181673105,5.275889891948449,1.6086642893919447,2.7480434317927993,80.63969723790737,1
50.672538454561376,2.364448981538944,9.13578722945228,1917.5875140643486,48.216026286556605,8903.575034549103,0.7850470229128118,0.021790743454161418,-0.5616735186735773,51.90920935117657,0
57.77936305308848,3.074041467611897,7.473110822685009,2035.827357636723,56.35371599862007,7785.880083807522,-0.2083275657939122,0.4048998638564837,0.20629878713850458,31.441926684818643,0
47.48304331181103,2.4212942337519943,8.308022198506409,1964.8101640006978,60.79534431908523,8174.882271909767,-0.27095067337694356,0.23235664027115788,0.023335302593134294,72.045530531707,0
47.26778038523171,2.7086399923415847,7.829689374677212,2069.901548251743,35.09181656015042,1193.1191351696757,-0.96169161502585,-0.14215709972029308,-0.1493300472999149,61.085917949129396,0
95.23285341997244,6.396349497353731,15.901601262194195,1942.9618113318115,95.69415060742593,15184.184113539268,2.2859226923678277,1.4233248808367944,1.3008580487021588,185.0307670537077,2
48.10273691291196,2.5513299811889514,7.974854122038831,1980.9691144202945,61.7429532899058,306.9857459855185,-0.3497576723080635,0.2102687470523502,0.05269030342059514,30.132377348314478,0
63.14607437362829,4.426118774563541,16.565961499256314,1541.600066033125,94.79160565802543,14984.522941766878,14.518967336965781,2.4889111534794734,2.9527713031824128,179.41308045674668,2
50.62012674803257,2.414600634869419,8.33845061884718,1965.9967184372506,31.919186448466203,2850.5800382326306,1.332645518695934,0.12524111232644908,-0.2810305802018684,83.96019369772506,0
55.07714263538598,2.8535340656125965,7.709705099576388,2043.4441680044292,69.25712321920386,4394.657393139495,-0.9808593282705529,-0.2641367102088823,0.21970456014178788,50.6569162256017,0
63.179044671016655,3.7967738553949246,11.069393778502674,2055.940076120281,68.89809541789917,7259.143838762584,3.3012936670142925,1.4611524731344736,3.71360390135426,131.9398684517404,1
46.52245368190785,2.1452692660692123,7.959970470059745,1944.9983661011306,61.65450714059354,9685.586915273414,-1.276072681970571,0.0012232134016886994,0.33182114207890484,65.76034715121277,0
50.81608068988648,2.586766582274986,9.293720614388729,1941.2070114706378,58.536322548436765,6767.481250628593,0.4927839739235272,-0.13006307897461497,0.49940040908028793,6.160342705196044,0
59.374510829116325,3.990412761036192,8.862455073414617,1962.356611690099,66.78712899807746,12719.73410708979,2.262547230055882,2.893538716295504,3.214038704043357,110.68840421576817,1
49.33393954885993,2.352880224231274,8.710198215549262,2075.6722487694574,41.03400500596882,4456.749786574178,-2.1574838291873797,0.04785802295607126,0.19678668666563925,51.25995571157092,0
55.49578426980012,2.400959189413794,7.9148640685736655,2134.678860121329,44.158525243696495,3099.74171531501,1.4044972780946012,-0.3112926983668725,0.14855413225458577,37.87437502301344,0
50.02634464143638,1.9725335110391264,7.880915228812015,1930.681046389211,55.53758887119312,2122.282662854852,0.19418090559442003,0.11751311908706615,-0.10724785418151839,65.81059126850712,0
61.36256613243478,3.505229764203784,9.81377264264672,2041.4188531453915,63.203892441540326,12574.881720823032,2.091923212394052,1.7416670499004128,3.081087150663403,114.03972952095016,1
53.93909744096763,2.721685717133693,9.112290425088034,1969.0855709351727,61.91580407378882,8001.80737618987,7.6234687846204805,2.9023967126553565,0.6109782656204678,94.22437243414382,1
52.54802271217714,2.7377625358780993,8.495466424552474,2047.246349802638,32.360506626921996,5341.366191363328,-0.1673044218339797,0.023324908002252186,-0.2022079641809799,82.5973830950215,0
67.31398835148143,4.660766826622272,16.451714801949834,1705.3122082704954,96.27874513912069,13941.162597032344,11.387017153143999,2.687059470149419,0.6127518782769181,189.4969142593162,2
49.993222559555896,2.5878472509778407,7.871527352082247,2014.900680279889,54.17148360985327,8703.059632344452,-0.5344094394533083,-0.5511297345133526,0.3641279310076756,47.788452118503216,0
61.960612880808306,4.2662122862164,16.2412961376035,1665.709536370671,89.68276789088915,17791.71998731585,14.755859203410141,2.150400646861901,2.686836711585927,184.6393851557574,2
46.64016418826836,2.581355261513163,7.934009550634659,2008.1221952602039,50.884178120476065,5120.132457687949,-1.6334374113986085,0.19678123106658474,-0.04687433180329382,70.95709027425104,0
65.10859274482594,3.6869933459635478,10.790010810674897,2067.485584433779,71.2551618622497,6509.547874116463,3.0619068926259,1.2364805480271719,3.953144998395081,137.2319774870033,1
53.019006707315384,2.9810108476022132,7.402323720650183,2031.0976121239464,39.068693831994,4306.420821738246,0.14770582076300817,-0.16662755603791213,-0.47332596834005924,34.365190555509315,0
48.782504668037795,2.097285090561515,8.32214529655123,1951.698885145359,34.957300506157445,9482.420845808465,0.5014692742032589,0.18497617857245036,-0.1648072295028146,35.65093855116245,0
52.11081160423621,1.9720892204048608,7.959637530843529,1983.8235469219399,39.85540511570386,6066.29848052722,0.01248070548593954,0.06859686827182136,-0.5714193655871984,28.513440542765256,0
55.896134281135325,3.2622154697663817,9.064003891518094,2059.1563716542805,52.4807305182171,12485.349762065718,6.362246200546017,1.4707005771356527,1.0555974514208601,86.47828384856543,1
47.40403302185659,2.779683506447912,8.094549778383426,1971.5927547372294,63.97274927520187,9531.328593075123,-0.6980315046409635,0.12418431137783298,0.06359128069499499,25.70886715354618,0
50.94115056207599,2.488832229845766,8.081810398887493,1971.6784925849392,38.21214490715241,5273.312047309596,-0.712073766052375,0.15729739062574077,0.16141631293045533,47.4541958051782,0
62.819619213926046,3.4285242139223318,10.488138591410815,2095.752472560832,63.755079302637036,11620.602104170193,3.235038897604199,0.5580307686261611,2.4203587320155746,131.5450866060652,1
50.584838676083606,2.392846739785559,8.723370868508926,1999.5054885395882,56.55776958722228,7298.0493991549,-1.0899028288968664,-0.17738640171299017,-0.3846635709086902,58.6252274228007,0
64.03396791986026,3.394991756521738,9.82397867014902,1891.6413268335548,66.10700740844318,10073.002325642497,13.871399314555475,2.4216702509790933,3.943335895515988,127.06281520768148,1
49.53129681844088,2.685356624126966,7.613791373833445,1963.4512278266982,49.66870576600813,1708.8703575679153,-1.1058233659986403,0.2905072778647633,-0.1292821823381427,10.619688743573782,0
51.30836926630937,2.274509118694214,7.82493591424122,2030.1965464340167,37.21563607317939,7605.054237190636,-1.357824006633294,0.12442819474012785,0.16571315790280325,44.30060982423623,0
50.02545902213476,2.902246484580437,8.09329837086347,1983.1697214983449,65.6829348693912,1630.1699033552152,-0.4145339407015539,0.34037888748305783,0.2474179139719266,69.57422222348012,0
49.643253045570226,2.1044032272346396,7.903072421851358,2026.6118868425758,55.15493881120727,120.83745514428811,0.7625106126926647,0.31238814743735643,0.15607046874763827,55.538263915994065,0
51.457700018561134,2.272904102743573,8.465479569407442,2057.2523597466184,39.0976235725831,2151.3406321387074,-1.0336088569434467,0.10959789786511612,-0.029447147344169127,92.44966821374177,0
50.77344411576497,2.465478758535066,9.433553408593987,2018.9425614617487,67.97024338747141,6538.773180971337,-0.44131900440009764,0.18589581241870778,0.10830058385313049,56.303434077849815,0
54.71701962912356,2.3097254606791933,8.120591277576377,1981.0786502710123,34.41891704218976,9144.557322680581,0.554765789092328,-0.32825497463913755,-0.10371710204700907,38.515820591564314,0
49.504537630914875,2.960895272145414,7.270711796077009,2005.96961251971,54.29473401382816,5372.319091694521,-0.4929329824466878,-0.12640012092086259,-0.3500076587817799,72.81032669692439,0
50.64412113426128,2.1858415024348927,8.644356097401698,1942.3108262490443,59.65837875370214,5846.928752483821,0.0688208645975308,-0.3580726613740277,0.12002060440207131,45.07363840793464,0
62.498237771988826,3.8935385824581483,9.652188696614209,2028.5930518580703,65.31156275623434,13604.166115813456,13.267343466033832,2.011417666706871,1.8770342713197448,124.37053154050098,1
65.0795054959162,3.3881118661751035,11.011476438659312,2096.113631339987,72.62863016348547,5223.913693203487,3.6168404691996416,2.6319454507138045,3.4183798981576174,148.59263191031357,1
52.54399260188855,2.552828646469255,8.017529208935557,2002.5483858799842,38.38355753438716,7302.828073539449,0.4259831217850366,-0.18411818889391815,0.40096655152567023,60.64257143150469,0
50.42558989462139,2.4089397979846754,7.228441572594425,1949.8355254452154,69.6669419813494,5903.997659597278,0.22944190292056701,0.3672987439879504,0.2253383494258623,66.08932181372549,0
73.62210241996779,4.3896806359184195,10.940128445107565,2189.8028620421314,73.53112538152418,14691.672663905854,2.419783222645905,1.3382391349022857,2.2017453681853447,169.7968755299399,1
49.10763521040612,2.666623457754784,8.373270826493638,1971.7657441427648,41.11932914009901,6576.225939020223,0.5037573134162038,0.11075034574175657,-0.025119164902562285,51.14779029374506,0
42.509510026337225,2.503059304602135,7.1017706394149975,2025.456973783577,49.430160119617085,3347.4476585905377,0.5477697760195868,-0.2235515896632624,0.2885147881539661,60.13244339903494,0
100.42591433988457,4.629666657733316,12.788638705977302,1885.6326537443192,94.73135064507001,18042.236397452703,9.584594185681453,0.9658000254823819,3.875876903763784,186.7007856965562,2
49.41360690105033,2.5381528685787136,7.649906654602688,2065.8774741590223,55.54897426624816,4572.472217106943,0.1497544647319883,-0.05871080842211601,0.1346842099854629,56.18232648617988,0
47.978377112350074,3.065007277342703,7.582150696553786,1914.305055697841,66.47009426657951,1641.7128504418865,0.6051760553669455,-0.28665741411619594,-0.152668632033185,47.13661799356018,0
61.9075263057721,3.623033479878259,12.043867552883063,2041.7013751256782,66.49582440217978,8317.703387778569,8.55732126777072,0.58403851157165,2.7582061601106513,137.64142112124097,1
62.22529534910269,3.9963226882108884,9.633563693855958,2038.2866419045802,61.34139750526789,12217.907299696908,3.467937533836782,1.2474269729639085,1.464063152247901,105.12978197526346,1
53.478765235719564,2.082777367660119,7.5761108431611355,2015.4592445697972,48.60541207422269,7265.765707689301,-1.0508217533502648,0.21348992090180252,-0.13227981729547436,16.416101150074887,0
49.93487193288227,2.519935288443638,7.333927783511643,1963.3937743512984,60.833425381050525,2293.7784756365377,-0.9960018722379729,0.01087123894930527,-0.21256362700580567,46.16815488064977,0
49.454412027875726,1.9985738479979616,7.341020785588257,1989.1603848424654,54.40276144790031,7247.049468219718,0.43399485169145924,-0.11909007873412827,-0.28336388126537704,62.49347295591692,0
60.81825444442905,4.194885667975593,10.59649171112469,2073.874133590359,59.346807977345996,12212.724726031007,7.377660450714263,2.498167610064309,2.597080563630454,115.43045114271703,1
51.63727355834781,2.3455187856062514,8.132474796954632,2001.6358016725962,44.93954681381727,6857.192215857968,1.4900037103049435,0.26602890107651705,-0.1921458940608302,58.41152154226147,0
43.566195312581044,2.5373013510549,8.401324371131352,1863.7872117408472,42.83689259861444,2931.5883201854776,-0.18761039230635115,0.020643862335752734,0.32443178887980084,23.68192459087277,0
44.75989281818652,2.6914295812520423,7.784884377299743,2049.229476968994,39.180662469236424,5301.037770893914,0.31268380602172857,-0.07659105697101755,0.32791049945475015,64.54866556238059,0
49.92690459889019,2.8795366569172773,7.921368902978266,1988.451943044048,58.442112061128775,8964.222988085026,-0.5540839469745902,0.23105272718134737,-0.2870078169989395,61.56879212709974,0
67.02848510523421,3.9314257924087035,10.394009121192099,2056.712996131381,63.07096645850488,12532.004043267963,9.453732997689782,2.241808183051523,1.9432058400587295,139.16051196641098,1
91.92577835175823,4.728743416483637,13.090589580606114,2046.162583430935,86.6314499632085,16852.711215618154,2.330209866930509,2.8155075414062973,3.940209906109152,169.0917060862916,2
50.91361219554787,2.2736219292899795,7.990819091452177,1975.3533421359466,40.87116700551546,4733.390539528769,0.02646608961567541,-0.02150596156161722,-0.45461640794378877,56.82531890945278,0
69.83447735257009,4.168216504845311,10.815706160186894,2079.4705609831285,70.6672295824039,10077.57215859017,11.512089469411379,1.2178263956335424,3.939555367002763,159.57865312054776,1
57.60001417467652,2.5107069489999594,10.079446204213252,2107.196532225485,59.723376574136665,10949.56620558265,2.268083409657548,1.4963684984608334,3.17436834200062,113.55323094479246,1
46.860001824104934,2.5948313359319197,8.597023491831287,2019.0720762659519,55.197603156921716,7860.862291834498,0.4293496704920289,0.07336697376642941,0.18403297999504506,42.28921805175479,0
61.669367949928834,3.5101819781635437,9.221153526009584,1930.3811926457918,58.054777626139106,10201.02642629248,8.44801859093165,1.032033064903916,2.8548059280063414,106.07530009350384,1
49.52211319231438,2.318009630133217,7.147542459635517,1957.355593708482,40.317865503130015,3387.7634500953036,-0.32904429524238493,-0.22945039823493035,-0.04912282418736456,54.80822427337312,0
54.40405191347218,2.879023546077872,9.08367417614243,2072.651889682287,60.45678062497495,11024.628089713293,3.8333909787018983,2.848851127576546,1.7105425214951713,92.76060593580554,1
46.90197341294604,2.123870100402693,8.114286043163762,1961.2064250276878,43.87056822166181,6291.346063309708,0.4863532058246964,-0.20114784776340586,-0.24613454003162508,60.782241305040614,0
48.6264732351744,2.311520958075169,8.249547703962172,1952.4182839842574,46.833328149042686,5377.915945153631,-0.4519366932649261,-0.21291853408851266,0.3740735784729529,71.46949270437861,0
63.30207578532735,4.017582557741199,9.326334306147308,2028.6175905466794,61.92695747389453,10481.549299661787,6.093572427006765,1.810063457976288,1.221416773911679,129.69231090614198,1
71.80477310870573,4.358747360093338,11.807299165795985,2012.7594839850365,71.2826398102831,11247.960012921434,11.16295340314689,2.352801731337741,1.2251025900456156,169.9727488693162,1
61.75681081791492,3.1890846739581673,9.689304045586663,1985.3189037858754,61.96242663535203,6136.8498126831,13.469059570985237,2.0385689408309005,3.287621581347571,117.88746743532877,1
44.89278938057014,2.2486310923503607,9.024131355864043,1942.8693592400666,49.719360313609656,8379.170061884503,-0.07085916343043974,0.18705231299508635,0.23854973326096743,76.67502630874121,0
55.63933996660592,2.7804066946532213,9.067670650457888,2014.2898273709093,58.14864139242487,8682.618963502515,2.905092996928472,1.977569489897813,0.9078648720724422,86.83836041572306,1
64.7009973002726,4.248196107952657,10.387963168060077,2153.177344332148,67.67617716892339,9705.566410184252,13.994401137977931,1.2434332301863091,3.669524753404171,152.24822870694393,1
50.7320181894284,2.3464611959044057,7.707363305064427,1950.6247800891842,35.45491923922316,3322.4826913254833,0.9700859861773148,-0.18022747814632326,0.03668533870866033,51.08607806652665,0
66.81420618188343,4.148105132519117,9.943239534204295,1975.2767625379659,70.9188576514343,7287.051371501274,13.85626005392361,1.8369543127172152,1.5504372483249111,142.53359777192463,1
58.16010470478541,3.5672143797149127,9.605659401588488,1919.2164950662268,65.13624583873515,6848.864969420287,3.35724496718112,0.6861937079725889,2.274386468260164,108.10885668877665,1
91.95527578321949,4.868086287305955,11.987055874553965,2128.0610558872772,92.60678031373007,12320.228641978285,11.838459996891622,1.263507708700142,0.8709669195748555,156.90616591897515,2
65.31814194907884,4.412929439576732,10.140024712533277,2124.8355666318294,64.83958284627772,13664.88775635668,8.805831331727909,2.959133343705221,1.8476249321631137,148.63233741831436,1
70.78699366396431,7.645235374104914,11.210226165982732,2020.0450306152723,93.26862529736367,19968.803315835314,2.45159117439726,2.6044854937876103,1.3241827847776775,182.67757685626518,2
52.409141251023705,2.4231035798501828,6.507368558878615,2012.6760740176308,62.72100435347105,489.07134304947755,0.2658305246318299,0.3901571407092066,-0.0012496247476868505,71.35221440204155,0
48.14327562613535,2.7754692641433225,7.987162369822757,1936.1043446721765,32.020604718809736,364.11728482617644,-1.4997148109085592,-0.00419599148289021,-0.7260652414379116,39.636694203441984,0
55.015029819918155,2.689970976637585,7.511345109174998,2080.741360497619,35.50384604684456,4994.867734907227,-0.07891454247166904,0.19701758161656013,-0.3401157492671781,29.277261612480142,0
69.43132757667694,6.674522042344758,12.440875391043319,1947.2215071311782,88.92585603018475,11593.125777523424,4.637860473995925,1.5527582383842307,0.6253120809987731,162.99057056643431,2
55.62158464631226,2.7905467002367046,7.5193536265261995,1962.9870319689835,58.31620996693626,6715.654830218243,-0.33311340158228414,-0.09618268139451004,-0.038147318109358036,55.79969516883948,0
48.10994223877345,2.9112954783460374,7.9966953554903535,1939.5156014897318,43.27554620881861,3739.6834789717605,-0.10485421467064862,-0.011466154241622041,0.1538294729304826,75.25718468519557,0
61.08994029533936,3.3131762458298617,10.404286229715128,2104.612964282864,69.1646269553069,11526.338336022534,8.176572699871691,1.4441288741366316,1.967124929889578,125.28817796452334,1
98.72104963069802,5.453415368683097,13.9911766024377,2365.90014180789,93.86301181334346,15674.022821764593,8.152779584924522,0.553076229184932,3.350340876767781,199.10039796233275,2
57.22277426464267,2.175384536262281,7.643234431892851,2082.191296504455,59.42193948122126,1313.5008471857025,1.0346573698682087,0.09729980334640595,0.05752968993074767,68.77221539387968,0
48.62947724830339,2.2012601435801247,7.3059325732399625,2009.1365399205472,68.10059622772371,8971.354288729095,0.06414060507052764,-0.09669315278353498,-0.20225826570142952,65.32161465450758,0
46.14017262380079,2.3804249007097416,8.4037149251478,1896.1691993900708,43.11418726486002,8769.486168024969,-0.22342347274165192,0.0507185883381613,0.08079517135392347,35.751428201268055,0
56.354202087676825,2.6280270971095288,7.9492930631792715,1989.0487316075832,48.43625247075468,2665.874098059319,-0.4586782547049063,-0.12723479864691,0.11753772329212021,52.62618830788917,0
50.0594814612961,2.850703277759145,7.973368720003156,2021.372770234847,68.11753561705046,4586.902170515193,1.3934952970475232,0.02750836589443876,0.23455510727489987,79.10657869764395,0
50.06703654092645,2.4625925826303945,8.185649002284071,2044.3751997698832,62.03317031333347,8950.611038489855,0.8378382834844933,0.19376913283337482,0.10097273864791816,19.04778806240712,0
58.99210299124123,3.2752371926329586,9.747698089790424,2060.0245411380884,65.58690456285201,8788.666791441477,6.843001473182555,1.5167686774294777,1.8153331429750672,107.28934039704293,1
60.282490506661354,3.4285058314569743,8.938269297607496,2031.3732463504653,61.97723686677321,7777.499866102865,9.848215313645632,2.9771934671848985,2.415311722490827,112.24909359187936,1
66.61253310190958,4.25554439366886,10.65427282234778,1937.3937831405972,73.99714045208002,5045.880294297211,13.093981791970796,0.6902349326245761,3.6522930212149265,162.73481819760815,1
68.70570809449893,9.455910437246317,12.225883075661955,1841.2217002730602,98.09736482432058,8153.5674029704305,9.313177510570682,1.673512730993909,1.408586022845518,199.55462573504602,2
51.7975783263761,2.2507359066843318,8.188143922472966,2001.415324223656,39.72923193008614,9569.041767877467,-1.1727727653360884,0.010012090488879834,0.097868613151453,28.856733608016075,0
64.17040435953972,4.267179150302659,10.709447792188026,2036.5342784008058,73.41129161445363,7403.504588554185,12.333625125851118,0.9971219140199525,1.3724508917537053,147.2940372728163,1
46.14297544160288,1.9840315699610722,8.075568690831817,1902.2200722633713,45.11992929999294,9703.646461740853,1.886128670652059,0.12147004061451433,0.1531021250137724,36.54128939144088,0
44.53427033132968,2.4288113026678455,7.800447635727047,2039.8475091117045,59.965074092496494,6598.413100697053,-2.0142490154251345,0.29924227121645414,-0.27768556891843266,84.16202720556379,0
45.33139843125475,2.68020972984451,8.218755568336302,2030.0944583500943,37.34121813211689,3620.4845000855867,-1.8077708115407969,-0.17230667536592473,0.19507987108772326,67.20669151417704,0
71.94823636941004,4.778176849366423,11.441865690752257,2174.9535724930215,75.97247110080798,12701.982058445448,3.5659620142245108,2.8208965386194667,2.8908475160542086,161.3717045840918,1
48.062573078341494,2.872158098869563,8.312489349589011,1978.6004775787258,60.94245480575754,6711.849002004672,-0.8714880681766379,-0.05141278052522657,-0.2915928713655301,49.20615896100429,0
48.26012820705742,2.320146983059635,7.932084082537004,2068.238504884621,66.63218384127528,7689.962375812143,-0.47700248842059534,0.056665083715188413,-0.009925680413732015,48.323938841184024,0
48.76413074075624,3.0325874975159564,8.678834740513091,2005.0081242273775,49.140187270628374,5449.263208053992,-0.23571816499334883,0.23503111075497463,0.013253432585835783,33.03018130329771,0
44.89834458276733,2.5248741932388166,7.700697465809272,1936.5034097860612,36.64914954014719,6660.236792738348,1.5483149097179054,0.2682156180344799,-0.21888414564629183,34.15664409489591,0
64.84836957110227,4.32870419770167,11.288492908827829,2088.0314226817795,73.16356159637886,14896.318128456956,14.989280362217645,2.726316207662016,2.738777866979773,142.1100595302664,1
46.91293745487556,2.7356552936033003,8.071590920294694,1983.9222540895432,60.24043708704774,6594.331201677496,0.18601144510571402,-0.4558284362466416,0.035944448284416036,54.53925836932025,0
52.13695520181567,2.546692613918148,7.5751000141866385,1988.6648016027564,43.03304966812286,4152.002147362864,0.2237972517559919,-0.3507479723275668,-0.18870033069062478,43.81359390206944,0
50.647506472294424,2.708925850604921,7.484449070640284,1928.0644619364512,49.735326856361006,6731.300335627051,0.6998099845097588,0.026582184749089095,0.22348311995453188,54.56074144388562,0
50.97095198489235,2.6712349464357947,7.7302648885174845,1962.685602594108,51.71239996655526,1249.3815535054287,0.64527861266987,0.12648253305257656,-0.12582668268505057,46.11856214182345,0
60.932149319630746,4.367417048743293,16.744314907399293,1515.6806252609756,90.93406779262797,13919.631757435747,12.342609638167566,1.7051372550124388,3.5846279289480663,166.2827995659946,2
62.98816350610653,3.165861703120616,9.035552190477684,2041.6580711318227,59.459059092661455,11859.813592932423,3.010550258226102,2.155896454722119,3.6528389233085394,108.32253769730072,1
93.7737242235737,4.443141269789993,11.92958433050265,1969.924669220273,84.23065949810672,11390.80732468611,8.158497481446691,0.5025402773151748,2.53387520890363,164.74844904614818,2
45.627178949455114,2.2986751883607193,7.222898009535535,2008.3634601485699,35.39288344625882,8906.470820480448,-0.7105899973370841,-0.03676488462715325,-0.2228668938182449,28.917863713622552,0
50.31384546086043,2.855953563552286,8.248369148435224,2052.8575081760787,56.88481944324669,10550.632325137893,2.9795074881598795,1.6411282354930794,2.1140463778598706,82.00299450764143,1
47.26351979673382,2.2788187430447246,7.183912019140319,2035.1374498111704,36.71554623132802,6847.352055122997,0.8558538580091372,0.01192316851178555,0.15906718713024015,65.4821802512689,0
53.73585831007309,2.8199584266330366,7.607320627573783,2043.655365912485,55.61190014655005,6182.784582825398,1.568523869598947,-0.2200443358051355,0.07190993841820027,36.19295849890179,0
58.56150619429399,3.367203304460572,9.068071011798272,2195.0565437140312,59.06718162319416,12610.08330043697,14.605614313615895,1.6941592984404916,0.5215427757117124,98.9561966528679,1
53.081985065936124,2.6446628160364796,8.057358929684977,1929.1271227771254,47.885260015574616,6644.404611626308,1.06124112528671,0.00628077935276565,0.3750499058861073,23.98029169086432,0
86.5428465875072,9.505510303361435,13.329396758167972,2062.6616465033662,90.69605443592407,14811.02977812412,6.593532721259817,1.9580481688084692,2.455374668327475,197.45206358194008,2
49.510399527239095,2.19168449318497,7.711131432882898,2048.755726056035,47.75326021168261,4938.315903202681,0.38342736864214666,0.1787677621926806,0.15429357547547337,63.46644551061578,0
49.599020800212735,2.9857966228969914,8.282058463200098,2017.5585071380865,65.62166340522387,4545.785741874546,0.11299176757799528,-0.18642624302270636,-0.28964765729941067,58.44969243868544,0
50.61863968046635,2.2542168325260055,8.22049997235258,2032.9483936507686,45.131662097170846,9937.937966371217,1.0403609061715406,0.1075413301024834,0.02401738875332177,76.49139636386079,0
52.52647350913968,3.0100865926893974,7.268090707924479,2060.3057294597265,47.14913682282218,5580.9657489064975,0.47859110986974274,0.12352416286814039,-0.09810229879557185,40.19811079867421,0
53.55883481369568,1.8905268027066646,8.063091578626798,2002.8701988509656,66.51728949189726,571.9230338137993,1.4964560593725689,0.16570655542470317,0.24576844431097702,41.12286121006102,0
49.01134436601362,2.3052134015916965,8.210399444413758,1996.17320303658,55.075236950341704,4158.351224329314,-0.6269837737716375,0.18551830423484272,0.25255698881894445,24.810744701712864,0
51.96272226434962,2.8211600720673657,8.445641517732458,1990.079850680773,46.43427009770399,7102.954714653835,2.012371447206125,0.024742450323202356,0.5366068998749342,29.017921254234402,0
45.78450842018065,2.405288334331912,8.046654969030483,1975.6652325585244,64.57717381403191,255.7827462319151,-0.18166956961689104,-0.2773940895861587,-0.2962351406170654,59.965294143917646,0
54.011249532670384,2.5239745313523643,7.953105405805825,1985.5308432616464,56.54058971173341,1307.42006102467,0.2113917363391902,-0.3145365538545702,-0.7533638005455796,43.74006835706091,0
65.94627083347687,3.672800648846049,16.186210583802207,1590.065080831936,86.34477608458612,19186.12393900891,8.654316893569902,2.6178163353243056,2.655624031038109,158.2350438814002,2
52.95827004183608,2.6729712587605237,8.578654463071718,2028.1320545864974,37.61860657838052,2775.165403748011,0.6901435665340024,-0.125060719081842,-0.2167001065835361,46.18787871682262,0
52.27776207525878,2.005821090708128,7.06444959863426,1987.3524311228946,64.49063777622062,4068.2142484556894,1.2003610053047566,-0.020299882089295996,-0.06240195390094575,34.473464537966166,0
47.06993290387345,2.496894706797049,7.9060787527858,1955.3519366977898,31.321160333869113,2549.843590596351,-0.050903165868689614,-0.2866294287416834,0.13325349731596578,65.27938612423613,0
61.615037513255515,3.9769097590694913,9.867568086652074,1967.2599793675106,62.9598719630322,14130.887714119002,13.703935134233861,0.769444623824888,2.448427479425186,137.8984763418368,1
52.73394632481201,2.986755397581028,8.176380735532668,1958.6060895339933,54.354892158241505,5312.236379738056,0.5246696097271679,-0.022511366456241577,0.08147779282417655,72.30833681886837,0
55.27071324053059,2.3214238739319244,7.884181401976038,1952.569006612249,37.66900895810552,3381.4298714881775,0.9347624847636001,-0.02124192348834293,-0.9010970757373811,37.94200710554502,0
58.881983775213,3.373413605194237,9.764246969384132,2108.036663343728,56.73627320738756,11670.931602834497,14.110169303496876,0.6123873900033903,2.6574633357124244,104.10470692423601,1
60.16733717669477,2.53721657993786,8.158197459567015,2075.209452617882,53.72342512500439,3329.118437718095,0.3757449124332505,-0.15383063161004945,-0.15601797779437937,23.690039203404922,0
46.89469492333863,2.7644588556327347,7.189721074208026,2111.2936997320567,62.04230021342091,4280.924878621658,-0.9641762689812358,0.15563019969319075,-0.4405334465437548,20.519028893841135,0
58.720378118445204,3.1165615378247256,8.945911786193932,1962.8558612931145,55.91741945790344,8951.770506070785,11.125751079437098,0.7187005001068881,3.9935738611502045,89.18834848036589,1
69.1253878817132,4.500402923882932,10.906610405361564,2023.35610110004,70.0048003204458,6129.391158218403,6.4588726834587415,2.112007593270456,1.3071925001775049,158.6165827915036,1
48.25356424102615,2.462730533061419,8.697439170673832,2075.16373699894,68.65658020988019,2980.0521663147706,-1.7973856721285564,-0.3023509037683072,-0.04971654677168133,65.22938215107555,0
50.99760320427254,2.309398560081457,7.427187240613654,2058.9035565691966,48.92024910987902,2973.783933803162,0.7247134501482411,0.09772176945478787,-0.3910384671688271,76.3466449578369,0
63.593052149587834,3.9650452092252393,11.081256202372881,2097.1246827411996,73.3674337793374,7230.583069629421,11.105056664362554,0.5701080004151842,3.8943884791173384,141.95834470888406,1
48.085392242819985,2.436177046365732,7.237617562386693,2057.460269158687,59.31775725321842,4863.780666680521,-1.8259734523330882,-0.19430112917145892,-0.015842169233261528,95.22702298281779,0
48.02166214954808,2.5195020557207606,8.268867374140369,2000.678119359661,42.293782149216085,7235.031386421754,-0.5785818928110454,0.2986572791223927,-0.22026968806994296,99.00789302686108,0
52.4474550552104,2.807390539787055,8.12003480493826,2040.702073804332,45.548805647847836,7140.075581026751,1.4671026546229853,0.29951477463872556,-0.16558858465481485,31.01697801745685,0
61.66939501254089,4.411928829230079,9.657093260293754,2036.5588176948204,67.26646460781852,6757.856525649608,10.723280743293637,2.917680608074953,1.397444896167034,130.14991103386603,1
49.80056733044636,2.421686227948973,7.978656259490919,1925.1740065646297,50.97224111971002,3493.277443771017,0.3795947276874948,0.046868340497541815,0.15832790654721884,40.945733686940976,0
51.01444814796774,2.0518774057332876,7.933903213250418,1997.2104204444245,41.794885668391416,9048.701885969027,0.5284922163978163,-0.13055541146224156,-0.16566172159507533,56.2342882092026,0
48.58847538374248,2.3453495234413833,6.99826727851538,2014.8571094462072,66.32997445632478,1872.1346801943716,0.8436625019662545,0.0433234789213593,0.006764493929100714,37.45491906008169,0
50.62627734010187,2.6639756349586357,8.658793055633918,1953.020592285697,53.30616082855403,3471.698980348046,0.6520420732636613,0.22119807925713145,0.4975425954562456,26.531675642882526,0
50.982416541985366,2.7483874912739314,8.161492415375204,2002.669417368722,41.225620802426036,652.5429061162447,-2.670740361285723,0.11255196189199244,0.6536199827585607,33.4161899661483,0
61.639144850993915,3.8597951572589406,9.99308436660744,1976.9827352615066,61.235875918343986,13364.290545484791,11.527070535521567,0.9968692188146326,3.785557682761272,115.30378639983779,1
69.93604568910735,4.337497327467571,11.380239791493361,2249.528374701564,76.28052485688686,11328.6388684571,10.704802087177361,1.1341764606402274,3.35968791020952,165.37697929138233,1
64.98119162876871,3.911306120242877,10.219047885848756,1968.8490304425845,73.08585037136211,7528.689767727943,13.81726632578877,1.8451649781380417,3.8931703261587707,155.9950260830721,1
46.640016319694325,2.0374456338238436,7.5684118290091495,2034.6459167428695,45.013834135302844,9106.425439575916,0.3224294852514043,-0.10131920222161508,-0.21769154227810075,57.95307205346292,0
61.54991532738677,3.5176904284435464,9.919816145287399,2101.4606035389943,66.38391350183711,11811.497373031969,3.688722026379104,2.830884678040786,1.4122201025993493,131.28054103780187,1
48.2526407976023,2.5688141573483674,8.356294328248417,2010.9289431006907,39.96362221205699,3619.077267846027,0.6558193799892584,-0.11013662952922215,-0.14036480035102783,29.719795394053044,0
59.75108676197744,3.01752036568777,9.852396977574267,2033.578110555184,61.1962676666341,5198.230433994623,6.113233573642923,2.96014921133224,1.0139500548524831,116.40989893993994,1
44.38169947572305,2.8422443232683294,8.331159795621938,2042.125534428615,37.41676112399306,5646.323051550998,-0.06223684235939103,-0.0961627711810604,-0.19503618001917125,82.72775928942744,0
49.07791134788098,2.729968679536756,7.315985460344048,2134.38238275228,59.664309895731165,1688.693394213616,0.9344176088715022,0.03831420681665815,0.18577802203099544,51.412810434753055,0
48.717804491509526,2.740908275375066,7.294797901689306,1982.7491426077077,64.54364063142037,1954.0966065360988,-0.1396128212039308,0.2258465264589971,-0.15410094880062455,64.61698062489918,0
51.50378639409719,3.375801792666138,8.685714395889278,1939.6109025152061,33.80571315030046,6220.0107491512945,-0.3938873280762631,-0.06119769101488957,-0.02585583330101748,67.56159902206343,0
56.3205014317134,2.9241008778298383,8.743394956732706,1987.164851573163,55.48916825738425,13775.35577043351,7.467832904715593,2.1985809761927166,0.5643863243153654,88.02052356036654,1
58.173738682947175,3.333332599510166,9.922698810201949,2015.6243295212957,59.113263576738404,14086.052707563924,13.276818841504864,0.6549023574858149,1.5684518032363444,101.62960497767756,1
83.56304393698119,7.426948294399234,13.732057811977363,1874.7718201763666,84.56266242731587,14234.941821214627,4.701450368525812,2.2395014038604955,2.408304600892862,156.34140241136015,2
47.71355267747961,2.6793301894787485,7.7622877701059965,2053.2781891965656,43.54478719926546,118.17335778210536,-0.8712093633106183,-0.03337718136993631,-0.32156369724881145,69.64956853544028,0
84.81560056829615,8.60564597827373,14.651033553831779,2166.721186677395,90.43808730215137,15783.454852404198,5.860077679053682,0.8598668123756923,2.28638794322182,197.77463116171953,2
53.94167757756092,2.520406591321435,8.46980917418265,1998.1873281864507,63.67242478488663,6511.15949283202,-0.23845040796994108,0.15479247395208973,-0.5390122593119545,54.29146108557214,0
46.73054019750707,2.4818735854437817,7.958994342006062,1932.6800154921689,64.6815336392009,8446.326717542825,-0.019934110089417485,0.10705607615888312,0.3869807199212103,54.165462273110165,0
59.12052130860073,3.2251833631186515,9.050608869687904,2000.9643692577308,58.297398343452684,14398.741327661035,3.479635841025507,2.1823559167326536,0.96242883369223,96.45398962121054,1
48.24684909059084,2.5140150886187222,7.628353275163465,1980.1642098564018,43.82506852096195,8942.765462442336,-0.36452186677397913,-0.17771739127240263,-0.1563995545663433,49.872867260733365,0
44.957888018305056,2.7739203303201116,8.68196457690314,1875.4993656016977,55.232330732440396,6645.349660947898,-0.3486320805156954,0.09099812426756577,0.5451862679753802,74.5193967564722,0
51.587170636693784,2.6134590671145013,8.325711758920173,1981.4987879926662,33.24148675058258,8004.639262072368,1.0805260629338365,0.3643179477111882,-0.19339463043424812,24.815885397534153,0
61.06617192887549,6.319612873475745,11.446619081145693,2013.634986424659,95.889883097494,16595.725687262857,7.530041163383915,0.9783250757256108,0.780620628551747,175.9583488891588,2
58.579449337530335,3.0782947890587797,10.413552356589607,2103.180576536942,63.15690176279935,13632.655834919737,4.843846603911498,2.091865407992839,0.8539003166513293,108.52600534627024,1
45.83317844281083,2.6232859992124093,8.579074777829772,1980.8315587885968,35.93636215011854,4345.061976158402,0.00721714608789781,0.15201522247768284,0.2374583210183319,60.90352351261865,0
52.10016471066246,2.2711485804923517,7.530694461263717,1917.9022326022657,63.16161613884615,4218.622554297374,0.666116837635053,0.22477329913838534,-0.19631104559231247,46.73229963899351,0
45.82758299667439,2.11299976052895,7.813544297952699,2096.2564441766795,60.083753790858,3981.7322268537914,-0.13076366860308403,-0.23623007822033648,-0.14196335653511882,24.380241525251137,0
96.96951919725386,4.437237094025073,12.391596275941746,1993.8642750876802,87.40386348908359,11996.859618938968,13.322822897757545,1.4887660575473378,3.548140616922381,160.5664576426955,2
48.62653088841213,2.561782725487114,8.227367278769192,1960.0247808647741,41.58893364854099,2104.3340127939946,-0.7428042465476778,-0.2174883953665482,0.25867198127278146,61.70864115526711,0
64.84820775165088,3.9831614377267575,15.676967242862403,1486.0754962841183,86.49353694462448,18966.088905670564,7.301439170256129,1.031217245577071,2.922046866991192,167.30168254641197,2
49.523088871627095,2.659772650179215,7.389610033912165,2064.938124113233,62.28982331973895,8969.227410227759,0.48956736854829364,0.08089287257686494,0.2840582319042061,56.37540062296254,0
56.45288546235795,3.3660384727997106,8.898021528068845,2141.9092810800757,56.150589764788876,14792.298158684142,13.714097514738855,2.7338592835081346,3.260871072232885,98.16629016893393,1
65.49875386589838,4.13775113354119,10.419845269289217,2120.4161063763463,67.26785399243597,14679.474021662787,8.033705441369529,2.1033111026678943,1.8057175140045363,138.95715322630207,1
66.34718161981098,4.78080476156551,11.019786834407135,1951.7263101967233,73.04607087387602,5069.125911696674,3.7410773565859747,0.7994328962496393,3.731218560124989,144.80890960631191,1
67.08832594432907,5.138095837351859,10.832522523870463,2115.5538458157466,71.94556707963594,9662.742405342236,5.879959128657537,1.4282140310211962,0.7733681542354639,165.66092958231357,1
53.27470261767347,2.3179395951866635,7.742954330410019,1946.7834643698131,32.596811527877406,5571.043448266059,0.9923547312467885,0.06040786461783218,-0.1715477357173344,67.00466103674039,0
49.16813724573905,2.5315021644676405,7.9779419961641045,1943.5777372047564,38.313152171724795,8036.589850000189,1.9223458376666447,0.24992606283402893,-0.4984657825325869,44.935803035868794,0
47.46440565774333,2.9262997492650458,8.621614571481198,2000.9046740780252,35.94727047289841,5452.244192741004,1.321442740235342,-0.19755341735489346,0.25342233333702524,77.04084737330277,0
63.9361090009712,3.7634517481716543,16.110105747843743,1568.1463494911884,89.07172579892651,13776.337725357065,12.838479110355907,2.3471294641235767,1.7039236725734659,178.38447301102903,2
46.704744571812675,2.666236572774672,7.872802505741119,1980.3691780082881,34.96129725409719,3519.8424324732637,0.14447201815739116,0.2654617916373074,-0.32478965207769295,58.72248904823911,0
51.419427470927296,2.21345465837981,8.135065469742312,2007.9638408699866,45.92769410668542,4619.693841001401,-1.7369636996499809,-0.04590340908951007,0.2721056914346217,41.01573525953067,0
48.80963316176815,2.725622449772692,8.36487455455091,1903.0827557411178,34.12507388572904,9220.62267166209,0.5317976891314684,0.19986401041758173,0.3206675354946629,44.6940846256653,0
55.63872611969802,2.278652965167479,7.90594481178119,1938.9318992533308,30.511541509421768,4775.005222342973,0.21466636252373958,0.17566063049998373,-0.3629040960379082,45.748944524498086,0
50.46531814907118,2.418709311552387,7.904120518426779,1965.063643977473,59.99378774051019,7128.2269941349505,1.6896160935439621,0.3674204433370778,-0.6315182255768484,59.62866653981459,0
51.73749739478736,2.836813547577624,7.665997585623751,1985.5179623131426,53.6480304256814,3485.4956856664508,0.8653618474219742,-0.19115676992896466,-0.2527143629142528,42.044920484178675,0
50.88939146629066,2.5835484999200706,7.872486740612163,2056.3300393567856,61.637368449577394,8502.307679654601,-1.9425263325652118,-0.08672385213241705,0.17036733825799363,55.67132694855138,0
96.18436241562405,4.926641169029612,13.214401776877127,2150.0436605780446,85.09071463442136,13304.463943386872,12.636335446382628,2.8350178532377592,1.3031377220017717,168.060116255472,2
51.85586652229529,2.7237635504639313,7.910570948029531,2002.2090246824682,58.955433604462634,7732.425032788149,0.926789155018808,0.15540059250345606,0.03189103490202168,49.70252341018061,0
64.2087485421636,4.259567579219597,9.172457335255885,2079.600830895539,63.92501988607923,10123.595169750864,9.51116290225566,1.111316078647114,3.7291043527871754,132.0812004751987,1
42.2095813868489,2.8208241294195164,8.538397245982825,1930.837025723846,54.297342358801416,5844.868253845268,-1.3336463566021994,0.02152873342723894,0.05945657828531972,14.047203855264897,0
59.75988572864763,4.19658209438445,10.021047582436653,1988.1808296004574,60.85158878025127,10090.16048303677,5.980443675999187,2.829225161085001,1.2990082319490797,118.87900735853768,1
49.757223317124215,2.561538790220621,7.314831267999847,2054.0563737059974,34.42699916468996,6275.472326842928,-0.09542540759167957,0.16738568704266898,0.41089230161486084,81.73904221759351,0
45.707424248202855,2.7049188134197135,7.510664978989015,1896.5340824576158,64.56034734249923,3483.3289483325493,-1.2217710884730737,0.1152189456289662,0.2288590683559355,24.56619716961392,0
63.23294288782171,3.614728025416616,10.116728964290036,1997.1110737247275,66.2198166749441,11902.45162727794,14.160465777505816,2.3204757524519803,1.5554781629335444,121.59054588736535,1
48.87018576817541,2.4737794870926466,8.531313748693995,2046.1213875309156,63.74860202522159,5533.622555955226,-0.9434861788144033,0.21546737745567396,-0.23712861430484028,74.79389060128486,0
66.81239251356777,8.414883980016992,11.5761271399508,1923.593456809838,84.95632748458073,13948.791292664671,10.702367889052658,0.8712675820850775,2.239676427110892,162.35218134948724,2
52.78415338217651,2.621197536047126,8.430276601598248,2016.7956890717878,47.33088207593191,6079.898578336359,0.11558375817537021,0.14548936570543095,-0.1265739630309483,73.57402563353278,0
52.87168608304241,2.574444751109782,7.891393734780228,2088.094862830285,60.12801904164154,6903.976232075948,-0.2206595708388284,0.07709582112087954,-0.02443062100953927,29.297009200606112,0
54.7134013462596,2.4482507324775713,8.422276575331688,2011.390983354878,56.91852376839789,5368.102940564082,-0.4085095988697258,-0.0830867085553097,0.3261905123385619,48.38979645707184,0
45.671614718655086,2.311631605905733,7.674085220416407,1988.0384657276134,68.13849118924841,6176.229486753874,-1.238088601125516,-0.1806760859574331,-0.26085036972080744,47.620777275427656,0
64.05478883088432,4.40867132258105,17.08361708292364,1488.9877429356302,86.40617409189177,12752.502991098372,5.093482181195837,2.8427908648587152,1.91886154103106,177.9923169627827,2
67.47197899869454,4.357352589827016,11.058750031427769,1970.679534040307,69.66576378954777,10973.726647975189,2.0105900250138133,1.1456440023821415,3.757392938504794,145.87834483462467,1
46.0596379428334,2.422048833999678,7.828938415177018,1978.7797338534567,52.145893154678916,9190.286513901081,-1.1943868853678001,-0.23510166261011967,-0.5894488597535263,67.59426359603864,0
67.72058826689435,7.711342598181265,11.364917468091281,1930.534250709767,85.66208706506205,19872.04611506747,6.52426659822372,2.405135448846925,0.7089860947141781,172.00316191890178,2
51.38083607434579,3.1901219269886973,7.905282533577201,1927.9264627806213,34.35127967487384,5427.034722495039,0.2569842624231076,-0.15239542034052106,0.048924157634696985,26.126833515720453,0
44.939453561024806,2.1608863468362656,8.352905647008157,2064.1029538665803,67.48355281611961,9219.106519518642,0.9113896511148754,0.15156678361971987,0.4444768676909514,69.31188694536792,0
61.55148707317015,2.9057358138865133,9.211597262059806,2148.2158163703616,58.038448571692584,9594.171683526067,14.521441666955726,1.0352171697934356,2.771741804362779,108.05885281712521,1
67.38763906782535,6.565830519660892,12.31226551041886,2169.8163902859055,93.25662904939655,19011.5125411926,6.70133879302249,0.6074084820190896,1.7685467006833542,171.93069737572833,2
57.06552411999723,3.5087188848889252,9.314638233286594,2013.936276863246,62.10682528604178,8496.55340536834,11.735645393978228,1.5960108353025206,1.1010011605735741,99.21104786002792,1
47.54536490911894,2.9523023003838316,8.041970607016854,2043.0364933355377,43.9372967288281,3489.9092698972313,0.2580032430071763,-0.2027744628923932,0.3986965155244629,57.28009765077708,0
48.343176528732066,2.413938106330419,7.697112292550724,1913.7828159801757,68.56113623815935,6530.660028749134,-0.6710017453111383,0.2175583422874218,-0.13082406512856587,37.255763502819704,0
44.61416173193931,2.782374890275539,8.646160067552628,1950.6221701453876,56.29946327681475,1944.6248773228147,-0.8193750806251868,0.2548150312975407,-0.21502332294290513,7.231641531869748,0
60.77698657039126,4.49036199321981,14.72631760119376,1755.8736950323334,84.6677107034348,16606.658406005106,4.3299463682813055,0.7776623470392287,2.4311601912697007,161.31133736800453,2
56.18229177866463,2.790116907501566,8.930717889281683,2061.4108460328634,53.31699321199277,8934.84503222115,10.112547921978276,2.407099092673014,2.6242829809968566,84.59506560107829,1
48.933471633592404,2.203084296113827,8.341463831544596,2083.298316171526,31.787799343882043,7968.859076038882,0.905767524325533,0.04918935151951625,-0.09502297595206681,3.2399305495470614,0
52.83406766995264,2.7500492008253774,7.520870778988532,2051.3251415576574,55.44126148172612,3385.2816614384406,-0.20433346395476962,-0.09026653898147335,-0.08941925980185232,57.580800122873555,0
50.42253533095709,2.217921214686001,7.183435694896907,2044.683567949675,41.873346731872026,5315.012684863851,0.4063510964449013,-0.03637103947463826,-0.3906598144934695,39.09034085229484,0
45.6437132960012,2.831004961698175,7.699022838818988,1958.2193871002914,42.31526292241812,6258.334709604587,0.5496945819556466,-0.1536279420832031,-0.034776689355215884,11.304185126050669,0
60.62828416584807,4.161930474081704,10.081034934269637,2093.4120954080227,64.0044980274897,7963.939612376061,2.555034605536427,2.2120146725560375,1.4188034700038967,128.9258096475293,1
84.3030616574489,7.622660388555919,14.247460085721277,1991.7226335339685,84.36224077255869,8932.558376580704,11.388326419776497,1.8864194759225485,0.945030826099565,164.4700135419556,2
65.51932252609336,4.459853048597876,10.577131131466693,2128.868733089797,73.82571738691762,6617.385297325454,4.558934317245337,0.9529901346133633,0.8070227125473031,152.92586245113768,1
60.584556492560466,3.8374621883182907,14.396466193951046,1490.0177051560431,89.42155978401323,19890.15528999215,12.537103924161606,1.1698081487688754,3.936036803594251,181.0463104192059,2
55.79839533968319,1.9817686802352867,8.43855207340869,1951.8351121313087,67.589741154611,6245.350868679316,1.405519247201609,0.4791848786544898,0.3127885033215206,40.50022629414536,0
48.47811938642434,2.386898117821063,7.354310127108295,2051.2568308927916,64.39241647519262,5434.453221816085,-0.4307965796557911,-0.13436542594987363,0.21816472325673944,43.22831873478308,0
67.65760581997087,4.062118840224682,10.96988292656253,2005.3609134608582,73.38580983594744,10142.483559214086,3.0237909210547462,0.5867155880158923,3.7823339403377263,154.66285813497805,1
53.7202381394748,2.3475104511994918,8.136316755421202,1973.1766125032407,33.28915411110678,1.65496501144613,0.28174201864103454,-0.18333060632251647,-0.19672350847550032,87.47560184009642,0
47.87568529265485,2.5687581731878266,8.02023357948215,1942.3557533870203,43.61493085899391,4647.539272763405,-1.0388762761767592,0.08254770278382549,0.042981484425540985,68.93682270455047,0
48.100796477366075,3.162550276967153,8.49024051423221,2034.802802807957,67.55379413559717,9983.457942749996,2.1143250401497062,0.3411128615150724,0.023572660758055457,44.41732332247411,0
47.82688984100817,2.370604796945298,7.627352109689832,1911.1105562839807,48.57892771328635,4397.080394671074,1.1410891811476667,0.015028185751391646,-0.14404398191466453,29.208120644167543,0
90.42234039085375,4.084035929151384,12.147963071991645,1836.0384872481889,92.40725663029943,9208.408611505834,7.731660006650449,0.5559371144289461,3.1981437748515185,158.51357288524662,2
67.28887893412139,4.031291890738124,10.67978869273019,1853.4270520084071,70.547468169435,10205.606410954599,4.461363422912264,1.29267654511228,0.8230306384858184,142.97287973364354,1
47.2276056142396,2.5795024459096965,8.412249194675944,2013.7027878065057,43.508949319420786,2220.3309621881986,0.32107764790142856,0.13148069239572976,-0.06240527740760938,32.1337353602716,0
65.86337164624202,4.456900347934399,9.86782816154289,2134.1194485969568,68.42353322855182,14910.794424942842,7.069465151155344,2.4776207863869826,1.3613823299765988,131.69454874779092,1
49.72697782133887,2.0482918383493764,8.84473144899937,1935.8112771871504,37.70888201441528,705.4700436853134,0.4218232861742496,-0.4526189081178146,0.613577587521663,74.98874561492141,0
52.40657534804933,2.2687137971581404,7.556051824154132,2048.2451379377117,49.73893766437621,3271.9774085555887,-2.171124377556448,0.019768701677901256,0.256221075213586,55.588310692072646,0
63.20078195212011,4.691081117648078,10.264392390348139,2127.0140971785954,69.67416280453044,5103.927025442085,13.300593251501029,0.8003437979331671,3.0242630223733973,130.92715295986477,1
53.12513059562789,2.9414353907703994,8.027252210886978,1937.2291217808356,41.08921892778163,5604.368428480124,-0.336185803621952,0.03821608732645012,0.7131672877532302,56.37097223883881,0
50.083970887421216,2.6873586730205967,6.903918037999682,2036.5996215804782,37.70188391073538,306.9848678577458,1.985779549373067,0.26826117496845725,0.08899779795481573,29.11054923242224,0
68.87135798808649,6.245242226761584,12.731627899146142,1873.8839257827894,92.41509595390629,18303.645388842706,4.933247558888193,1.4033801123434284,2.0673317370268762,199.02330244953828,2
48.53689313837847,2.9308668133118454,8.035890820431863,2057.077019101909,50.39233610455296,2158.726472806152,0.5507046848480746,0.02244968119783921,0.04504577130348776,45.011197567506706,0
70.88758729004554,8.4948600474239,12.753994184070448,1759.312388743478,94.97277320707563,18856.819878150873,2.7335051804264903,2.5329478218415793,1.0970953429961101,199.40165680230413,2
51.81977258462859,2.2233326435998344,8.258903293488572,2096.391538648357,57.926521472146206,6395.647806046738,-0.7190047772250318,0.152546609226399,-0.3432644865409171,45.33034194850772,0
53.16378219286346,2.8334055600979933,7.492237232687281,2055.607284271827,56.48855895163695,3674.6631958893818,-0.1616634345188339,0.09175310423398562,0.4348076915050423,61.93787407003208,0
96.74685964119799,4.124906770807057,12.192831851479914,2129.8685819337184,95.1119077773704,8692.11288341183,3.5407511641787988,1.6498990487328644,3.0321982966998884,174.70678715542599,2
48.639083843182554,2.5158043781881956,7.200646971615782,1988.148811542137,50.654753621434196,5258.33205311437,0.254194137475491,0.3230365766265591,0.1810324720960163,96.51785495479345,0
90.5313358459094,8.696108482323698,14.81284315171451,2162.5404305122274,91.54482706239675,14836.119038896413,10.301625153047882,1.3382803531490524,3.1982796311963746,190.6228712865451,2
53.41787155297743,2.4980766347884478,8.018633804794675,1956.5635383604135,36.37565755845265,8948.157500609354,0.3699945072275205,0.1173024437933647,-0.17336455110085683,31.559572433882664,0
54.145488089128506,2.6305961141059013,7.7710183858210184,1983.1806771798877,49.304406823745445,1578.4141087292057,0.6811801333529522,0.3489834925549427,-0.026602135098855156,50.97946546396045,0
67.99178479832189,7.240987647550769,10.581117188990428,2287.671705068015,85.34550502311725,11964.689007037161,5.148038791274135,0.9893161282608536,2.5610280201659035,155.0002491504082,2
47.314939565711306,2.82828630409691,8.975527927554346,1978.8117995935472,68.52935140264708,3488.70401640493,-0.4564319536135384,-0.36324575464486597,0.4056783181368377,53.162630220082356,0
47.804604767127636,2.3723341352660743,7.7942057815150365,1960.3103121193744,50.55350507131649,879.5708650298684,1.349727779994714,-0.23561052731208024,-0.05647623793244875,65.26894472036281,0
48.14925947493632,2.558664617017671,8.645996617234287,1944.6839251722913,59.426443459609615,3559.5211017382767,2.304084589934852,0.3411875924382971,0.5147309969001193,58.622359249645314,0
68.46050315865891,4.466735329572319,16.554580183106488,1714.885761227767,91.36743858234775,13918.318510356174,2.929743565155804,1.8052535204179605,0.5677487580141736,199.55765934804572,2
59.54715243639493,3.6757503467430195,9.417274296559274,2013.222208230211,67.13735534996599,6990.2529943302725,10.017793251672295,1.1990187526693803,2.799437685731645,123.91727172304299,1
55.40903733130075,2.260623523388854,8.61842965329871,1983.7819733297206,59.18393832941064,5406.389945130812,-0.7582157380585803,0.011188043599416088,-0.584223333496564,67.75865089596824,0
53.95867640468064,2.9021317407895273,8.59908333406154,2057.9885981188845,34.37125674854017,1917.1233045729364,-1.2296400897708561,0.34960825034220955,-0.14550545190788333,56.79770619503762,0
50.11245029132454,3.3789033058780866,7.696732249668521,1922.7070515107011,31.399251122266122,370.38107994374127,0.16360590961778826,-0.17260116952210336,-0.12258597171525658,62.39668077756187,0
52.27556762229419,2.6335984486526733,7.841832903380084,1949.9098416403467,36.34947362360819,1063.574306093652,0.2647178681134684,0.016778523869218256,0.27454690125142417,46.98199860555014,0
51.07050094275758,2.2980280305601175,7.265908754456511,1948.2218324228288,56.85122311990632,3334.840417694881,-1.7360125760768201,0.12561965270948858,-0.20536827299301613,70.7075992304032,0
46.40388730496615,2.640610890174823,7.6495459083086095,1958.0018564813902,53.061204183822475,5483.16333093023,0.9370139368194832,-0.21837611434701276,0.5290557998453098,18.771354807032353,0
50.32284489465728,2.2948806411859874,7.495445589317239,2021.5592710017725,43.32044477368291,3298.03743376021,-0.48425022043826044,0.10143711767523445,0.44061935949627035,55.01601631292106,0
66.77731853509897,3.8342667614999195,10.835349390578605,2142.5345854684483,63.67154368597527,5432.648806515495,11.039748870120533,2.8619870030848267,3.2080337482205676,139.990948485626,1
65.3246354901547,3.462915218034029,10.600658382492968,2143.64210017885,70.27677162248943,8671.790332645565,2.5155480064251856,2.7711108818935237,1.0617469159892845,129.04840527648116,1
69.90554847050508,4.154018152079548,11.437493055057683,2019.0846179657551,67.41597854564557,11552.429986709278,10.802795047524349,1.728564575202391,2.904818023519488,158.5883995795416,1
64.25621434638128,4.650179138163045,17.516394112316505,1709.0648723559088,93.6563443781392,11872.204335804618,10.67021300546872,0.7182121833136621,3.9350238569975833,188.02346712357027,2
48.66540846061254,2.37319491761635,7.689916499476375,2037.968271647177,33.789063520545085,2266.430278116022,-0.33223539521575357,0.11747175283146774,-0.25637748602761473,81.79398394906775,0
46.949707835214205,2.516718861528789,7.800129999106808,1935.063480861878,51.766821064601075,1817.9679823968409,0.9007925662176754,-0.14114640758386077,-0.02620207827293263,37.15741753795848,0
51.643187948735566,2.264856632663594,6.856282072509738,1872.0761441798493,53.928723673256414,7885.186681510317,-0.3276705720808287,-0.06843279605278926,-0.25506898264149375,53.22636147881913,0
51.32473195032458,2.572651027456194,7.758985007142413,2006.1945986228027,47.03340301945302,5034.017665501511,-0.057099560238198864,0.18061971027174495,-0.1315749372501547,35.119344053997494,0
54.70828668476713,3.2395894242359824,9.148551996516627,1942.2085397618048,60.174666455865925,11629.121827740893,9.47144447821767,2.9656744395656736,1.1931188256527039,90.09042292004878,1
48.70090023996062,2.7229946403542895,8.286390494007083,1901.4491747931822,45.250991971449,2876.4043183986964,-0.4649504767082987,0.08622367350113849,-0.16178600528071288,58.379122086003704,0
47.193467773624974,2.7794210215544664,8.556273081411101,1938.135697729558,37.50803934529053,9517.843826351513,0.5943555198262758,-0.14797929326391787,-0.14957347449034022,74.01810747549146,0
48.85886895501311,3.0149330873139593,8.147996131497626,2005.5213588983822,34.27372830934289,7544.912471835024,0.4030330766094448,-0.09568950671112104,0.42831397751856537,32.57252755641873,0
65.19720432594795,4.037663943968373,15.50036107936798,1642.312172739923,92.16887993761804,19173.656010064144,8.583948090787974,2.4717474738836804,0.6011849532468478,182.90626377149573,2
64.95952613348251,4.4184041869222215,11.405601154668725,2097.565057663347,69.81076945580803,9036.942100227097,4.031773652763935,1.7416355805497319,2.3914770456069565,165.21536475237298,1
63.02250572420158,8.219707527804353,11.75611066899315,2039.9090405539964,86.36567632546458,16394.4944588251,9.003744531704665,0.7591098166406475,2.4773630941854305,173.56318191954324,2
46.91527182755368,2.7898231358279575,7.286794021252912,1997.8153668914551,64.20511346750405,30.011049332989703,0.07484649049139419,0.24388073693351606,0.07667582020949466,33.73003641936053,0
60.51448876627631,3.5006312581932018,9.346785094995125,1956.0374235273011,62.774075658834015,12023.418292926359,14.521928722268909,0.8599996109701592,2.8796479928362704,113.53265536433128,1
51.7921231270159,2.1252218123064104,7.707720499897641,2022.928849394286,39.01610625307836,7613.896949214114,-1.8652930667376093,0.049210480512566226,0.2569818650316336,48.83483516724326,0
57.73669047930376,3.8931385904413514,10.273352597817347,1990.3099296760731,64.4665329306248,8919.670405156005,12.228140674540908,1.9123094625949424,2.7234941749272132,120.56279688129754,1
44.965861336094314,2.7169366098611816,7.234235900638343,1998.1527893593952,54.57902615111104,1474.6883754421547,-0.18850333556618595,-0.045626745482727285,-0.01860392775848716,50.64203101030789,0
47.834757987760675,2.7202531321549452,7.687321655044224,1954.904676690982,57.984531001043244,2548.2658660557654,-1.1193391026210182,0.0010840170037161529,0.6637587533770773,36.233158232805074,0
51.815676020380266,2.285525152659563,8.561150368658557,1940.770419684003,42.26709621050938,8623.431328997214,0.9556206429066346,-0.08376938759329869,-0.2085936787301573,62.187472207546236,0
48.43609182380888,2.898695623172568,8.00292262716664,2097.438064996163,37.79869231356478,8823.927363768711,-0.21623256802038196,-0.13943161727354844,0.06728634479842716,48.23105099032601,0
49.6725302747025,2.79326577114239,7.883227042941015,1982.2786192028348,61.989153398344534,1547.3200897530226,-1.1192408380970889,-0.2810628082918515,0.4057126360694268,58.28427887473609,0
48.10636262638563,2.2996599583315014,8.336180404207353,1886.6205633423413,30.537798178461987,7802.975853825031,0.029129083208914493,-0.11003110850878989,-0.15895203279091522,71.34696625909318,0
64.18291025305412,4.950472984543054,16.25962084717561,1557.6988235256563,96.59081515412515,14898.66947352796,7.2598377060409245,1.73029189047833,2.4237351185028895,194.90958553120086,2
45.5756119196547,2.240331152081076,8.006170975319128,1877.531637712677,36.93430156217464,3935.1506264888803,-1.4991797179007504,-0.16043688784361207,-0.3207626775208294,59.38960435984606,0
71.10600161350527,4.261966748530632,10.696008796898905,2038.6395487733957,70.61432031219353,8416.740138910473,7.165648082212527,1.432397354894547,1.9390055849767638,162.2776882408371,1
58.667073568050036,3.252007447799727,9.043747447173228,2029.2610512846302,56.758456406597375,10099.20894684894,5.051759880254531,2.6939957353536172,1.106523702608233,102.10221195791618,1
50.890442680745196,2.490395927471095,7.290797838961195,2065.0424769898805,30.674720458714333,4849.484397422268,0.5825559601380931,-0.23146565381323114,-0.4722861091950795,61.1317599940545,0
51.50128153726668,2.9479724678416312,7.756851694747726,2034.6325658475168,56.114482591216486,1186.8050052868496,0.9706041766183706,-0.2581721213095593,-0.15754341660546534,69.09566193390003,0
66.86316619700737,3.914297632034912,11.526200978853225,2071.663479553674,68.15585770395388,9527.19960490768,13.023710324105133,1.2367610375965645,0.6282022782730363,140.99772142459545,1
69.18343707826112,7.058412651937063,12.04795639207485,2301.9192919511493,93.86382255546329,16614.901447109252,4.233974690390444,1.6437013303719157,1.0181675691620968,192.12607788730324,2
47.08391916450434,2.570866965074444,7.36127028091189,2017.7673357992462,41.00973239870784,7025.459461861247,-0.5890175420471042,-0.28930410190667344,0.17809222738712258,20.24638554391678,0
72.82130521922971,4.851975695999324,10.367008728921125,2232.809728719155,76.30198102512117,14605.402715817805,4.213214434938217,1.2036711765451003,1.4571026596695367,161.02173587580154,1
56.4774317782353,1.655445150396241,8.926123300160343,2041.4749289341676,32.5166980985897,6224.83545792394,-0.09259408706076165,0.17026050507093687,0.2885953878063586,33.371842119159155,0
51.41316881255317,2.638961342511715,7.073809557303383,1980.0600496985685,53.906686108361434,8105.301489568104,-1.1636710400316772,0.3333847513299589,-0.7273108761886063,52.55103051156567,0
48.09759867622942,2.541363783099743,7.738923427512756,1968.9510206666666,46.30057097113372,3710.5752957731042,-0.9555299512476344,0.17633299184318257,0.12933849673574327,65.67901922910518,0
81.76761334952573,6.670934829566595,14.578743999678258,1824.0050129598353,89.53659087486893,18503.2184463874,3.363167186931636,1.6390415771053977,1.3023920554304027,155.91407276547682,2
67.65371808329586,4.129806840757668,10.344169961799814,1931.838916454672,76.17837096349784,6414.032435788998,4.05062800545535,2.066472629180585,2.5010975326737386,167.32140422533016,1
48.70477202808949,2.7669130544810208,7.444639427640851,1907.114452428414,42.90807482955743,5574.550522726265,-1.4457999022463426,-0.1338456779395094,-0.08549803252526286,62.029546551332764,0
57.176204391753174,3.409258473515104,10.048421728489,2103.0182378453387,57.47248132450513,5601.940403012918,13.990893911684214,2.722067118094627,2.271305174724856,111.25040933212065,1
49.03331548165575,2.5835336012257017,7.833180560014049,2106.757694399763,59.733241172624915,301.0279131199045,1.2893437409279578,0.4215013876476641,0.1419699224677096,68.24294054032919,0
68.8804868270249,8.237346479327094,11.439661785802958,1891.8295892992242,94.7927777146795,9340.966205149845,4.461641068391113,2.1962248586050297,0.7604508428757906,194.92729947391513,2
55.47513617653541,2.9333570360364964,9.178312358720557,2077.2128491442427,57.80331579156256,10627.050972700363,5.841439480298188,2.6383044548797834,3.108441587617351,89.39001401759722,1
69.79290937848026,5.203348377613899,10.95002319629452,2059.83712353547,77.66578684825039,11522.510548976943,5.9769974644596715,1.122444510873389,0.6982350653173515,163.85683384044216,1
50.67077507819365,2.6106941137739703,7.943652827795745,2032.6221946909704,54.04948984244841,4836.712589989906,0.1526854048040042,0.1347771892518293,0.04845936622995592,37.95461559860938,0
49.11895541705786,2.3969029910513946,8.58833266946684,1912.5020626169207,43.34214696694952,4522.671073360326,0.1309367183189723,-0.09899394944847106,-0.21646309386176957,55.656639351317494,0
70.57345411188085,3.8003558590057307,10.016565711047031,2059.2133370505608,70.00576664722458,10118.106368805367,4.246710095460456,2.201827134366999,2.9327296212171925,138.27136018957867,1
49.37689928780062,2.9247502624602792,8.257747034632501,1947.7719048749561,53.8690785813739,1704.0632582345495,-0.34150279093556807,0.22789724225026198,0.10181438495157262,56.3905100310573,0
63.07471650683848,4.462946047736896,15.38035895841084,1715.7450252517565,97.7247634910127,15077.728949210463,7.047979834032696,2.9596824613620267,0.7318084596293573,198.09220781781417,2
46.26964759422657,2.2046476933822907,7.786848740910373,1955.8325697671028,44.80599722189081,7482.828167590336,0.3936251091857943,0.11687216632411779,0.37123156576940425,63.63323684515357,0
59.64822223760894,3.431601572014801,10.051759822400903,2054.923343758601,65.37404167650341,14125.265024722661,2.184981822648318,2.486176616840014,3.4876093028602786,122.81747243573554,1
66.08505857564391,4.553178159663643,11.184119678745024,1948.4341483055016,76.87793729347325,5723.67945755077,9.857076658741843,2.4245086824550617,0.903907243682492,164.0654899425557,1
45.85895503706762,2.254832450808355,7.71797397912691,1971.7618280599677,35.22676129699343,6108.540130819524,1.1281367471219346,0.20916069027359827,0.18579519287987686,50.88483550787702,0
63.612933301592804,5.098775579351075,17.182650585013757,1680.8124683419476,99.44776362595373,10948.037308733372,14.011458917104344,1.3926394116201357,2.6768861180513266,198.0934014199826,2
51.550864056576145,2.8849493718343857,6.9965536774741235,1966.4233288870466,46.76050466074065,3282.8831276500237,-0.10712507201372014,0.11800828511758098,0.6740353170029927,77.00930260575103,0
54.06152408778794,3.219914165834011,9.41847879829996,2014.1493604508612,61.012775605560606,12948.835047855191,2.322832084717695,1.421885426952265,1.365237226465517,80.22107068026857,1
64.18595643057502,3.612952719293189,16.041167229515832,1613.4320140875475,94.18044026382495,18329.56768661431,8.947731372031285,2.4718505482819415,3.8036458348185764,166.89030124149355,2
47.99283819585191,2.7557503827865117,8.281648897932325,1958.919916367976,36.99110015452996,1580.5430190304437,1.2274610922795373,0.040648374775688396,0.21803474356805153,40.13456557739834,0
62.96442748388874,3.9032045425903363,9.508199834183602,1995.5126739245084,62.92393582454276,8896.593291569816,6.613754552516627,2.3222291953243177,2.5933371916686365,132.1194860863402,1
84.17184256407737,6.261399523813312,14.452339950555965,1826.5950905257196,89.079545666416,16802.020194753644,10.755435450931339,1.3683279795783325,3.1568011757441847,161.54334123751272,2
64.91467462642353,4.4861539606704905,10.5315429185415,2117.305548343935,73.36485004010024,13578.093898080157,3.616302679919569,2.915676398979044,3.9871958988417955,146.971739273178,1
67.12136396097597,4.364420697345026,10.758494540816221,2173.430712038421,70.40144130941422,13975.1820574461,8.59713608430208,1.6794734528019892,2.62866082949937,150.47990457739536,1
46.102042807326356,2.4344642373485677,7.226838156341272,1963.604283636387,46.018589060606814,5931.582953129842,-1.3924246964201488,0.11599349838859906,0.05810902527395603,43.414670511445664,0
46.81901020746808,2.4502773318642523,8.623916029010289,1983.266257900952,53.257425178582174,909.7551273591442,-1.782953653448836,0.07430084484589188,-0.07567905557606999,62.71919873401453,0
57.62986409163405,2.8665702767573484,8.681157517816212,2108.0304118709373,62.98501875402925,14860.52389173427,6.360598467303861,1.977767049008655,3.205446640998331,93.24984551463078,1
51.59868430329853,2.5824387422822426,8.189533650323435,1982.009810942967,34.62413890683748,5683.016965422695,-0.36706835075032285,-0.4169440130216539,-0.31709757823091356,32.399597555256705,0
55.20181508442721,3.143026896239912,9.657592158967024,1945.0287379248532,55.47032402828018,12888.987370037086,9.101042831394047,2.571093490268348,1.2455559418934483,100.08018932849978,1
61.555796170353474,3.5687635798234374,9.41356896644617,2111.0312569283064,67.73096933535395,12639.697967667249,5.987845798604061,1.0977723560135217,2.0403134449984024,117.85254572886389,1
48.561764538043036,2.0966397094922056,7.963807177742055,1982.588204497624,38.86650512869207,2643.3418697598445,0.1657795983712416,-0.15563440546873808,0.49331930686765224,46.326980564049414,0
68.62325432705329,3.6722499192840186,15.624277464799835,1655.0728514618154,89.25296833449556,8037.176438938199,5.447318774759479,1.749210638291203,3.68948468098966,160.3790303815455,2
51.48980722902782,2.208894972582305,8.717994562084536,1927.2017478782689,69.89816668537068,9868.716613488541,0.059465927375476235,-0.44322412939037764,-0.6463151119022171,33.212960834147346,0
53.43088620930691,2.383990573511386,8.541194529161602,1998.4999239389872,40.65519382522314,2236.0022738706543,0.2465995819092637,-0.32389847046343856,-0.23011069069813042,40.927798549378814,0
100.64174227561918,5.003712511000918,13.513630706149351,1913.060460955858,93.80815128864137,15715.784838896721,13.58135850465601,2.427534031995684,3.5960068595463284,195.51949523486346,2
49.053748319567156,2.113258676718339,8.120511694087725,2012.3877079504653,37.4056132789579,1422.4243309572137,0.1541861303896453,0.24910029009611906,0.35238788609174726,59.63157582195232,0
47.17561195575064,2.156225885656701,8.400788676682314,1957.0612475296384,68.93416451171959,1995.913427246343,0.04125040338349127,-0.20797757987327767,-0.08695480412755545,41.35824571574851,0
63.59002662771773,8.785523219591344,11.138048224912474,1978.4125664124717,84.6978494742117,11312.576957255591,4.85961005341251,2.6849640503720886,3.9522536313624084,161.782575771604,2
68.805182475491,4.235509460583209,10.616819396578967,2110.8839730757904,65.68341268968373,6638.583172687197,9.59021644067162,1.3336713494620196,3.6858658133573927,145.68640124742697,1
65.14638078160294,3.949819768532678,11.289876743995944,2014.074137989044,67.00325364495414,14765.750318871624,10.712641360233224,2.1497958328564737,3.7176940066529394,140.8843352081024,1
61.855686790636454,4.495142974978187,13.902663415908368,1486.8595731677829,88.38632399410582,18670.529540130396,5.238569094407398,2.505487677398308,2.2991399126567074,163.9019310167951,2
45.80931977318758,2.537555853703604,7.5171565176925474,2032.621859698601,67.69178921034596,243.9837334124917,-0.2700979213098503,-0.060399154853756035,0.10251912668647667,68.57792293195526,0
66.32448420827515,3.573700886256059,9.496104504274102,1958.8550877985085,64.55328645057334,11268.921469014487,8.678791112236118,0.546822622564478,1.9406335243488007,127.05388946186167,1
62.03633187955821,4.052253585474015,9.812526353829494,2006.653036721392,63.707725229117464,11766.556523211553,6.214209938876337,2.710272937659666,1.548487682863713,125.43422524374357,1
43.24607212279058,2.184972215086042,8.067005752149836,1987.6195832361268,57.786101031068,3757.4054943475776,-0.9933898893831619,0.2874364414737067,0.04407534883410428,44.73239302658365,0
68.16333450822354,8.758020083802661,11.350075866736532,1873.7891979335354,94.51625350957057,10155.887547231709,7.192316996699591,1.2309670557856298,1.0904865986493202,184.17307376783373,2
48.01906878301644,1.8365297268656309,8.302903324700768,1965.608240332886,42.58848333802983,3427.181790268988,-0.4182135122050997,-0.31603111737828793,0.5827139031446003,2.3051076566202866,0
97.42988759547791,4.873007401706187,13.15651990339588,2104.366889379086,97.20395212264042,13612.15381363301,13.074670599794985,2.682601474544226,1.7488638394470772,195.71113136205665,2
48.21930207121265,2.5032056809094922,8.811884763474282,1990.7080620438908,41.90054003701486,2016.3142355436137,0.08096643190325527,-0.21532427916323488,0.5789778838689542,3.1685724354568663,0
51.66855946319825,2.231559181779036,8.322826302780786,1966.6062074351719,38.14690078046965,6126.831030547487,0.08749808746481137,0.44595970190836254,-0.2715102801078454,41.69114047736884,0
68.07092155688231,3.846603785261895,10.505270644343257,2094.796013480405,64.90525497180786,8203.992550174786,6.943595202594363,1.0094156488299997,1.7643268279999647,137.44315701281124,1
46.9825061771295,2.6536584774780256,8.197501835437256,1971.428949467429,65.41922274128572,2788.402804618284,-0.35491865823686,-0.11907917457209483,-0.39876111061442926,76.1078922742395,0
65.84906398659292,4.066368254563835,14.977062821544221,1671.6188194029062,84.13607667773618,11660.110849960703,7.593197955003702,1.1880563979482153,2.780109503244713,160.89404583963892,2
52.973213949792274,2.722205201177079,8.171187544813753,1957.354646642955,68.45743903600456,1928.2381726334675,0.20540077260191011,0.1585530287288752,-0.175870672319919,52.379728427900126,0
63.877192060249925,3.900157462496605,9.089508459372622,2061.5465258414783,61.02463986159319,6605.031279324143,13.270150501295383,0.8089452390759717,1.8464292556629895,123.04457473832525,1
49.795947536282654,2.8343067334571383,7.704737715080288,1980.0030636447866,48.54487889602239,7182.874881619098,-0.12878952385358067,-0.02304895641034818,-0.4036515439213531,61.4359624683023,0
50.4057543511486,2.399156691575171,9.047525303533153,2029.3576883416383,41.01625520238984,2786.029753615311,0.6377324449490915,0.17586507660401043,0.557565723487601,73.12718241119254,0
51.214404091819354,2.660253656486065,8.384645880358006,2008.3152414126087,36.74551630797599,6866.5738603416685,0.16400349363955755,-0.09526825313610285,-0.3689486715462263,39.81710901126199,0
64.78483178750865,3.6175833713832897,16.881695482839337,1661.7249244760767,95.79529217884614,8776.617236405193,4.440836695764702,2.813154498331021,0.9341800696559666,188.58106333670878,2
68.25000898970953,3.867940580899322,10.677399147096427,2004.3602953945754,68.4327970719626,11457.420173586956,13.557062998924248,0.8137272953083039,2.0760767836527974,150.44232947232842,1
49.31669771136188,1.892932520015261,7.053515783541511,2033.246246145407,55.596153481235355,3060.719952232338,-1.3219174866196515,-0.4273524375816359,-0.30862747795095025,24.237592799422202,0
49.23346608490856,1.9383533689378236,8.227283588650302,1975.6793817526502,51.505480885143015,7938.8066817948265,0.17643651458057294,-0.04094466736409358,-0.03577373013078556,57.40730472062171,0
53.9006123152525,2.9213932769544186,8.793727414176571,1993.713059130759,44.37270704734278,2615.3664195577544,-0.32781892448913313,-0.11303149067106633,0.03399663900588338,65.02562907181165,0
61.563455153234855,4.04881676697277,10.038034524296965,2202.6916663903426,62.34899562560738,6946.964424786476,10.536551238222428,0.6565929792438605,3.8470065486698397,118.48708541477556,1
71.81623141571264,4.570541235514127,11.102699433991074,1959.3893802648483,73.9581335796844,8928.544248202388,5.292025557835038,2.761936853749457,0.7977060856177999,166.34264959411516,1
51.66371352545425,2.4288612686375384,6.999455448028916,2050.6561588933255,46.107128608697344,8377.775924655632,-0.04159369012682956,-0.12261739160695656,0.5533750614558183,74.08174307606706,0
56.09170492136933,3.04072592099629,9.033899107762872,1991.45166664329,60.55155460602472,8664.115937162425,11.98286168009768,1.8410469983576678,1.2421370849087534,97.07514079428162,1
53.076201912524866,2.578433979574531,7.867266841923362,2060.2493088441693,55.90703276390196,2978.047796657074,0.71804048348532,0.04627107970238331,-0.44339291477095505,68.76094335894987,0
68.43215987827641,4.015558783070354,10.406597757145512,2006.6543306275967,71.21167383798397,8939.680459811434,4.735628959611947,1.5090628212778032,2.7180613709884724,161.2479203749627,1
45.65344057233092,2.7482925875277258,8.505440762616567,1890.71067041806,54.4741001054579,7704.579495200881,0.09377416661612285,0.2924893835141529,0.0318814381632901,34.394092494089186,0
46.6259084340296,2.2418222434321695,8.80181820291776,1994.7619205611588,47.561600443354514,9515.68420035247,-0.6893556522306769,-0.137692632077597,0.25878111076123256,54.54741785099422,0
66.2591476736354,4.324822904935981,10.685377950983012,2090.937281492575,63.20531520754682,13856.229103941607,4.7984369105989435,2.780263691958055,1.4316415334834807,140.6310406599857,1
48.096297865504674,2.9341609529090795,8.144168594546896,1979.9019771339765,45.37080587241069,8105.829283108731,0.7077664566219503,0.2659463580998743,0.18219673106293924,71.23529641804848,0
56.243758389546784,2.6984677177685987,7.606548342355074,2029.7057917613988,34.08454083960985,1020.5589123319237,-0.7996699438105075,-0.09532923049128444,-0.7259659636332076,77.39788816685585,0
68.50432735002003,8.534559296322193,11.821173235157493,2229.5438517074467,88.94863540460689,9774.259112714088,2.6067847865063363,0.9882868514389114,3.6276493495465196,187.28311179289602,2
63.22097204600025,4.568595506583852,9.2025481133044,2241.0718567136514,74.26046571382787,8839.299883884765,13.103629093599109,2.65586015079214,1.3143457362522843,146.49712413946202,1
49.81995128307908,2.615561629852054,7.999868399366578,1993.3302405581367,54.77201454989802,7760.882474480341,-0.9588038543707613,0.14813478286714493,0.15723210095500173,39.09452548837562,0
48.90184788170516,2.591374438635936,7.954022266831254,1934.3427218815643,45.82359763491198,4861.723061286711,0.1751007550317895,0.09790901242931173,-0.2536801580777932,39.15810332569051,0
56.61803738501305,2.1840482216536734,8.439745755642855,1961.5342949572698,33.93840981917526,5604.533636006545,-1.2393041812736587,0.10444050893428186,0.12158716354032018,72.89298888438128,0
63.00284592132565,3.9166476630163216,9.31536979127864,2003.8498570431516,60.66999985197677,6653.608371803595,14.904878377087577,1.5169172399791004,3.6454052954709235,124.79691551870947,1
51.55903910154793,2.4747316712759253,8.093841567517318,1959.1753122142902,66.76687602785208,9496.833729542506,0.12194697347162145,0.023709178318347207,-0.35413050596557166,62.850996893611814,0
66.2756370730449,4.52284812086739,12.030919061613686,2139.511302341105,70.69372345450114,12191.893476094225,9.636627165497096,2.0308747728701304,1.5709577540894195,168.0546018012851,1
53.763968134780065,3.038844213495027,7.3676569824548555,1949.8144615137712,43.889778466491364,4898.833384988202,0.019045160209423234,0.23714870280599692,-0.4315911048707248,52.54213929950174,0
60.18417636259344,4.088073935010529,9.513074078491913,2101.3190502229336,61.23205632990215,14293.680900023313,10.549263097269044,0.7857688847108908,1.0025484454617697,117.94256052115726,1
54.41816822412716,2.664259068247968,8.321819475953601,1980.4200740693868,34.36720715536594,2075.991680431796,0.33723891250097726,0.12836069036850115,-0.009075411093471512,34.14710011638718,0
49.6122643542792,2.712377305046995,7.5091289833666,1993.2564896254783,55.5669025375065,2108.969758890966,-0.6710871984030522,-0.08614011466126222,0.2690191688027614,61.122103764087996,0
50.39955731748502,2.3864795416113727,8.875960405136652,2047.5157828909323,50.22668653096724,8175.0768540558165,0.8223609391148812,0.018330015520228348,0.44087741023011784,48.54875869487453,0
53.453067134603224,2.435907925952129,8.078113949904512,1952.7906657056658,59.05345871115142,7504.206154170536,-1.232627697101827,0.43429800925298556,0.11926839101153532,45.35429656463087,0
47.92207932469735,2.139587876945563,7.394825674501447,2057.470903813601,31.654552032772287,1738.6751605401607,-0.7425320938031175,-0.11040349686436231,0.1903494452183714,36.021091835302,0
51.3000820727285,2.4735805636476456,8.38249859696396,1995.2329978886683,41.96252392866721,4006.262599041731,0.9888247717224872,-0.445139694773994,-0.4525897432548459,60.092165858460866,0
61.15957388371009,3.975616623765092,9.90344047536222,2090.9255494737167,69.35186327006315,11488.393240024468,13.573176061829372,2.4645825626285336,0.5979920998721939,124.68733592091134,1
46.734352535085804,2.5226990069537014,8.301325379617627,1997.4173800745054,41.79029150217937,4889.127138157409,1.5340916219339673,-0.27352766485797,-0.18544568048454887,34.23311747519357,0
78.56506924715245,9.582586520808203,13.464783432334427,2156.893299876912,94.17979223693912,15871.008121892271,7.730677095800827,0.8709359598455886,2.3166334539094073,191.51013007371523,2
99.15460843601561,5.326129381372978,12.470547939219346,2073.5047364493867,89.57348103880645,10068.721330563878,5.448750699618817,1.7547269318878465,3.43199536685992,179.114608050109,2
48.52944114331031,2.279125385258128,7.807774121101891,2037.4020402634937,39.87951263727468,9053.973140649156,0.01762968173913671,0.17140574736384578,0.3922166461512681,40.50448584305069,0
63.209867029139446,3.295537242194516,9.49967173786705,1984.5778653461505,67.6729404212862,6542.658352966131,2.0717792192258804,1.3419380425146228,2.2184088424826047,122.9847139365803,1
69.01689938753937,4.617636128507563,10.062621971761905,2140.9595138143677,68.88368786652286,11164.365009995645,2.852418584601647,1.2383133751696391,1.9224663066517858,150.300373184386,1
55.44787308869658,2.466238880741622,8.458047201008572,1996.9881381154205,45.2127336860967,5253.717061761564,-0.38488237280071,0.16955224226873575,0.08661970401410837,17.26317814546485,0
44.31198233367634,2.591563540923813,8.633149131836728,1974.5977373093813,56.47856074456473,4461.060931238429,1.4719789997621622,0.08551518938406011,-0.22425681068655498,61.67725486937529,0
46.74277303709921,2.3417940269619355,8.101310797927974,2068.0056005253405,43.66632107948723,6083.444456294647,-0.7888432486005119,0.2599280748618941,-0.2193278497785204,48.86171673179648,0
47.29624189949384,1.9159720493620411,8.93850112169772,1945.1402484180985,52.89861395817923,4221.06047776568,0.03106234176609664,-0.024808505101475267,0.09281939944480741,58.713769310590024,0
65.64987752815314,6.999866339534057,12.548977011082755,1899.4738914710683,87.94000423480958,18708.252451281616,11.326154289265151,2.0849270136155047,0.7486323961774575,161.25839021093208,2
51.14364309791017,2.482751718110773,8.574272858259608,1926.8365058091504,69.55624132798376,2640.2505889959684,0.17325303435637632,-0.24928495031894876,0.2399583330007658,51.96759518575806,0
44.97869939879428,2.2521557790837847,7.908967019342203,2001.3182289931985,58.44255233604509,4849.897424930242,-0.47226452219075915,0.3631788323785331,0.2885142057913455,48.745082483652915,0
50.916034527531274,2.0648875442177426,7.385051076456039,2067.805758283688,50.780446692596314,2278.564021175322,-0.3852643187553805,-0.10718427927644303,-0.08219586126371403,39.20818913815,0
59.01302246762564,3.116471466394726,9.529357993475955,1965.545021457071,63.54028230539112,8688.486197227478,4.256949447229241,1.6329937052611914,3.168712313668854,108.92370379464032,1
49.378781413772224,2.353459278668629,7.306366506432044,1979.2182085355498,31.07642524808213,2195.596419137943,-0.7939745879205382,-0.024402289909929247,0.12680004450205823,85.02834268115492,0
56.41287404963084,2.5770167436495006,8.768158938026824,2011.4607803951599,49.00896910638389,3109.087027280505,-0.6321482573617196,-0.299392521408482,0.000499904982449363,35.09179524648437,0
60.56014960218728,3.964660987661978,17.478117283927226,1671.998672685858,96.12947447002979,16950.999137064922,5.671923825156802,2.0012686513092586,0.9949126382002434,182.33840984855928,2
52.95877441457718,2.616818178028011,7.279633297516819,2016.7719336529385,54.472724911105914,2145.438252553399,0.11992572154323217,-0.20183738433441425,0.12405145767505049,66.18062380307381,0
58.437975628830614,3.661793829384203,9.391232165430319,2115.7427877398154,58.47260961262583,7602.588310267929,9.379682496740488,0.6975256755171145,3.7551966810597803,103.97016569510436,1
46.50761939465193,2.2847528899367107,8.635321256494459,2018.5794275034393,31.64043093803922,9286.556447333203,0.6235897041922357,-0.051060206805245346,0.08845134375110034,40.502441923443726,0
48.04234128814218,2.4340363105725027,7.829615675287971,2003.7683620020132,50.0512839658403,6042.085757936549,-0.85471065260706,-0.23089944537862384,0.37579350219391405,32.814909920438424,0
97.22911885516864,5.598793468654,11.741146420233523,2136.418891317802,99.64930152632134,11785.096451800451,9.865577232770974,1.0499281215385339,2.3123083243193396,198.84456873117014,2
49.4237694437024,2.4514364007521676,8.443980553879285,2019.6831057303546,33.82241491981731,7293.762483195438,0.3301075808212071,-0.3584092774038123,-0.1794077802739851,85.77845652781147,0
50.45903679723288,2.3283332181240537,7.502179569544182,1991.6435639376455,64.04205545153658,715.1107304770277,-0.35803314546569753,-0.03206270170130892,-0.26412295529465535,89.59015068218231,0
49.406036029653485,2.1613860748358267,7.223775644459612,1926.7292352414495,38.742680474869644,944.373347923062,0.8404577601957125,-0.24046712236646473,-0.055454322037306825,36.582746934254345,0
53.17291290374595,2.5783711577980637,7.0203845478818545,2044.932519787908,44.893680024766525,5654.617133166983,-0.3122697261051138,0.0527524691053519,0.3209356273390164,59.82799751800961,0
64.323437860177,4.162959623560769,15.939028038647802,1622.430322926512,92.74387873716618,11749.530110590125,3.7097410852499237,0.6083494690231577,2.7536607080253086,166.3127305139045,2
51.831692895167755,2.3504757034577612,7.547674345444905,2047.6472630355809,60.13452091458535,2449.9421350077255,-0.7599139938926139,0.0698316767574561,-0.31792536445990865,65.59770708664162,0
51.628189013670756,2.2639961333674266,8.241421615642368,2018.637073506757,30.240306413531087,1178.6996377459325,0.3854129221135673,0.009520268908725885,-0.3501483035482873,79.80660095256894,0
48.80758958084298,2.198381060858688,8.462107346457332,1983.2763290784198,37.47235482798457,4465.257426622369,2.0716358546121194,0.4854134791109826,-0.2341195735213044,74.52172762338195,0
62.94759187269986,3.7574412206201284,8.714385342174564,1983.6002065992725,68.78764257929248,14025.80494916344,14.901443124481286,1.877157498270773,1.7049153935931098,123.65075419939453,1
51.66034105175246,2.085036781079993,8.06686486186177,2061.897676574453,62.300349339286115,8533.23282837938,-2.0201514491777637,-0.16438255528357926,0.6162605500773121,38.01676164908136,0
50.7498807031448,2.551042596429586,8.45537117682386,2014.7779362761898,34.15665741088422,2514.991370562387,-1.175425725734763,-0.21338987082349,0.052413219827564216,46.885973370649936,0
50.262024368075146,2.6453791307525756,8.070800506290066,1944.2282873235613,69.7418059089697,5651.716870992748,0.7599232213413074,-0.21371761392869298,-0.6121232595445082,53.525276303409946,0
44.89435596645121,2.527768316204224,7.032009798392587,2011.2085383083956,31.682725690398268,4551.673853111001,0.4718914986701344,0.0593189087348194,0.4815291686162431,62.260995419311264,0
55.29161069617183,2.4913311137053973,7.73028696927031,2081.3559712195192,51.74669366233291,9238.553395509694,1.4268438196157025,0.2641984377098639,-0.10087708618746682,54.974597065983,0
49.64876356876917,2.6166471164551934,8.391420014905828,1920.6880502491917,38.84477698261214,5559.45156523649,0.26587890548810433,-0.22947962316566942,-0.4329023483486053,86.20951731540266,0
47.67045072746043,2.1492928932341897,7.173092811339133,1999.457983013738,61.3133785348745,7090.352413257717,-0.4744761707438094,-0.05438074006311832,0.10670317353742662,47.83028876321702,0
67.11384669680882,3.7296546608876544,11.608148689754897,2012.6459902555898,69.53939547213167,10354.528826140515,14.942569444421078,1.6101588783605907,2.4294503924491444,157.19873326302124,1
48.106644878619704,2.746199268087008,8.261616226104689,1966.0680503666206,46.624727454746164,9137.260089766873,0.8752432175767187,0.3921925246843429,0.04523966719022995,44.37749541863098,0
62.834563788523226,3.8242207598693096,10.673884254689803,2047.9470953543446,63.43246838443076,5876.612164265578,10.871863242171612,0.9449301209471088,3.7099883031764946,137.60647320384396,1
61.03856122377576,3.4837219764018785,9.34187282634633,2104.468208733787,58.343314386167705,7105.4058840374455,8.688602415019268,1.991932359591185,0.6148501081827276,107.57305016910678,1
49.369195448934114,2.874359199340472,8.414289418626648,1967.5534854324337,37.7517666535574,4231.727292215899,0.2631878332342004,-0.7935422889188084,-0.462321711037733,51.84600588722295,0
45.60629220211516,2.4724153126980903,8.16808566615582,2035.1057069588376,36.39588122767026,5680.920638997489,-2.504466609080049,-0.020044469875641038,-0.1601924011827384,24.7485655177543,0
66.50698136394851,3.8245021111605335,17.013437720877256,1508.7660788238104,97.64381532359548,18370.399034023878,6.63885310957884,1.553740708606763,1.9676224509832467,187.54594968627998,2
92.13140853165851,8.517284347792902,14.468523083898562,1478.942150790087,95.59833222566246,13548.635821312228,13.016951636913037,0.56767129419808,1.232113960314873,199.72221825029933,2
86.81436876139016,4.009533951954304,10.900247956835303,1864.2182614775434,86.39616428915353,17492.723125706947,5.900352840705776,2.536738661034,2.4877276252531497,157.6595061954635,2
68.0087609371987,4.109221834966237,10.941713522835192,2021.934493402859,69.91406101537294,10716.786153592762,12.184068087730846,1.7159149442822146,1.6676789492839164,162.7001585408124,1
44.81843269077566,2.832817744269732,7.95089118829238,1973.9970143803905,64.69198138834089,9698.233378530045,0.047422601195848145,-0.014205029998470068,-0.21023976791670865,21.90802237844538,0
50.776809939290146,2.197787286060761,8.199955662375764,2047.629299445935,43.90305605101827,9769.825678958872,0.6192453363824157,0.14358893509952445,-0.19810747980861965,40.84848839725706,0
50.863436402258685,2.7855612954569624,8.284083561253484,1910.0034945315467,38.866743664095,9469.518085075866,0.3995234485907911,-0.07276040340812692,-0.5654986547972974,62.98662047706913,0
50.42988267322133,2.5997806687488367,8.536812155924817,1973.60476454235,61.37509400515398,7229.266380726856,-0.73215551234739,0.06340032982529664,-0.44159144434773917,61.28206457028399,0
53.647351813575085,2.5644848797460957,7.657844585833173,1990.0424284675191,54.950356516338246,7664.3025392339505,1.0427269614103967,-0.2231266540210414,-0.06281785661424744,37.17970086111933,0
48.04028986888179,2.841389383629027,9.071973907132847,1961.331468021662,54.963198479614036,5177.602034034031,1.2009534968383093,-0.24245323071676947,-0.07937560930223723,55.15365314777238,0
53.50443729994821,2.7312059650036833,8.31894718008506,2058.5695684922002,49.13080844848926,6457.996044274508,-0.32386621382933933,-0.08089052805976689,-0.2768068219139813,73.88804856804188,0
68.6506909164095,4.062101011716058,10.638485955599899,2113.8758787298916,65.03521700545973,8687.195156186299,2.652764951948404,2.099654508450171,2.0745213246582113,141.90124484001433,1
49.82299245477978,2.586804301716313,7.58502847988664,1977.043263884543,35.744392984226494,5185.736586256511,0.40805335029920914,0.31552737475193277,-0.11365462804231914,65.36124746617568,0
46.23050484353804,2.7771422260351577,8.748270354115583,1914.6770722420265,30.837225962641888,8866.109145985853,0.012197763550961395,-0.29991264351065544,-0.19925067465902427,11.983120852574807,0
49.06493057507731,2.4379713192003027,8.375833271693368,1950.034064165753,53.01163178965656,3339.7092454134267,0.646915110976652,0.10761731336513827,-0.265630586984975,62.217808343162794,0
48.63280784379432,2.3662844820229174,8.109404479905496,1954.6269014595468,59.57205492084305,568.4460229254418,0.8923616435975974,-0.25294052213580054,0.4662547146852563,33.64548750184807,0
58.368972716574305,2.8234679243599987,9.292791587092374,1999.6931988354686,61.10068158349804,10605.166426124531,5.982681339533335,1.665160620449444,1.3267123446073534,82.90646323286472,1
55.18558340472666,2.4858362353061723,8.08530467510005,1994.2190742839214,36.729105550026674,5584.115764642142,-0.6870499405503725,0.13250626013079483,-0.06696230949830922,47.97397677312482,0
65.19912495654603,4.502878510329946,14.895949217953875,1621.4542100156698,88.86124368608856,13027.621371693765,6.7397296612325786,1.3716818929241412,0.961488306148325,176.91374870198013,2
90.8844675271718,4.8190680344146255,12.52139867185901,1918.2898968479633,91.23910054889727,10534.5681620228,11.27679990126221,2.0378392279173703,3.1076984896366424,156.33904728879716,2
65.26710136751649,3.95669699240887,11.060451259406952,1992.9440275054915,71.37694858284289,9363.704265143348,2.6696111040109862,2.8741535862290815,0.7536801848852577,139.4842270753935,1
47.16681463831092,2.571445568157191,7.7855935307979545,2024.450115124291,69.44014653236309,9164.334405650841,1.6417880348305987,0.21456013646075928,-0.697173037989643,64.34366530078024,0
50.54696105485306,2.7795885495739654,8.0286822274174,2065.8997614806863,42.28099688968207,917.5947662971984,0.7626847131947895,-0.07074851763336426,0.2810651397903839,63.89518612535689,0
55.84355822160739,2.912281735775205,8.892275766207597,2015.7863707128838,54.694218605858644,13562.302835667795,9.657582893762145,1.355707481949104,2.3426726425218143,90.79751755083285,1
47.77707614260863,2.54381490807509,7.887926296927033,2017.3862304307836,62.763020077504514,6599.988663245172,0.7731428590359872,0.008277245100225285,0.28296097500169437,39.82366431187778,0
48.697516967328056,2.049230379683399,7.497974873688846,2053.267906083899,47.92449784922856,3368.504908711615,0.2396263964156207,-0.08191283357133622,0.40491374430944255,46.66401989640832,0
56.41066958477833,3.0867354050555655,8.902948525942026,1902.8426411421103,58.56099804015188,7022.656003798957,11.132593734745544,2.1494416911041982,1.812361633518207,85.2033680170574,1
54.48896073857632,2.385719168900555,8.30885589575095,2168.3719342533964,46.971096431972484,8674.501914945482,-0.14083776140627724,0.10532217914446529,-0.5761841979666928,58.82253980614152,0
53.889585415252704,2.5216283099961094,8.070567787479286,2056.72336007335,67.48629942719526,301.70193056990314,-0.11080565425677882,-0.12997083705574886,0.05136172329967313,58.60449435542519,0
56.98680441702695,3.6752655038157025,10.560579533516568,2051.7529565961145,63.51487340459682,9188.718392235629,12.983986831052261,1.2186071994868795,2.1852042477356104,114.63974381031917,1
96.40983922947535,4.898219999165388,12.227734416230176,2129.93978274816,91.4400902723011,12578.348212858215,8.888047519167607,0.7436008245510366,2.501112655669843,198.52947328352104,2
49.26029613264261,3.0153970234487626,8.428300423264325,1956.995972319327,67.27188807808255,1585.3370489743957,-1.9457083143101772,-0.0719941848169493,-0.3411248850962658,15.430255896764628,0
64.24524016761053,4.630529824264331,16.54542426938688,1561.3373605326367,89.40349822780027,13772.29754813294,8.279916694306994,2.8730851556281904,3.8052757721787747,166.63867255406421,2
102.09747729745605,4.273624701578462,13.074646017457319,1962.996307456159,94.57564498668333,19753.35349437579,7.504228818834657,0.988619687441651,1.7110664980434425,194.90339330952924,2
66.29790921341464,4.028028218432674,9.894808873147465,2150.6177188751185,69.44970948153484,10453.8451305036,14.818866558418772,2.722641042387185,2.873254735465991,139.31958688962885,1
51.64731951462439,2.397391839925583,8.681917440101552,2020.1172574212274,47.994568261473205,1030.736366515266,-0.9488588071031127,-0.09370314307710274,0.21114784606191986,69.78548090468432,0
52.79561561533368,2.59070160674617,8.054150318018042,2096.17911314009,42.474531397555495,8870.967495858955,1.1027046564649727,-0.04790374427330049,0.18106639376983885,60.80273891214094,0
73.6470628976532,8.629934628469318,12.795653156072712,1769.8685956282307,92.16249051261602,8385.562407769483,10.46226750419686,1.478503236431997,0.5672315057349607,188.6941332142834,2
50.1702316114734,2.047125356293362,7.751659838069466,1943.834877105689,60.02663054192931,8077.198893210598,0.6476018856491305,0.19613205668464265,0.6591626078637417,86.29067633678783,0
85.80802130170748,8.961446825339232,16.73034177067293,1658.9936363166732,91.95376384981454,9714.479112298051,10.779050693214694,1.6258114703666477,1.3230939537449333,194.50409357360937,2
54.848532419524474,2.67300289346179,8.492949616474622,1954.6943563488803,37.32488794931088,3384.156910951093,0.8012615460358158,0.24504864155668873,-0.17993231075445387,42.715173541914474,0
49.103538912079415,2.3683605308772537,8.714319972814435,1986.607679210985,39.899213037644245,5435.082483597519,-0.07635165819076954,-0.17625597626700126,-0.15208918610871577,38.68278158304613,0
52.37115828846534,2.7539882083603056,7.5152306438820125,1989.1908267903136,41.227664800957854,5053.557765301382,-1.397092726394032,0.2572568872733562,-0.3195380689507712,75.16366216503391,0
58.033892360414484,3.3144199767972053,10.313007728836608,1950.2029329591876,63.275747728628396,13103.485448376938,14.90177784359313,0.7193893145924047,2.225978689560401,101.9389914526109,1
48.12204561948969,2.744776685749766,7.8998680703990685,1976.8474521634125,69.35711316257044,8994.411978245864,0.9575114883231653,-0.053313687260744126,-0.2675577211144253,64.52420309523963,0
50.959591811242696,2.7994184546429093,7.313480583820162,1947.6813359003086,65.20528950875638,2552.965200430106,-0.940972322519671,-0.07721289112678882,-0.21644160558123934,65.15033095925614,0
43.96197405803279,2.139019363106786,7.883201532170509,1989.7231167541415,65.86228853533044,678.4448655123055,-0.24354225037065066,-0.07655122231351225,-0.44275611682092336,32.50902951701897,0
66.69542257384146,4.200802682127535,10.938700995497282,1971.285116904773,64.99648005383077,10107.313315441537,9.967529914663729,0.9043298416913699,0.7677728890183928,143.23711405492008,1
52.84025131740763,2.4418452596732387,8.82450021610475,2010.589216352277,36.96578113165786,1059.7819805522545,-0.7767855324165115,-0.2173457103747344,0.30543944525541483,52.5691823147963,0
49.44558702349158,2.502103803804332,7.933639624789763,2095.63092792391,37.71844794127433,5925.994386898191,-0.865954106286216,0.018789888357683485,0.3773578914427631,63.22226001281701,0
47.009377642541324,2.686728213858329,8.146840594979809,2009.155069594144,47.67468495206588,2446.2207821161787,-1.4581577913576127,-0.11764948026335315,0.2751415984561537,74.62115806711131,0
51.63746951519991,2.5608685656375405,7.926731895739428,1963.0236720169707,59.177355604565655,6677.230031779133,-0.5844488575066139,-0.09487983227407829,0.20510035836856746,53.34570904908998,0
69.39270610672233,4.241164833746475,9.982332699878091,2091.404030609176,67.79523912149975,14803.043787281593,10.664059241369907,2.7545304330389966,3.996789050551819,161.79962751809782,1
47.76197849391228,2.3263597900130777,9.228546687573857,2017.5885503577701,48.89690944130099,3872.520148456824,-0.21704342628394177,-0.24767386844798578,-0.03895317788685356,40.14160077221016,0
47.84435889455032,2.8165383449109473,8.040818518859773,1949.851367151839,66.6510802891816,9086.448711192033,0.8407965238326931,-0.1916533232060226,-0.4692240566734953,49.939150251343854,0
72.78061142946989,3.848309019404226,10.36907925214184,2142.0355412245467,75.59217719573151,7026.517712872318,14.547240213258618,0.514599789334995,2.4941967636776554,163.79649548473952,1
55.23342177615646,2.141623105893439,8.511880405068652,2033.9853398316043,53.733108110590805,2513.193512859945,0.07280612886260611,0.018218801982745888,0.10095526993551086,42.9926831116839,0
98.19932922791769,4.979666529788182,12.890515967367893,2250.4042263662977,95.00573802751188,9824.189092329907,12.142620807750237,1.5586880468783875,3.1261043701549927,183.67486025635628,2
50.74928503624959,2.865799243417897,8.004627054950088,1988.16859646819,42.4111791770142,575.018618840889,-1.8652691610750727,-0.1042612630747364,-0.17461376675558912,27.192368303054188,0
47.99158074992323,2.395477712061199,8.380754880254,1954.5444280244226,53.58848529055925,512.3341368252666,-0.9803002938150277,0.1524138875999884,-0.2894652315760232,52.68798416347049,0
47.05274038739867,2.8218838356269376,8.227251201227908,2003.5161130615916,49.36532049654964,2126.119406473058,2.3263066853666996,-0.1673566113418405,-0.06542263647435692,77.77645958694502,0
52.35608681822515,2.22746097638448,8.462213457651881,1951.5805288245708,33.13454919178146,2073.9304933884905,0.42973952159049206,-0.5123162387973371,0.2829680370789615,12.266750328895512,0
50.38139699666475,3.107261811213937,7.70813897068762,2086.7321103115037,65.06000548154583,3821.3277299933866,0.545682721063824,-0.36681478017325303,0.9580460407188688,82.37041891930764,0
64.37677945920002,4.148719487525806,10.290943303560447,1974.443429726371,62.02326752613993,9111.679783434138,14.6796884250176,0.931940374234786,1.2213353813226904,132.97370923749043,1
54.67920983680996,3.2226717438645758,8.087122003208162,2035.244774564379,58.380427134014475,10872.160922389156,14.303716538661254,1.6140018889426435,3.5620763695350033,83.95803881457736,1
49.261790096267774,2.646970634886108,6.9138544157250275,2049.1475550864416,32.63589269817241,5742.658027268586,0.2685983449231724,0.28122477026210824,-0.289587621673447,31.962282184991505,0
49.82557001031325,2.5830142480224656,7.611158953034203,1912.6617536785827,34.63191706065937,1960.195282834981,1.433564011779126,0.00854068007840493,0.35364226281879324,92.32283476135527,0
62.43126013756186,2.891219521472619,9.596630124197501,2092.454772866524,65.07535580010614,10488.347202768777,5.0681117262689614,0.669494474590216,1.360646187380579,113.39815763741558,1
55.27240302902438,2.978695687626069,9.408543491062627,2058.377602072131,55.18407688534661,10152.384303264578,13.592872238518254,1.4609958548734903,0.7853839571187826,83.62067984234824,1
86.8507608185826,7.613291018035605,13.79898661002296,1945.8049700451654,85.82246083850382,8193.998114163165,3.713951951299546,1.1597062321248115,3.02362537892599,163.11260924584474,2
49.745743848622084,2.987023315743728,7.513936185503023,2006.9482099264885,61.0623313870413,7581.265321995548,-1.0829965078053223,-0.24315457615139532,0.1858274290805696,38.934716387359465,0
62.82502051830062,3.7570615634945637,9.248863894507831,2119.2546895369005,66.41411710899801,10940.671835871897,10.568322689595677,2.120504299706445,1.4129980538729137,134.82329643658275,1
67.61760036088913,4.651007665783754,10.75446642322661,2043.2577274881164,76.08932058327609,6178.00791761479,3.266929411533545,1.3085628354738394,2.7236497730893583,162.59387029273068,1
63.68021684705557,4.583165519902038,11.412866141327996,2037.8483949324489,74.10045120371979,14054.290137251393,14.532460924510984,1.2501270902095185,2.353859415452938,159.31149054446564,1
62.3106787801294,3.611147219682215,9.981889621498883,2051.8843717165773,55.404300488796665,11140.484407715327,8.103233650509193,2.7423953987693106,2.318673282637139,94.74640520988117,1
65.97974491277941,9.158032324926873,12.160767129848713,1759.0526507687227,94.54354207879084,12220.297775921048,11.87323092833637,1.2867452061931592,3.313539334135628,170.89638473809578,2
69.6360957343441,3.746726507016448,11.32917810683096,2102.9403814070915,65.25048570671044,12050.511687742812,11.590411436090417,0.6527527898783704,2.3853882503115234,148.90694944625835,1
50.45430709162017,2.302620715812163,8.016425096457954,2055.165861478986,38.42326087656733,3437.9626849197166,-0.7226931068796004,-0.41729845351393524,0.537212858955049,33.37228581582669,0
51.72138188936453,3.0997540694809036,7.902547179615953,1935.2522807371865,67.90388804913468,2473.33201435208,-0.008844970287087615,-0.08495208053023234,0.12692779212242208,21.52110056760761,0
65.39463972948155,4.123790824680472,10.302512256240757,2121.496592378808,69.96367999951879,9562.112530893672,2.6533588558511996,1.4850672587056217,3.4395731492863013,126.00979240801489,1
50.771227986558394,3.0102523176810942,8.13938835133017,2024.1568697676464,56.420964422642115,8868.779292983336,-0.22014518698711838,0.15617844759283,-0.21977385835110638,73.5336202181121,0
51.28500745715158,2.81483152724656,7.380944078226656,1992.1695816601923,67.5705918204178,3324.774765413099,0.1466693318475865,-0.18238609261359323,0.48336349566518727,16.63326561746309,0
50.91256410064962,2.4765786829786562,7.728909490635381,2022.0320775575085,48.67722359772416,7279.027858776651,-1.655575490653127,-0.3622655204080747,-0.0564750769696858,40.87211835589229,0
64.30379728742581,4.191954374908201,16.975145248526744,1674.1444166440617,92.78665257376068,19030.338307394435,2.8788264066283595,1.9595491698669445,2.139374069098672,166.2633563166927,2
53.70235039982561,2.456017883433302,7.799801327632109,1902.4146351807283,38.027301716043425,2517.166159247347,-0.7947730872307747,0.06656722863052557,0.03667456595880105,22.774081327605895,0
48.72340978781569,2.7902879165780967,8.264687563958327,1990.7827297937265,31.033645562880928,5802.955130852708,1.3367670096549722,0.09044415533309687,-0.04198922112990526,58.77128151191526,0
50.38413272903756,2.5140820348713016,8.1584584934942,2037.0686946238666,64.26894286684089,852.0443089143625,0.4517039533959419,-0.2232879063000507,0.0882123261492053,67.07647150671309,0
55.451762643907415,3.7545833241666715,8.385758283181374,2099.186606732626,58.68364831124333,9240.692968309893,9.26228172065579,0.8677237958245,1.8853869876604976,89.34394447305817,1
52.693241142873866,2.8084486934408415,8.119679466183824,2037.054083274512,42.581885191738934,7832.2466323533135,-1.3989614343168146,-0.002740677240558924,-0.1731603557691625,57.772429604019905,0
52.333988736465216,2.72355923907277,7.663397574855368,2047.3582867729267,64.66349829486076,7226.681359620728,0.5178290546920915,0.1658039127741731,-0.2798435419230909,53.80171646786378,0
67.58526729906342,3.76991417968099,11.496229524740196,2203.8943784405637,67.10434074610444,6167.850413401366,4.820069952257857,2.4220791333401452,1.4500454267391287,142.14146979123657,1
51.74516787214255,2.5635173817172783,8.644345734578508,2021.4859188335581,69.0548684859526,8603.634259297858,-2.0305347434111782,0.17252940839129835,0.36888872373691645,48.73841003217656,0
96.98556105963334,6.807778686511144,12.694858750145917,1995.9217637858428,90.28813292826827,17640.730768115332,3.1757419404779057,2.024068453391104,2.5802921037872966,193.06347150612635,2
50.91586044419742,2.3885602450353742,8.872616077950552,1985.2510570864245,30.65943208213342,745.0316427702319,0.5925277508858201,-0.19590775466069937,-0.6619595162968439,62.28969605838569,0
61.05491564941142,3.327177916836275,9.821642277181803,2095.6519806621673,61.065595454912284,14088.383447299053,8.571217322044346,1.3738178252492845,3.366659528668392,129.82438450233354,1
48.61321120470763,2.380230503049959,7.56140009489039,2055.5109955929065,60.91626982158086,414.7644393759509,-1.5944342062463575,0.18966207768030838,0.14514816290847657,40.43602306057183,0
48.586229409018465,2.5216886515127763,7.663537107387021,2046.0407285214615,57.73624551086141,7604.745847860944,-0.3543049544784945,-0.13293285822674547,-0.2764835347655205,65.3777258247824,0
57.969850076549776,3.4053787470612655,9.320961914665368,1989.148892366495,57.10461183839121,6930.322797461646,7.3162593466597485,1.4499056171681226,1.1954303293944701,108.07761777948349,1
53.384528378136714,2.249137018990333,8.334925984829013,2000.757067831229,35.59545310974837,2073.179446537169,-0.08209489865281652,0.133242415802124,-0.36833366024279446,48.68298272079079,0
64.64536344954982,5.128781736817487,17.901054742625995,1586.416488919366,90.95268837243107,14817.279957091532,2.9672988193725796,2.36101020956278,2.9331735568545643,186.1684506489381,2
69.50655173060653,4.4659647973430765,10.277152032154072,1962.9898284527974,76.36357544329613,14145.745363262047,9.130465434367892,1.4163969631816147,3.5310053559058012,159.60283622148984,1
51.211131720363475,2.1992719955287092,7.93988878323261,1977.2588974167954,62.30655262778488,2952.1619569283475,2.5107434705476726,0.2232407283487096,-0.008086910207221142,75.19015519912249,0
54.70731013398186,2.842624900799348,8.395314308351248,2058.9668829188463,59.828871810533144,6745.596708887523,-1.1175029403086363,-0.011971828902700054,0.044266257981488,51.08093488579334,0
52.44602784440284,3.220599154870025,8.598545408140893,1889.1395226131956,59.761799317286105,10029.292143709561,8.170843780726024,1.2549303443546151,2.3895528464844604,85.07895926699132,1
52.61312369344702,2.257227824984288,7.78819355461697,1992.5658760797921,43.747091435799234,6385.722078666189,-0.45387571678033206,0.31414194858641253,-0.21820641080135628,42.10996932426208,0
60.41350305769309,3.991432783650568,9.429823518438074,1974.7280582102503,68.15441807570622,6712.2981486334675,9.910137521318443,0.6283875393977668,2.4233465156560188,125.88949826981057,1
46.106895221760475,2.1181482877579554,7.7432323473090445,2030.5541663797276,33.455469670959076,6035.117908141297,-1.13156945929172,0.2067620870172013,0.40897297747243716,60.154487682997406,0
46.48720755373505,2.525204064436519,7.467369247869605,1951.7546372295296,68.92980532692351,7282.335237631167,1.6807856528642038,0.14385412831527772,0.29494206833837616,65.67482960327558,0
45.03402883881226,2.288706337149958,7.927580255234939,1964.4177571757132,54.64693941652587,1784.976799744188,0.9967415016472139,-0.27927971309094296,0.3113753605621699,54.46506100246259,0
72.73023237410302,4.6868658225667295,11.182413429712167,2090.1903686578194,75.56821536141088,10002.56209373975,5.551689546999475,2.693039384838515,3.2182940478305673,166.9049947057427,1
55.67202696284653,2.6787305565114874,9.629462914206119,1955.5938407529547,54.31234978817531,9095.73271968761,8.326698400774507,2.4140820372477894,3.6219028289299215,92.67103863324837,1
56.46942250282456,2.6217068581174265,7.811290269184083,2034.8296990677345,50.31784923996193,2308.4061324724435,1.993957654956412,0.03154947933715437,0.03233329684729449,50.41273080715011,0
51.395816287631455,2.6584826574979683,7.809264743482209,1957.480044729295,65.39184812176691,5184.542950722543,0.8260650003856023,-0.04022127032821607,-0.01789242091855858,31.95237026603261,0
65.00677846953573,3.422106232966558,10.597199015471524,2185.9896558918917,68.79836816204345,7560.787393887904,12.827036353533174,1.6242238424624245,3.9552834543659907,134.76872951135113,1
46.52668457388462,2.3698998402743183,7.2160390724426815,2016.9768540606135,59.49911786269927,8818.658623375188,-0.5157207585619181,-0.08788276195430426,-0.09816090011756093,67.70629176743293,0
48.85085996690748,2.07067075222489,8.356155466335235,1942.3248213728937,49.95505649920349,7880.604459629089,0.05917419459422928,-0.39612626570893283,0.04345878865515698,48.396401662534934,0
48.36137915707123,2.264528918617144,6.959948275263416,2016.5523843693484,68.55093821041226,1713.313963614842,-0.6420591620340333,0.20508698625491828,0.15353196378612186,73.70992821905296,0
68.12365600076431,4.548428538830487,11.27429315193435,2034.9609027907152,75.4208779865621,12481.737929780887,3.414123493023979,2.8622556868879294,2.429054448687257,169.2243327365531,1
55.66732870591133,3.2119572950419046,9.211504330643312,2027.8093447050162,60.92084468264302,7202.985918172417,14.104284684777081,2.3415532234501537,0.5661525456599611,83.13671450403172,1
54.93965426186913,1.9810006626049206,7.515160169391096,2033.683979822297,63.46802057094756,8457.153238891548,0.6674954987133563,0.04279857862475263,-0.16778474353476708,62.57618280216518,0
69.33980550729474,4.295529964462792,11.43286530129641,2134.8711610336977,75.50436310901857,10293.51372753162,10.462536186915141,2.2498304641327844,2.2308872847486345,165.78818708777948,1
48.60559901205172,2.7581089297910077,7.87368285100286,2000.596385782391,57.497455991071725,1953.8546461484175,-1.4710072455376098,-0.019287644231873895,-0.004606721254726991,41.27922315160337,0
45.85563619532438,2.393470395240454,8.154030179693576,2025.4577148306994,36.88288134133086,4721.919863035545,-0.1211476627775129,-0.21314837133559325,0.4210094649915331,47.04743163903274,0
90.35186912372706,3.9634266246005367,11.42902950645186,1975.9241290626553,85.32570876942249,17449.798129062594,8.433434113240995,1.4323826395669113,1.149023669923537,158.70086944799306,2
88.9577407517445,7.367455206544306,13.710710152307378,1940.9309642821645,91.1168044196253,13578.353579877883,6.455486261634286,1.6018513450084066,2.11289446262953,195.66604020619488,2
51.060805198118445,2.402865000923264,8.235783063627103,1952.0685046935762,46.74112187071168,9682.366859696409,-0.2060086255944716,-0.0007122371743305167,-0.17977684667374377,19.31240753533391,0
52.05894441513269,2.43203071729662,7.463410306313516,1908.068505067796,60.44526214312451,7938.335657483752,0.24332069141922807,-0.09918123815718331,-0.33392700828894145,48.940369202065966,0
49.60879330864243,2.3726519907042842,7.6607228767501905,1929.6120520483616,53.21362190123027,7323.395520366199,1.6164513760078978,0.19093949900772444,0.004680271982309808,16.59752316756054,0
48.79327865381272,2.290589677395428,7.989959485560494,2003.1184740102328,46.75656273183846,64.01421857296974,-0.6355572973670537,0.3226161566953573,0.2191808337337273,67.92557116746556,0
85.02984312754472,5.1847111307278535,14.633233781412805,1841.496318571339,85.77869890807713,14385.58028842137,12.096462414271278,1.094871083281686,2.9764357107396546,173.3366038032712,2
67.01625219129427,3.7818629586501062,10.95016528212766,2197.5532775394167,70.67279867812326,7446.3804309451025,5.022343396228948,1.4661172178723363,0.7559657403399156,137.40592993227312,1
49.59140670804205,1.725050241655694,8.19210655951731,1988.3847844870315,41.40313471107086,8515.507775127957,1.7328958854232501,-0.08745245827194646,0.033795546467040694,30.36053566070577,0
62.99175548637841,4.661785182058763,17.929166634052578,1660.1630665161515,92.40461393345907,17967.723979267335,3.7065906204590484,2.3347444128678583,3.8004373203234247,184.98130442141488,2
47.910142024862694,2.432924088057774,8.380436840473402,2102.6278766588052,31.613830349294712,7522.1202697131175,-2.0494384916485737,0.3953153334647234,-0.07796152932683026,69.2979973805477,0
62.77451011655431,3.8554619921660502,10.250071365885772,2028.8771659592182,66.88853636345024,13226.78268189892,7.387351448849126,1.2028996868336732,2.1173376382630362,135.38260307608337,1
52.01764902370381,2.3036569983088935,7.798483517682712,1986.2617353830904,67.96322239978156,6224.701163516194,0.8072554279353683,0.45110339658730436,0.03704877930002173,64.71586107959429,0
48.28187601264291,2.3828114426173155,8.368288135231317,1991.5098402803799,31.948455827101668,9909.788159428666,-0.4175660590141076,-0.26746456411412456,0.030571845326839566,39.06325421410826,0
51.53682602473319,3.1003068216578007,8.746325589417003,1968.0376933274806,31.00084511147831,5410.2902087459515,-0.1618227592863318,-0.19528673383774614,-0.13246059875106686,57.19037763066477,0
99.20190585940738,5.2561928999890855,11.911091735351745,1811.5091514165688,96.67378855971822,16143.918357559793,11.483241186490513,1.132488761060588,1.0956867565014803,194.9827111576132,2
58.10835513464488,3.2480244210469773,9.399129994250655,1960.2417101646327,58.98213887515636,13938.654752170836,10.958815279064275,2.3596551117950275,1.9126367223564225,106.86326562453442,1
61.018486447741765,3.8597216143281905,9.958090409543898,1999.9767920859986,67.39462483275854,12688.684392323732,13.355104887308693,0.9980350562469105,3.949685378351284,125.07180566336429,1
57.350633597647864,3.6074012615631843,9.75894160213429,1866.300633876173,63.30476439723573,7157.1247249816215,8.163358633156516,1.0647236731934688,2.4544024112426364,94.14920113551557,1
68.91460716625308,8.374180798914356,11.351776049983634,2373.7685955134016,91.42900671701483,12873.9379184509,10.062753396149665,1.516659823082484,1.0162300993030895,180.54877570232932,2
49.60711405112983,2.216599298015272,7.697203056453006,1923.7553230039323,34.697895263755335,1309.0693684737398,0.6274116264141991,0.14560393796242807,0.09106363164940234,35.68127534434397,0
62.211144706633554,4.011902627883786,9.933652618904516,2182.616305788782,66.03005801836574,9086.290137192831,11.922507862812402,1.6894829913405047,1.5495249220169773,144.20264504122068,1
64.26351239259321,4.005969938690341,10.62243080928795,2085.8373997861822,73.7828191989328,12822.876053772468,7.166745054343231,0.9365396250184911,0.6008643129930222,159.34793796628412,1
54.47071760596404,3.1859504377960293,9.462459752652805,1946.8863572759053,60.43781654683576,11241.476228698322,5.274504928887228,1.0365976996335144,3.3502077091476523,104.20940659714189,1
65.96517383370417,4.031781792979836,11.20191187689193,2085.6280949761235,73.82086256213285,13319.099622549273,2.564173299097556,2.552197961639316,3.646819121323786,149.49858065224072,1
53.13409150510443,1.783307777694179,8.049242548509731,1921.1295456515313,65.43823151844259,8669.425063457646,-0.02578850748676315,0.14276404166917678,0.5217420437247308,31.23666543125628,0
48.982560092207336,2.0158467303672243,7.977092878544702,2031.7747830836838,33.14437294105245,5519.360472466592,-0.45865800602651785,0.1531094646717655,0.03034538000211462,90.50210215695515,0
47.696601149768284,2.509523582323591,8.160201760304851,1892.815688553573,39.13577352342608,6601.881301813604,-0.022347950564689918,-0.13187646708768605,-0.16558710443528832,83.87915879235976,0
61.16943361586445,4.330142954808615,16.29025366749131,1584.604600221947,95.30107952425281,13034.162421631561,5.2792643324162825,0.5518119436073478,2.23621718285379,183.44867515582996,2
53.074967594551964,3.621903816102502,9.63425915269548,2059.4759438286565,57.496419184316565,14047.710772447934,11.1903733775392,0.5929152821107132,3.269350141451711,97.12965170374117,1
49.543647681627995,2.6152627070833545,8.263467852426214,2005.2684573001657,40.846389321104056,4719.5354439971115,0.8157399892534746,0.2155647106792019,0.021800954942037553,74.86630710054438,0
43.661366525030125,2.6482194944928916,8.108668104198884,1936.0344363371162,31.935222151463844,365.7530299371625,0.1883460847956314,-0.09502382460135206,-0.0491032488011379,1.7404627094125757,0
47.75165062687486,2.109081142614028,8.294841433555957,1949.426114355183,34.06941978117848,5169.007154104292,-1.904466347092598,-0.04456079962954669,0.09172206608078608,38.04115866660515,0
48.2326331034889,2.706808046678705,7.664527883826431,2047.01255495313,34.50362924114668,1349.1628861363304,0.6971392774519429,-0.2131911046828955,0.17370805315176885,21.454382221957427,0
52.48915613013113,2.41391800440032,9.267633777628117,2000.4577805546278,37.571073176424065,1315.0606981594592,1.0859565270939333,-0.053059264198097755,0.1905170454470001,22.960000638150756,0
91.11392817611953,9.633089235949988,16.32280882191805,2005.0945329786957,91.73652504715763,14372.5396156995,6.151584000860519,0.7362808624412871,0.8677780594481135,197.04846907578835,2
47.44300516569754,2.5745359788858293,8.95582409174305,2075.888079633081,66.15586040487565,6263.765963255142,-0.728604315356119,0.2928178701337603,-0.46858997878355413,68.25656322172324,0
51.47149847301205,2.5812856556676445,8.212578800452702,1967.542627267843,68.37780632716024,1473.708817562377,-1.9029578330736854,-0.15198596129008593,0.42245868168392764,37.59221743235773,0
69.89763265319857,4.05244125822156,11.533860286206052,2069.272485882623,68.54255768510033,14891.704007670942,8.236546086842875,2.0638491180839935,1.760183945320004,167.18182680165373,1
87.16740768933695,8.068568074673502,14.832137692614603,1988.8775663873896,92.29288683515783,13260.208563410957,8.458379305246167,2.507471851142197,2.7415774694075066,180.2894575303272,2
45.6142101951902,3.003085448503627,7.919292371431623,1970.1790639192577,39.10406124914903,8385.845337841682,-0.2800201349454448,-0.15871838329065993,0.18752574197871402,56.15006281524849,0
45.17107158006452,2.9067925244503585,7.691149708031714,1947.3467464816808,55.436086529252265,7163.393386122835,-1.0248666401875777,-0.07633049210514417,0.0850763806156377,43.46049067914729,0
59.915555730843366,3.8441597478313203,10.277199703575132,2025.1817038070994,65.64368796488938,14917.886474413313,12.671592555537284,2.065324017673706,1.2504137082071904,145.52277259674054,1
49.028122193552434,1.8504694407095728,8.348434284348388,1993.7397692450259,58.83238650297134,814.0524398976645,-0.917689149680953,-0.07002890462513855,-0.20350903793317107,12.121521836377084,0
62.55178639216971,3.517640406290485,10.027770273570123,1967.8819165477646,62.45577242344476,6441.9229907570025,5.742998208371434,0.7490551963283211,1.4939430316193487,124.97543161861854,1
64.14593227585384,8.679339797594709,10.595166488161532,2059.2108907099055,93.1276485642233,12152.877101297669,11.290180759422418,1.8488085538156926,2.395331835582396,168.82268137235764,2
61.9760877884852,4.071792853392464,17.62715396278775,1597.1520213547058,93.14891960061622,18803.83221581552,6.624639275229172,1.9305481293880207,3.1828742310378644,176.1681991666054,2
66.72333430102705,3.456419646527774,16.82061529688786,1567.6986063250158,92.97575205283097,17283.742189470777,12.789436082700902,2.2124185909655134,2.157234373608184,194.22894403954828,2
48.705090697742186,2.7838879740488784,8.337540920406097,1988.3398984970408,69.02389022391651,8981.309563845041,-1.0474080504160517,0.20762933920401802,-0.020295832979634467,17.632468686650753,0
50.277768257782796,2.6730351887007973,7.590855678214083,1949.783523529028,69.22625490519438,6156.142918041977,-0.005287430485535406,-0.5427556790112821,0.09976960685089278,101.36836067379271,0
47.740280029693224,2.534961528284933,7.938834473880646,2013.1645624035903,32.87115162687996,1695.0427257410406,1.5618701206560597,-0.1092366025454245,-0.14065339630274878,16.684053944922198,0
61.98480693348126,4.257724948668248,14.533833644647084,1737.2319009743155,86.49151624828828,12618.583415515925,4.670040888820166,2.5613896959317737,3.097001770370384,168.31197826966888,2
98.20286515429409,4.992947037587884,12.438682720579926,1696.0964827285236,89.11316914585561,10418.16156226802,2.0077318545545464,2.9090787801995934,2.0432496426537687,179.03336808905294,2
51.96822489645648,2.5819436683210197,8.579601595734953,1984.4049013240376,31.170618445429884,7776.900559701825,0.25716294417016167,0.06876884555576018,0.07371788530757671,75.63780495880285,0
47.47815265456558,3.0974471984865883,7.995406638957641,1990.1953094545704,56.04751698202182,138.8365969132077,1.5190065863804083,0.24171618180860233,-0.07116397830092928,26.467041713658567,0
64.80230065822835,3.9668845423969326,18.017454329248547,1596.0851007314545,93.09801147145386,14026.177519160523,2.5685900926930083,1.0195932728158972,3.4154848040697257,194.7885152509902,2
48.117487445065535,2.113613432533416,8.227966934202762,1912.8595011601285,32.05784072888028,2249.6985074605013,0.6010771900857866,-0.040716656446784405,0.02447744704256732,97.29321662218075,0
52.25733999762719,2.530440799346957,7.394787982594074,2011.9713849185996,69.88475988791362,4988.5758492287405,0.03776749203988747,-0.4037131530999283,-0.05205619228285389,69.00581869442766,0
72.44300238726989,4.755197499655514,11.143930937545258,2139.9366121699063,71.68159561706472,14213.842566534264,2.8969234141131937,1.0365198843494827,1.694426265512122,167.41298419036042,1
65.01547747765593,4.236045365014168,11.640252328139683,1964.6285716072155,68.85029720696976,10474.30785871216,9.649762874241535,2.269639376021983,2.613642678993563,161.35113020466977,1
45.888630347016985,1.956237002377007,7.952564285180137,1962.1187516786206,39.61416967871015,689.8039780312404,0.19831658254783763,-0.33521790546493707,-0.1668802272105728,80.6127295378936,0
68.47086680414534,3.773945017097282,8.84243856003038,2141.8062612329277,71.4763539622389,14420.13834470435,9.948920785687523,1.598939273395672,3.143837424572984,133.70882067530647,1
49.53694254349236,2.2961382011711633,8.363716998891993,2024.462239597165,62.53477999891715,9772.377243344365,-1.145310591317949,-0.006923740682112146,-0.17274909199754954,54.08461336793587,0
65.79987708385892,8.883640711581302,12.390813712079957,2005.3313252886103,91.68935773188504,12030.474349637456,12.656838937065084,1.2968913072919248,0.7728542044913729,189.13398816093357,2
50.87101290572491,2.0519928433354675,8.20210595730011,1958.0426710414572,37.41223184039243,497.9042292160396,-0.5222122265121455,0.19434760250434108,0.22965122513424951,71.86199765650846,0
64.44434594816822,4.013134068737565,16.328019033949758,1647.5222045823853,90.22856894195672,10765.469203331766,3.2787764170764664,2.1059242443790294,0.9999901046054007,177.01517390917857,2
68.75133032176323,4.150319655993793,11.081500450975915,2141.995664240808,73.64743273217935,12475.159989638283,4.736934341813919,2.947872676871518,3.233092358526893,166.46636084258998,1
49.57874984075727,2.51689151878416,7.998954247359649,2023.0688202533506,48.485937546476165,9557.787661788561,3.5179673709935844,0.18371637702288363,-0.6237777428594603,43.062951754323834,0
84.53094253172117,6.167748001992349,13.983726214377022,2181.3799950105454,95.98793460990188,16147.92697769239,11.668382723749737,0.9807510591653336,3.4310316798759968,176.8476488969552,2
84.2816401027699,7.897584718835109,12.126839675500154,1964.7495367682134,92.22929386837723,13339.937742823025,8.178282319825549,0.6619552363117188,2.0330352143357677,165.63395749582062,2
47.84685527636178,2.384333869304294,7.426818948365827,1965.1987007922064,41.407198157351885,1483.8584010096356,-0.11657080651239686,-0.5809706786322776,0.04287235744198136,74.78253797082456,0
47.30560513046364,2.8134825925339886,7.693402498341546,2069.667997054024,50.54700250344739,5037.555680901957,0.09746021309018153,0.13790190718092218,0.0037800634773376006,51.70104654470883,0
66.05942239437519,4.520618622094064,11.099616801079843,2193.370590542795,68.56320562647541,13207.976164140287,4.501831191830096,0.9178267784434436,3.0775337507381533,147.46167827875257,1
62.30178766679144,3.6664844203382634,9.763459417089676,1941.829049667789,64.96454738483081,9112.385384264071,9.432577198435583,0.6963392606811718,3.406640546805303,108.58944189827332,1
62.522096791914684,3.4428684517152583,10.289931197336356,2057.501029139958,62.01066545198026,5323.26464367775,5.311614930620648,1.5697674484576578,1.0440555386181742,121.06290076969569,1
93.4382276752252,5.29094780764609,11.546803142354914,2263.185889634459,88.91879178052861,10450.585131818092,3.290046211889253,1.9469084832553378,3.3192328428831024,165.0075961695299,2
54.3246672275337,1.8656168912511935,8.090118192729657,1994.3345548192099,31.581423726187673,6561.156340598586,-1.2904869695563275,0.3084593956089242,0.3477988794992099,47.92021622206235,0
50.21730369054795,2.0276968875330104,8.766526841302728,1906.9783077018892,66.83356744375183,9171.020177378366,-0.7489295316024224,-0.20438891383232224,-0.32243635149306715,6.347665993140609,0
62.36520618643844,3.4671712634733884,10.73593305578051,2114.053822069746,66.6870410384142,6191.807192323633,5.956478827103638,2.333911612408038,3.5806656801762613,126.16761255292629,1
50.3650952235855,2.383455587553329,7.403749084639785,2008.3118100389456,51.93166326787841,9744.873435008509,-0.8162200923927166,0.4201565811869739,-0.14688061696083776,61.16804566275134,0
51.64223837619239,3.5044621556616926,7.888704507998031,2022.5977477260974,32.260148829184786,9163.772045137419,-0.5478328533149631,-0.25625698399916813,0.13027078176015922,50.56376566874384,0
56.48319286755724,2.094934981815941,8.221698589803646,1975.7998767549684,63.64396239215554,6906.9410395846635,-0.7351691432628261,0.39102612900501077,0.3964710279447212,65.76431930163402,0
47.66272742378665,2.314595478288334,8.237614790753314,2045.0421177489925,48.03114158300706,8260.557504884682,0.46315296353797064,0.04855154717875404,0.005297233553995817,33.67981669583965,0
56.44675904230428,2.7781641327591604,9.282102986686537,2128.8225827730726,59.66357769096512,9308.876185521454,4.9716581608521,2.8076788390319116,1.612303922298364,98.67438681243613,1
49.36000125139675,2.1581628266342374,7.496410942996557,1979.879089614899,42.578061069215806,3272.4176838701947,-0.05923175154200424,0.4454278121071372,0.22732299523435684,70.2106553407671,0
51.5244516850294,2.624714136049872,8.352015901554031,2008.0985565665412,61.317924909382015,5953.95906873199,0.20252799567364477,0.16393230576926876,-0.6598775873417562,56.485500918990866,0
84.4734099965731,4.526406436322731,10.748739160381293,2025.1451135409486,92.14221016960879,15254.47736902724,9.19529910079066,0.971436653976457,0.6420702971488839,160.52272268927697,2
46.77544394808561,2.5242524446678334,8.668459982173923,1987.969914329878,56.55952910655408,6794.1365727822285,-2.139237019671935,-0.17184603882128488,-0.16462760647684535,76.47625149987275,0
62.15081301261833,4.137974200013375,10.213946069190385,2042.5291073459305,63.59692307549102,13053.00027492217,2.8714238299822266,0.6566215451044841,2.03337867797078,124.54171066943844,1
48.70840975709362,2.5302363971553343,7.629094751621022,2019.7181865051878,68.21379919918887,3335.4875467710667,-0.8891083582983363,-0.20322633981009594,-0.008581360882641385,64.58178895784998,0
52.19916060578444,2.533642892801672,7.534438818845635,1972.0441372580974,53.81963731124998,4916.747722879234,0.03621647764945917,-0.1446299092352664,0.5409284524086287,61.59361286088766,0
86.89926179159427,7.780405653320263,14.420146506086796,1901.6327710301296,94.45015871474673,11720.305200455416,7.022020043500245,1.4697649905952526,3.0696258556675518,173.97114268254114,2
51.335802345363085,2.309607686732053,7.59970066075489,1996.028951941762,61.60209073968243,5853.112639502293,2.052798683326181,-0.02517853509918514,0.6606329204675299,51.592806199527004,0
86.14151774536592,8.076951332423079,15.45031627092995,1990.3495655882252,90.69933882680179,11042.989888125892,5.3304692512184015,2.5511412188223463,2.1207457610390543,182.60814656500065,2
62.767238871916724,3.7775828952337323,10.271512639547751,2034.6481368872328,69.84141025016086,6549.189361910372,8.804139885788873,1.1128301709363826,2.2913342362446496,138.5270709592722,1
61.584208742038484,3.1335293529151502,8.990534698236317,2042.9175936070983,63.36920302268885,7774.3899256812765,7.0057505490443255,1.1129423107251142,2.40174957165132,103.93830165110188,1
66.61614897255686,4.39916308303891,10.814075116037095,2121.9187436733596,69.35383994531448,13872.940486978188,9.535183568911599,1.6357088216994256,0.5402554261449755,152.28947252694803,1
55.21880551362506,2.857339443390737,8.88655379442052,2057.5347946450815,55.679013660115764,11479.545868981706,3.7076441182429365,2.9318792743178586,1.4625792576904015,86.96131952289576,1
59.004265972707024,3.4078197762256295,9.520264070255266,1965.9243333710917,61.94549012148216,13158.435210640067,2.7827974653969396,1.3903754641869122,1.200555977288377,105.88529150195866,1
46.00514910217011,2.1005886429444844,8.531479987813722,1961.6725701218509,57.58825147823239,3414.6922861510243,0.06069659687188478,-0.23475424466685846,0.17122386105167767,79.063632115204,0
52.16864247155362,2.3199152731277892,7.341505604946919,2087.2646915617242,56.62485239309544,9559.6677627793,0.7119857366380002,0.005460372470108349,-0.07952389666453534,94.32395165490527,0
67.20093965980305,3.309056125067572,10.662133956466077,2095.1178073531796,64.88904616931814,5146.4792700429525,9.165832724654152,1.723210423049317,0.6896958112096874,134.22869405545478,1
70.88963665404607,4.346329727670828,10.850060477964158,2110.6724603875746,75.81800477987696,10167.060815393846,13.942170765607155,0.973565588648537,0.9376625624516625,164.7260321608778,1
49.49358853361363,2.3760503524780527,7.684896463019568,1918.392618253377,48.519088116642074,1447.2054851510864,-1.3075696587535024,0.11293148960037383,0.11099429054959149,36.602321224155894,0
47.04068454614229,2.3904526719247836,8.039914979384083,1965.2305338508984,41.814221614402264,1925.4553836015198,0.9516123195491166,-0.1135481685850791,0.050356406130832754,39.986594607305044,0
63.35234548422568,7.11650305018816,12.724766617903905,2024.7613679073936,85.86732735036851,18646.54067278224,13.522717175818183,1.853244834021772,0.9283256816146278,175.1625356332881,2
55.24735491227962,3.2118396016119606,8.27708765247206,2081.8821222717456,61.791136080714665,12999.461262084147,14.980160381167734,1.1437579367609119,0.7163038247285312,92.4061096666982,1
54.73386687516744,2.9999475305174923,7.964283505628175,1971.4324011601614,51.208747714689665,2680.2423781998664,-0.668488479884408,-0.09592485690249125,0.2892037054143645,30.752953399746875,0
51.871600352877216,2.559391637545861,7.916971941091688,2059.492710191405,44.005829075195415,6723.879254616284,-0.70189810539909,0.12692604127840545,0.2810042833332067,43.99318903381463,0
50.04246949087063,2.271761427475361,8.07297959554951,2073.1908540350582,36.67556955916209,4450.410750575319,0.21981531494061168,0.11792068033648953,0.260166208887447,63.94451782465319,0
44.47472088445033,2.863068017473649,7.835241325664844,1980.0021630361825,61.24641894898937,1614.8910528977278,-1.1286930007626592,-0.19683455634250882,-0.015757530509805953,37.46973336830264,0
56.00275663797966,2.8562621653134945,9.650684450785153,2063.397465656241,53.69978693825158,13037.687832974048,8.238323781433596,2.025754935447143,0.8225369602029269,81.99373694740098,1
47.85856916812965,2.7120227790866043,8.097614066470166,1959.080784537941,51.91746064646931,6078.93928983293,0.004005301267938927,0.4802220262166523,0.24323404328647577,49.76198060414213,0
45.677459137579,2.717582970032365,6.9573325296973225,2051.3720491846325,54.15616782241908,3601.7204977138017,1.1747959349974584,-0.06675089255825925,0.131509541198667,49.936049631062616,0
50.46198659053338,2.291173982000047,7.731112250499289,1925.1368455480597,63.22028611997563,1988.4868418251644,0.03712491795803734,0.3630127337946285,0.7838452421163916,40.71563207358554,0
60.45052861214517,3.8187734959124997,9.764233306095067,2025.600873111609,66.07104625405222,8110.034863021181,12.867102906669317,1.6046133081427392,2.7902066219780806,108.68067276848046,1
44.37979775625189,2.5435306859083666,7.834478634688225,1924.182214817441,47.591313539628175,3869.7324481818387,0.045684326560339356,-0.12043682575594368,-0.31228467035135343,77.04562165844771,0
56.717561081622065,3.012713729891079,9.057369502280391,2075.5110846245443,60.822478392924154,7004.67114421485,5.705486525811394,1.0887032324662282,2.7575163487565004,100.97333059031884,1
47.2669490300372,2.7159641750971004,7.84364381138352,1976.26282726016,42.22744609844891,7468.02092290868,-1.1541132267947551,0.09203515904381715,0.4784351389460241,64.99989410582303,0
52.38308048587511,2.161746969714292,7.643292710848945,2009.3714377675212,56.66718560935017,4885.179328352987,-0.7315947374932197,0.11986673715392389,0.08919618710534583,16.805495600555986,0
54.262873596381766,2.3031120051849165,8.865912963360959,2026.6651086701575,36.13019849276463,7289.882951455372,-0.5141271781459458,-0.008484806916648149,-0.5896646983320368,40.26359713201861,0
64.86927360696023,4.577440391311932,18.411232470577065,1582.659096433601,96.80147725309173,13765.470698893838,2.9848514269588473,2.4513778306211975,0.8159941497574519,194.08268526305883,2
62.67459558467922,3.730867688187293,9.551967039145715,2011.8360395224129,63.05625414694904,13481.44247296941,11.33100588134532,2.740352910522367,0.7895293490410198,110.07412033477547,1
47.77112866626081,2.9690168222309823,9.226883210536743,1978.3961334051994,69.43765846989243,671.6615553693417,-0.03933006713253069,-0.07612373549460409,-0.19886421289160322,61.92577188673045,0
47.48213307497416,2.363493297252049,7.484797286487868,2030.6777041280898,39.07430156183255,5749.351480917936,0.0945149365843794,0.22280798709976804,0.3172982803508792,29.208539923881446,0
43.78936931946768,2.6127960916509627,8.389113793712617,1939.6624057308534,56.3349333444444,370.6717794359493,-0.15035919270211417,0.09745511765040206,0.04731848926970636,65.72791047748748,0
68.8550709255779,4.514974931243269,11.979390971529979,2069.964143574221,74.89976421348665,8128.561714100768,9.045947859123636,2.1273332900619346,2.29812570715331,166.44640204879812,1
63.682559645950604,3.7420136008234515,10.66597275075627,2003.7740340399112,63.080694032728296,8318.545353909603,14.046730759375976,2.246678763556625,3.7513540079215004,123.6696428553502,1
86.0306159110943,7.492468882304289,13.894637705729359,2096.8190956821477,87.26024070351666,18179.80732421636,9.320002235617125,1.9466268210380777,2.0189067879783025,155.00914243374802,2
43.234124541073285,2.402585501582574,7.394390900849968,1959.2840800630163,44.156963593705065,5907.813406361061,0.12973574103081262,0.02473528849608283,-0.024716786265643307,52.615573639595475,0
45.466097385207135,2.05935543801118,7.454017079857005,2084.670940983939,54.65321223668815,3822.7936372780778,-1.0541772395272015,-0.2710325990888413,0.12647103777705387,75.34459915162448,0
87.4092946034285,7.846546293636128,15.165699301976098,1979.9794753483725,92.74342830570252,10748.93688177213,14.715940470246823,1.879058955982296,2.306628899284414,192.46953018708797,2
65.20128327684493,4.64603449965327,17.784412084304677,1777.6222325685364,91.59941837047627,12321.241361726206,14.186387330097155,1.6981961606572944,0.5711476505095644,173.36437005332021,2
48.98570434031522,2.2255063812237506,7.857643981972171,2003.2287176312823,64.80802124911474,6103.091184681754,-1.0377260078689665,-0.22495100142448354,-0.48892015735168637,45.55776775301101,0
49.81599753097868,2.4387635245559176,7.784457761754333,2034.2853013240742,50.12490308667205,1794.0908419162315,-0.2109724946124373,0.007565045582340831,-0.5196558474410161,39.547022237199826,0
58.061937243981205,2.6885966692041596,8.540653996436667,2030.187632660041,54.31636465236703,7621.981054933089,-2.1048960631010294,-0.1676550705290164,0.07087918108690006,54.17972569055105,0
55.77186552719987,2.6340805944720036,9.09648448803087,2015.1591127141653,37.12970992361414,2644.346899554273,-0.3557434547329391,-0.11425898840593324,0.3814165670876081,49.42051510899497,0
46.351789044250445,3.0573285566406945,7.676232807346483,2029.4515177676992,53.43183489153223,4474.215723157186,-1.0602045728190561,0.04142048274003174,-0.16080043907239555,49.002014612299384,0
51.189014484980376,2.5415217174421927,7.915616957689895,2075.8886391968927,32.23482960369492,450.20149457104196,1.1084959171771165,-0.06542306861830614,0.2412403925748762,81.29360515676908,0
85.5393874304098,6.370415724229371,13.72344873621604,2145.8221218826375,87.52956301340755,15015.381248451888,8.748996214589905,1.1630340144922575,1.8908224070402906,165.368520677856,2
52.93887348350036,3.239814613244425,8.593172602314253,1960.3458064044037,56.07130412674128,9182.66629181861,1.781804853080492,0.22705069476881443,-0.2696928320292004,61.74269929046978,0
58.99078787640907,3.4380071600742164,9.604449309990235,1999.9655751750024,66.00580025531907,11069.007882598198,12.373362833444975,0.7953219620845793,1.3569742050185012,106.9900674686902,1
49.89771726673656,2.8052300635648066,8.49241512530404,2046.1029356750682,52.75692243380482,8779.69150704365,-0.5482637636481634,-0.05218429337627056,-0.03632449640324262,36.84031320729134,0
51.13359293942337,2.912247522061486,7.312860159372495,1955.1231775296399,52.52552627441064,4340.020987599076,0.16113108832721737,-0.08666942195003113,-0.5389939423929461,49.96095666770229,0
53.814424148257395,2.445023280928684,8.586673813080624,1986.70590172863,46.994528541581126,8299.131658634888,-0.12494399850282793,-0.20743226261030556,0.5183905830630116,34.92452080769327,0
62.21548667029118,4.0651072249681075,9.387031451304972,2087.0392518922413,61.68001747607166,11712.219137833294,3.622445012667925,2.4259939199727887,0.9670392029667532,115.38651811686583,1
51.27871579769473,2.42873469321239,7.537277541085727,2070.9973693212814,39.18964315499298,5088.721512141885,-0.6850731808539795,-0.2960571528564676,-0.18789168314323618,57.0409227565862,0
68.26837160220514,6.58467531891538,11.18065226805773,1890.505956959855,88.90468964075131,13040.787186403384,14.229408228546971,2.8962651740478416,2.259034580848262,156.91379079210742,2
49.00810830765317,3.0213650554653917,8.300512291495348,1962.291155589824,59.51143557411993,2449.8110339177947,0.38313280947275175,0.22446483663999126,0.21113011495665698,25.587571375160675,0
52.079868076083905,2.359692118980691,7.943768355007924,2009.9338933559777,67.12204148340743,2387.988465023535,-0.6148146733211092,-0.2763360068220106,-0.011765783114071178,51.30065220959689,0
47.291278930944266,2.8204547322335096,7.66590332802526,2090.687291268874,37.85779810636689,7340.589009691361,-0.612630237691251,-0.42175135489239823,-0.1319298889855261,88.97052084891627,0
44.874360300101,2.8873869156784973,7.636671683869875,2006.9432899099409,49.64510257023743,1844.1932679400718,-1.3716260698570923,-0.014781479542192855,-0.142179761846544,54.60535460772207,0
59.002062980203206,3.635096358443967,16.29549400788984,1654.3288722370785,84.96662252972817,14490.188613333165,3.7219360211079797,2.724944908664387,2.557119353074154,163.79191502450087,2
50.50177175600415,1.9178310288269507,7.950581576220852,2089.0495406318432,37.57063775319593,7081.312168380062,0.16684011284993913,-0.04115755405625091,0.49390791932498435,27.4894761667468,0
52.229324781444525,2.5968480189712277,8.517230572747184,2060.774203917378,60.296432478501174,5002.120105778634,0.617839953463027,-0.1095418614196734,-0.40400381097807303,71.48013617390247,0
45.60941351379659,2.499893390567489,8.13524216400173,2017.726464419018,42.33259861244627,494.0354760452048,-0.10530251873981337,-0.04651948208184597,-0.55054865030827,30.868193995216956,0
51.27555389283361,2.6488100506744727,7.436938830472241,1980.301592039053,68.07952989044009,3158.5999848096913,-0.20973725405717242,0.3077530236026136,-0.02956356416833987,80.18349550018397,0
62.89738687982939,4.197543343734388,16.49711266334527,1639.841443177232,89.67344303650123,12369.831254173612,9.700374241300954,2.667861571452802,3.8813154376402723,191.01905183190067,2
65.87576097384691,4.595647544445054,10.00896539471255,2125.5038589801757,62.17903840212791,9237.08269091033,14.59936995119061,2.4889372623413077,0.618202607747956,133.91064914314904,1
63.02113065973634,7.115169860709566,10.147450314126019,1864.0072028237944,94.58932640310235,9491.197986359408,12.31135847675851,2.138323959727391,1.7191213207051514,176.22602703295928,2
92.51145908287819,4.166732264544669,11.80947359734444,2126.460395158879,92.30463377039244,16454.772753039073,3.6284102816132497,2.1114047281739583,1.0308793255694013,162.9625529290517,2
59.61079232342234,2.61603605762087,8.93693140563383,1902.5895427689538,62.15373366432025,6872.730883539822,6.517122356532833,1.6894405907004515,1.5352249459627907,92.84430362552956,1
58.90801891083661,3.8524118859053957,9.527382980080894,1986.2028134502061,61.31127886395503,8385.973542066728,2.1450420190572776,1.0017538554359313,1.919983351088234,103.09421912983731,1
55.02226473966474,2.683295004714618,8.19493272726747,2047.2161221560054,57.5603688501925,6084.418652305245,-0.6021793504688688,-0.07533683068615303,-0.27671538871850615,49.34604727232053,0
51.77766921471097,2.4932718805253606,8.497497560936221,1984.9113861443457,65.01823207630561,9101.973807965524,-1.1693224300167833,0.10981252446666707,-0.03720796956459482,44.598588441652964,0
49.61409223451138,2.8125089672562935,7.407158104378046,2037.3519463371817,50.11501307908088,2576.5119242502697,0.5445184501466294,-0.06242250485387845,0.741741462136005,40.13619125822795,0
54.553966404929035,2.6739899895157513,8.421391140795444,2071.347719723649,59.60740891359932,9582.421821632699,13.135927468736083,1.196351589413706,1.2133786816215448,86.3834760596207,1
62.57378851140018,3.368912707872258,9.146955753396794,2181.238206062,59.372774258916586,12642.009688517643,4.345603448370742,2.82069900146607,1.0261062419304903,109.36934584935503,1
60.59494661898831,3.265458262231429,9.583794617542114,2019.3738008628775,61.028033590411994,13673.984725382526,3.3772510372377145,2.931348969419727,0.5174945879068689,118.18239800553205,1
66.56918286897437,4.381574971948385,11.508606756010389,2000.2694733561216,69.87694798871621,8133.747282810678,3.5087100444313064,0.66609523582022,0.9034729694861499,157.08607863542773,1
62.937787332747966,4.23385966258165,15.698450988220399,1710.1779812300856,82.78259835621282,12528.829221371749,3.4489858093657775,2.4436618680495394,0.9189118652004742,155.50393364214162,2
48.0565416976039,2.8331143480572383,7.713274879158586,1991.9586400038547,36.31667704107071,3114.5137382027,1.5418031269701087,-0.2881991223384003,0.1191830193096071,47.38409998362661,0
50.18239547429912,2.5350409393080486,8.149262163027615,2029.38098002983,52.74336148085659,5090.827839082518,-1.0252741084420245,-0.2119999956228723,-0.1641248723605434,23.540022993926158,0
53.366500735414625,2.386626301403823,8.172953457031523,2044.8387340201593,40.272392022123995,2403.49478523577,0.00031826291387288534,-0.3603577058706323,0.602767940441714,50.112915832178736,0
49.77875885973763,2.5687429615581308,8.076296759834179,2033.8834024411744,30.163177306952992,3111.121380996277,-0.057457401003369823,-0.04638808809629075,0.21514061316336652,94.69335067810636,0
48.4118898323793,2.1685873496595396,7.278231555319481,2004.8813082938796,68.9731436227363,768.5014670629054,0.28198313669119973,-0.12514830260770105,-0.37749793241360874,52.29348455941356,0
102.98690781130662,4.939504754305612,12.82041730657307,1924.1600010848163,96.38338964025698,12290.970424347026,2.9207119315240027,1.3299974219511843,3.373357851477856,199.11054770339516,2
67.37512466388785,9.56553843644306,11.957361703061212,1808.2426939429006,87.89304434501892,10790.551937321005,13.63991598015548,2.8751144848398944,0.6938042934862142,156.7900638828973,2
56.66289347637466,3.7633593637626324,8.791523173700332,2023.7629646773562,59.64685520337152,8020.326366243469,10.714319427655317,0.6259538063299598,1.839563351468683,117.3541121220676,1
47.91582871160198,2.4273583391872213,8.486427171772542,1976.928052944634,54.53634806140066,6822.94424293312,0.8213271363600172,0.0014778803216329716,-0.2853063150803139,51.97837485660075,0
65.58765453496508,6.026129818033796,10.316049931642103,1868.2654000866887,83.58703392502746,17791.66529333714,3.4502711802007364,2.9887014948043973,3.205354721689136,160.98785155706628,2
50.16225623831454,2.1359230328991665,7.560039698747465,1957.5647037967842,63.18116997529942,3806.4442395943465,1.1989094501567816,-0.03445117895497727,0.054921033034079234,34.04884214253069,0
53.65947429861531,2.4170113989063435,7.973169576219112,2034.2801774109194,48.24588203993599,5020.637296707448,0.9181245966034564,0.2437882975795741,0.32153542053373896,59.045592151190895,0
47.549282760888524,2.5846491215841496,8.712406093183137,1880.375758422944,61.61927114653456,1211.2851707242123,-1.7920493859434081,-0.10592227805049366,0.313349593242544,35.91369702512221,0
52.23545356830759,2.679387155602139,8.125052180173219,2039.557463997018,43.33821313088965,4272.347325488707,0.6833095066509058,-0.011250360629887109,0.24985431279268733,58.521764171719035,0
63.933285014323324,7.560120555216091,10.937741798393382,2192.4291134088653,88.08546830561657,12980.558729223048,11.434055848812655,1.0447653314413285,1.859294229146382,159.1407463043302,2
64.43232436210508,3.7158254884198745,10.501709928373442,2035.5624122260265,66.49550430830604,5118.659166912735,7.521165084397411,2.8171742791956214,3.7319040798174328,143.43045143117075,1
45.27202422135346,2.4066193410684846,8.096087005702937,1978.6104663744263,62.00210827265725,8801.046413603262,0.8791000055047116,-0.054870585394965865,-0.6098143117884334,19.048095813156557,0
50.4419070815036,2.384528039818999,7.953622449856276,1993.4183108627467,38.49279386259332,2931.3560351763267,-0.19761936156321672,-0.06056304423799089,0.31754658974710487,30.756334347242497,0
56.76470628043378,3.0551056475681326,9.364173846591678,2017.4033068697313,61.598762503471015,14793.208915800982,8.257176399877512,0.7161999695786654,3.2044614857303153,85.8098730902056,1
62.27885364890805,3.969711757691286,10.095752776263234,1989.4676978977577,64.360047091303,6329.8318442482,9.945480675501205,2.208824509908841,2.942888921357355,132.16520552928228,1
47.08760743918364,2.312106825919401,8.656495860486993,2099.171257971648,50.13253748379633,2960.5655855068126,0.40763170585078917,-0.05490953569182166,0.04218360068928634,41.88782531596901,0
48.14761575477499,2.2306010004450445,7.576345828433363,2085.949520860277,66.21027508492449,5279.550298088507,1.1994337593350617,-0.3608288724238388,-0.23079341992358868,31.862636809137445,0
99.75097242918241,4.613676103051752,11.829735607370933,1951.178603618526,96.06690333534183,17144.13317138337,14.946542789232794,2.45234315449541,1.0084353677449476,190.72670786875707,2
46.82996262527844,2.4590120191820315,8.068275585859666,2073.6595756487877,67.77798276383014,5893.081445258203,-0.7804679879042188,0.008340200985824818,0.0420235366610597,47.18938944311243,0
98.89574398494452,5.189746432362176,13.21016959825604,2163.8153019601245,91.2110236032864,19446.12692669475,8.660864237659833,0.7772830705669924,0.7814891911060697,173.6830611154221,2
45.072542150165155,2.3433812737677284,8.032435319497418,2002.983578105589,41.90422717857634,4261.175442296774,-0.5609016089392473,-0.05102275517991786,0.0567680660733601,63.84344773211761,0
49.286867029033374,2.074354855972642,8.235038337372483,2011.374158759829,67.14925663005411,5200.290834508997,0.5220050519028732,-0.0466105376255731,0.12486699035085219,77.39100056543793,0
65.67287378647576,3.787252681899065,9.398463285854465,2025.5991780123272,61.977764588746645,5436.726295660077,3.138534824809891,1.0122977808205458,2.4635389585901275,121.29473319628204,1
70.60257941560344,8.44923201107234,12.104838926208844,1664.0056318760337,90.06316420484718,18104.182024370584,12.990823198331544,1.248764297498641,1.062170725977149,192.96754891177022,2
47.45908369839364,2.5466279897555477,8.578477945425412,2058.649438861407,54.559496285264984,8765.605018630944,0.7977864783896218,-0.04827907537333017,0.510925426067922,18.18458008725067,0
44.63912700671879,2.6876970284336488,8.043010424468182,2050.0271978734577,53.51575632869735,9456.218111148833,-0.35583493534946287,0.3045723443405975,0.6509618060508099,43.217011898803776,0
49.210181164173555,2.3278844470864293,7.638305398837769,2041.4913182914547,35.23036801343679,2190.2259846226025,0.9944984014120328,0.3124024753918511,-0.33416103643768,73.56282151918282,0
62.15664786270533,4.533097363068341,16.13253985970556,1561.4563337893314,89.03473623749021,15057.78978109623,9.801963445205295,2.203752502947708,2.517548131920341,175.32966607976653,2
50.25499674213624,1.8827853709186875,7.069224219008583,2028.6238000546375,42.33923825580717,2608.6152319100065,0.10525998139383892,0.10115860628378624,0.06380384819608324,31.87091305677113,0
52.96386752520217,2.3136877194305754,8.172365996518385,2033.2788779223683,67.30325929053767,9050.270638610638,0.8783427002887613,0.022040097752958638,-0.28432592880026153,52.15537758191217,0
54.985099992098654,2.7414156948321193,8.106877974259932,1915.7298763019153,59.18324675664962,8538.68781726208,9.503112476149113,2.9647356997550633,0.7504221488969061,91.8082218074984,1
69.91148444288537,7.491060921556248,11.542620731518745,2001.2112478746344,89.83019152496709,15187.08135213263,5.454728647539055,1.008233910604154,1.4583318318197795,168.88832471318563,2
56.03512086518268,3.7131094864456062,9.710060870360678,1994.3746191368334,58.68978656320521,8784.00561190928,13.41601130228786,1.4206290804986894,3.506500990301797,93.14577034419972,1
51.47982585451373,2.116995580450972,7.626528955099851,1977.2774229496592,33.46117485591118,2416.97335797442,0.7184298297881737,0.10056112555212396,-0.12634176414857037,63.25505230358769,0
60.19323709455604,3.428180406739086,9.615694635752554,2077.7904069482843,62.06000201558665,12702.738889138784,14.929739628527097,2.4254782427813515,1.7306027463391445,100.73186539234366,1
62.930757718722816,3.6091290824852136,9.510852348268926,2062.118413018471,62.85943286016509,9817.163192525484,12.030687612958237,1.4477063033345718,2.981428738978671,110.32307145438523,1
56.03698574526551,2.615797243305803,8.143328634283575,1952.171048760771,53.90960313031648,1470.9405139686237,1.4581924771811208,-0.1096404978298061,0.6623787653382557,37.79708120740324,0
67.43150003283353,3.6503086234325863,10.511994455113282,2087.561345412292,75.61944853387298,9327.418256623729,6.8212102543530495,2.767750903624565,0.9140032706358664,155.80741269982732,1
47.112708883053664,2.964495311615024,7.322268834742174,1970.2346388283925,59.58426131786389,2271.7011042737145,1.3170219744805909,-0.03473867510218898,0.06893302810047376,58.57543641978299,0
55.32752682306295,2.70217554189377,8.220592339237292,1968.5374671528937,62.58369494252871,8778.714276763838,0.01739125774230765,0.16131551352450765,-0.28303205179319696,101.2408909766474,0
65.84362986420021,4.898963180131412,15.270987032070922,1732.5245961510825,95.67601272173073,16700.305079046502,2.412502695229759,0.7942251031559819,1.6028864750354481,195.5769184371227,2
50.889807685642474,2.693155408428609,8.587729439944338,1975.9558142097087,42.92779485884148,9907.561499491028,0.6266035985355202,0.11444208250032112,-0.19632826492340247,41.186419095712594,0
53.45496178251581,2.2877535467857384,8.054783360222885,1935.0345660942235,55.12773199287692,3851.6548587896427,0.1397887546838029,-0.02115503797766357,-0.12679603663191788,34.43945915156913,0
65.71473128440302,4.091173099867755,10.095812515309088,2105.950226354928,66.63865914850412,11883.101436291367,12.331693629511987,1.9445419097323722,2.298118622848284,134.47803772808066,1
60.35742738759155,3.6495884701187227,9.87293831142324,2102.5627840643515,63.883106380121525,9699.548634486855,4.011698555022442,2.662335350925704,0.6838688543989787,114.38260918404096,1
46.68330500828546,2.392973567528672,8.921688184466788,2058.990990018255,65.28374909668486,2996.679265400144,-1.0773862315976253,-0.16211611305905857,-0.10923913584952455,78.5281729677479,0
46.84359567539993,2.3846816026498807,7.984367774481479,2033.1722414431547,68.3435290614096,284.8721635707985,-0.20191367890408315,-0.06424187223368524,-0.201911319832473,34.17512057790226,0
50.26831541816333,2.288267604589478,7.768501277052998,1989.704551410707,60.128370756229614,6534.297692621307,1.3727518839662878,0.08212614511252136,-0.11690701347232293,23.843239422553513,0
55.309768330554,2.600228292840513,8.305302933567116,2054.150481528655,31.889819573945985,3512.167621213965,0.29976603689096987,0.5518741544716124,-0.030170378346166194,37.18560926492076,0
48.02538802598152,2.525801893917482,8.75515520925007,1977.6406941589617,69.92031798269954,5954.432141469534,1.881128959710654,-0.14545413517562442,-0.03772923018044596,20.380307545121987,0
48.71857125690791,2.7443736671452705,7.770582535633553,1845.4429793674683,50.82804492827261,1345.7100450481419,-0.6596081521252573,0.23843588682380534,-0.3062536677176959,61.53409757766292,0
49.255483837245784,2.70514163005722,7.702385016663346,2017.856855731126,61.955012116206234,976.5566384577162,1.1023991947035794,-0.13878450188393585,0.30547396635501023,47.881656763399064,0
51.57150927646158,2.5740857758167506,8.1429434703521,2001.0530059475516,58.32098005083748,4295.262941900801,1.0579691172976353,0.008619921942275335,0.02073340028538738,61.317343152757104,0
49.57654968175773,2.019066411620912,7.6703734446858745,1915.1977787124683,63.37867220261973,4719.87585879563,-0.7149505820800817,0.04914521827967435,-0.03132799665630123,82.02323162987231,0
47.47629133813724,2.5703756239528524,8.637911166781395,1982.3581724607654,40.48256210564768,9140.96136095232,0.8974276774592739,0.4561270654284528,0.44548912691887793,37.674895357948294,0
48.16756106098066,2.8228327718318575,8.14602702903947,2006.6523966435213,41.196751890822824,9810.016763629877,-0.4878837512145335,-0.01891889884787995,-0.29379133638495053,42.04505198841471,0
50.92499877898596,2.457246157065675,7.730226854293091,1925.0611424165772,62.977134563461064,7585.83511871107,-0.9376196057167191,0.020605399464540052,-0.16354281744311427,64.3656800742695,0
46.88963424687004,2.631491190123538,8.38237089236268,1959.4264440131956,32.29925021650894,2027.4511267187468,-1.3604423266726935,0.03453457725373614,0.009246276315561885,96.03711687851902,0
71.05849466193852,4.134165718618527,10.679935176842447,2107.101330058429,69.20663716636844,7785.131389244698,14.06604493135394,1.8423295732095266,2.5275693852220043,168.34079053634662,1
60.12485848578927,3.9893145409837802,9.434143618859993,1876.5204857757697,57.316526468734715,7474.935070651185,5.259178075155487,1.613368350058502,1.3269422334740901,109.89937251861944,1
51.13306382952123,2.576456355071044,8.320024892936507,2027.7317741791219,50.00640408332524,6948.828070719497,0.5142007690711226,0.1769261339655521,-0.19375956091378418,24.717286792134434,0
51.72686939511318,2.7113843618196665,7.628577117838397,2048.6291483468967,60.507452362755174,1230.573942635348,0.19519320770639118,-0.18261308321955338,-0.0822798026573766,9.123255113867437,0
57.19103754211076,3.339427678171099,9.52943205013192,1890.2845861865678,67.66023708365314,14360.18120588765,9.087101597015693,1.6398994949876218,3.3285640339901104,116.00475779969284,1
65.10875083876422,3.877048507092374,10.74584443359563,2089.916161536899,70.09028578449146,14322.238378405713,7.8513159353838,1.174745622935347,2.167582706360699,159.34070619090272,1
51.68148815552264,2.6286568648129602,7.748875952604984,2020.2255842148538,43.442286626493456,2139.7101999311453,-1.6567585530623832,-0.10626960101129622,-0.23259531488294882,41.82279100519815,0
53.23172278903247,2.9579093640229304,9.634625358756438,2092.672010185424,53.97695306455684,6158.639214879014,13.760138086248988,2.4794958269590657,1.8631971228248618,92.95320372548204,1
52.46633882834005,2.1266488748961505,8.072341423661612,2027.8452830771198,31.057824073937294,6507.181271207004,-0.15910284520564752,0.10011567410523343,0.058378387738842547,59.88954302428929,0
49.1869507621375,2.410910205575398,8.37300866886958,2083.0109758606895,48.22174283986051,2633.5472838207907,-0.07680812264079132,0.02185359217740336,-0.05464735053444696,48.228738260556305,0
51.31631021311125,2.110235207745972,7.370769692970257,2013.0011657068358,36.170594757172054,1169.7696336797915,0.3864958545865518,0.18073343742279038,0.49848847671062513,44.61319897372729,0
49.16323025965835,3.089892029631934,8.961710117872599,1954.121571067289,48.70777820210769,8200.129992021819,0.14506210918707532,0.14056544944997834,0.3007681960291269,35.57719268075408,0
50.126917655926384,2.225581115266382,8.512234319056125,2022.4368911097831,68.20849620756289,8733.380858609853,-0.014606320200620365,0.058749812795982494,-0.12735407977336705,11.342723678825536,0
64.29942048799687,3.848831331244091,10.210133549407493,2050.3462625577176,60.72105398374611,14865.573049877323,14.58018599116232,1.2314987853640575,3.6185132870962895,125.65309485864043,1
43.27864310162408,2.1845295802507305,7.968235189592882,2046.1681939903613,46.717550139555854,6395.946103732368,0.6564713494475523,-0.4460352201381431,-0.09942458015028781,49.4380400761009,0
59.750834673006466,2.893179349728587,8.84679640246136,2087.801811173461,55.271787057920264,6695.1799339534155,9.892552369021828,1.1306811282920837,2.720007950374765,88.28156249945802,1
46.25541733546796,2.2727998759741714,7.413794418811779,1985.8542098699997,42.78826510089639,7778.801753249311,-0.9805203224490269,-0.003531260747508629,-0.019898617176753345,63.56717826667462,0
48.36505911929258,2.191232343027467,7.652301032301903,2018.8295138342364,52.81835397370958,6935.227662041479,0.4852128318368331,0.2080951598179393,0.4475694185847413,85.93694687205709,0
51.07145687218688,2.540051546664931,7.886819282267776,1971.4348939496658,48.89006780071601,2322.911763691231,0.8641492077069519,0.22072191396187898,0.053893555652463336,30.22973782362662,0
51.666169134209255,2.370063212346289,7.975436396582194,1966.4553677787646,49.01246249863652,5701.223973575164,0.3228292947612882,-0.05259976797303165,0.016179195318568103,60.25191745557436,0
47.51920259513433,2.860835918712605,7.699585912553977,1976.9051781126173,39.397561820203876,2273.4977282978284,0.08790608190616135,0.057371434728407306,-0.01371540491125932,24.537083131116624,0
45.103598787914386,2.8273146915747964,7.692605130438823,1963.619761822092,57.00394752701068,4080.356789895158,1.3274565936615028,0.010871997908222488,-0.15058824777349494,91.51255613361455,0
86.78138573947065,9.532805618438134,14.223413000549566,1898.6697711666955,87.48439602752386,9059.225245334583,11.94548054504716,1.0345609446737354,2.36442675866547,164.65272933981382,2
51.678640802907125,2.545097165978566,7.5520425622150364,2034.9472457002992,68.84552181155442,3070.869310245482,-0.08533970853594725,-0.57454244328929,-0.29500550717501595,78.02264472805466,0
50.41745251715685,2.702101555263477,7.5949114999752165,2039.5575763052404,60.461636905176945,8284.754400232167,1.8302551889382326,-0.35187898971540355,0.5851818831558033,36.92674305869458,0
55.848033660207996,3.04970908429272,8.189288429320348,2053.5863936444925,58.18060566655164,13565.235620796813,3.4602608910192663,2.7910953582235614,3.720714984966483,82.18959385204236,1
45.56945498132829,2.1279500629307444,7.651357784609356,2063.6379846338455,68.26315239578969,9949.92625304738,0.09612017842982826,-0.40013399806905015,0.6192972573679132,80.00486560888746,0
48.83854710918295,2.4397216594152837,7.663743868494978,2009.7806259319232,32.80211758676097,6215.705058712216,-0.5081445204864287,0.02025722661766334,-0.7028194459530186,21.17005058992596,0
47.31692796184447,2.7938096831208443,8.69577182520645,1984.0236537822127,66.90225561842274,8913.22973049878,2.280297638668623,-0.48891578034698346,0.32841972999850605,51.72830626792402,0
58.89257139736297,3.1411884159553534,9.60540231159358,2034.9340386296583,59.26674230820273,6812.066817269355,13.693227813269802,0.7161965108901776,1.4109311799926108,108.03792756908106,1
44.92794558442263,2.7799268293824437,7.28811536832717,1999.1098149629124,52.97096480901942,4078.1680827965947,-0.2696710720708144,0.2235430265761178,0.6343235822070872,24.223517212119745,0
51.264540941469384,2.350468605648018,8.462898521716484,1943.2128553552466,33.897078799088085,8218.466603180132,-2.927059842508569,0.05651073014849988,0.3870287438050151,75.98667347315487,0
47.89135533553181,2.272652230261618,7.099575581442769,2029.7520186359532,40.60991249873282,5057.37665531036,0.24562678922221867,0.16550742021851997,0.13864027316987165,76.49420894121309,0
61.49340226090294,3.888760065142052,10.476591234188655,2239.2918341804343,61.94522787992851,7312.384355991857,2.9598545335022153,2.2954374550063714,1.5124634210962977,118.91668839139662,1
50.37761999006037,2.7386449874047254,8.176127664451789,1918.5059077824658,50.399258994559624,2380.788423518807,-0.23884891094708938,-0.06356804079956348,-0.0832772209095039,40.03660829633326,0
78.83462786413732,6.6651716008008774,14.326268366291835,1639.2861641594666,93.35613181875586,16818.309799455397,5.259918120973994,1.1578366170976806,3.0616563499051224,173.09415193586221,2
48.74735763244918,2.7809317668030675,7.986762237631076,2003.0576579145168,65.61132960741881,4217.090849064403,1.9817131798705863,0.17098498347184546,-0.3538745350869975,44.91554801097128,0
46.89118885999528,2.461863583742602,8.191949032791875,1964.1717372780874,51.11421679145817,2819.329678209285,0.48563279310541185,-0.21827227108228586,-0.11777234967190903,68.19781472366581,0
51.01245202746459,2.784863518573024,7.7336521605074795,1997.7295593061356,66.87847948971356,3760.882271326291,-1.6561850919751073,-0.13135172176072984,-0.09183247153289267,65.4138172587021,0
54.54773687187859,2.5009001925339605,8.732360663937236,1938.0276032625693,42.16897212429143,7197.6230996994655,1.2268419411695035,0.2290368200009849,-0.29845172484991084,58.446891719113985,0
92.33275340754172,4.56093075476492,12.510431128392332,2085.260038785959,93.80213436982287,17457.835743375043,12.961026726773943,2.553200967806976,3.4268640204999303,181.3588729852793,2
62.96996433948818,3.74826362328381,9.10270644849609,1973.6749312559887,61.70603141795591,10512.833960293683,2.681770372581279,2.4474270475421,0.9859818545757068,116.3447962345214,1
51.016111579821114,2.1006469607843137,7.565984111245194,1929.4466196166202,67.26596443912511,8472.021799769853,0.24610641578230244,0.2232722903668595,0.10440525714380545,59.15666097844494,0
66.37851917065777,7.226589757875589,11.984668248592621,2168.3073083514273,92.9569670796752,17501.56913664382,14.61381461529754,2.247230565728598,2.8291057099362265,157.8965782259862,2
52.564577587016224,3.201584236282386,9.89546126866735,2000.5725745517736,60.761205545827494,7431.356792123921,14.105304326825614,1.1487939239506348,3.5462018838234037,96.9878602924434,1
64.27490168644336,4.306437782403477,10.372408147461611,2147.666381076596,72.02676657860967,11599.300540729055,6.862787473949265,2.408409943322264,2.2846405498632567,135.90143981525034,1
69.40296584779486,4.339767580188534,10.493463904926221,2058.6259439918863,72.62880975806716,12644.518062296691,2.9464196805619496,2.427274354700544,2.737065930903731,155.0116400174255,1
47.075456421638364,2.5298541352469495,8.510008846607734,1970.0721950811333,34.03156126772595,4593.8781110404225,0.6109087151559718,0.029320915306609352,-0.19199209912379192,58.418154825067944,0
96.09874006651947,4.89302638214621,12.906872129674426,2084.039632453653,95.87615897390694,17093.659121915898,4.73297074011356,2.478996163686287,1.627242763446803,176.5080938535605,2
66.15230929952125,7.66344227698582,10.434739813096797,1911.013907000446,93.70652658839145,8588.911917394453,13.224141080669009,2.2590800904858392,1.5401668471576848,171.95026790450657,2
50.223156684095684,2.6863543257594897,7.814953080072179,1993.694525403718,36.63137001955279,5981.650150625061,1.6250021805662827,0.016539042611553464,-0.10507842325605078,72.81166168684604,0
50.786431629975276,2.926624109357745,7.615457337012653,1908.084246268063,39.4230389383211,5119.984970358318,0.8094856598010821,0.3032815610147054,0.3092533259130903,39.92963639451474,0
49.14761531906438,2.182095652426922,8.526769479733115,2054.8627510414876,44.660937708654316,6966.079044491871,-0.13992459195007642,-0.05856312699688107,-0.279847669689162,61.4417965616436,0
49.30077747268113,2.286864055903067,8.185951303766675,2017.9631351547503,64.49450131203338,367.0402948888152,0.001224861969315426,0.04577060678732925,-0.1964045668007586,50.42287896571228,0
46.71886189383163,2.3143586564156666,8.12129938709451,1935.0157201212196,34.17899268688922,8216.445541324298,0.27327296522745886,-0.3023821019921821,-0.2989182909247199,63.04320544920567,0
56.13302411346171,3.5916645155869786,9.066928398304759,1961.060305795365,54.50086545100081,11727.726814184227,11.212054945696766,2.4021001341506403,3.6320467428305663,87.4610120180489,1
61.948546569655385,3.342647623545129,10.361731133880216,2083.969432619069,69.81632045048259,11197.124717248938,6.9412277919625245,0.9162344589846045,3.936167242287871,124.25922000691095,1
84.34886238486013,8.92962305297889,15.0503369859606,2181.4321926867274,93.00254692454396,18385.06548929691,7.124726929167482,2.1348145296694137,2.1306681370144864,191.2033470929494,2
49.85599180496696,2.329843510416171,7.811604506060131,2146.177683125698,63.89641490027275,3111.2397479181654,-0.2354029112864171,0.1873100859175495,-0.16324785551129758,55.122641873183426,0
50.11150179688906,2.7806273838468845,7.589792961050048,2006.36963087771,44.60875016629471,1562.188607805014,2.624550103648439,0.26830525423805107,0.19985156092245918,57.38473638522618,0
47.835455665742096,2.153212124070869,7.934933464135631,2006.3771824734795,55.0902431335473,130.85883842810176,0.5305862065927699,-0.29525558328644536,-0.13689504900576957,11.669295863371104,0
60.44084198342798,3.0092776760339452,9.200704184067375,2035.7917361567572,61.92582639238863,11200.92040752278,3.021898459377559,2.3687987371024652,2.3273551063147475,101.11274219767108,1
56.2247675044708,2.8870577649811957,8.087429148129452,2015.1688904350056,42.07697417964797,1181.3296756419256,0.1475991755843489,0.030126868063688528,0.303224979870918,69.24165865482593,0
46.339364237185734,2.7785293915809137,7.573048648347594,1941.7576474601647,50.81585466067417,8044.5392332862275,-1.9041936436882452,-0.002557531596306528,0.18338856696378933,62.772310452764906,0
50.91816609815682,2.426070264225178,7.705484560546929,2003.8191494843636,65.6333006586857,3490.0598435567376,1.2411690959787167,-0.2734499655685433,-0.36774587175865187,76.96112375297463,0
56.32373629210882,2.7640536869360632,7.975323807205398,2057.1266665244616,55.82784318272887,544.0882781587519,-0.30991108744292295,0.14152570706056075,0.21063640582148216,54.46268047986115,0
65.49808929678981,4.024220929550277,10.543846985677874,2154.1877289035056,69.06569649669785,6472.684241652119,8.112179837017795,1.252494119209166,2.0118972207497072,137.3933471730079,1
57.141760646375964,3.156649598362967,8.761411166670465,1914.6744674415627,62.99692888852141,12070.841012148438,6.256964069789082,0.9481970555917578,2.6646740298992775,93.423598424158,1
61.63511055930424,3.217221742223921,10.19573895538006,2077.526179647794,63.83455390647068,12961.240546835277,14.913586706164988,2.291525937130573,3.050096610604924,123.52604154900516,1
94.02309582741239,4.308536967852206,11.112975199598486,2009.3563723853822,90.62315508942372,10640.688886065722,7.764356862971977,1.5790856842617,3.2059282468296684,170.21648577876095,2
94.92897871361757,4.716694659678391,10.83398188777942,2235.543844741158,93.98775084082178,8254.50962295847,5.956434094650995,1.196682881617501,1.746712593202719,164.12794659565202,2
47.30958086400252,2.2382699676433293,6.767863974134277,2006.4963696026907,55.57120407939634,5144.011598676854,0.48634099766556027,-0.0993178039436291,-0.36021449354202634,48.074470804014766,0
51.94294588113093,2.7842428193706934,7.027615101574813,2003.273376591986,48.42088147188304,6364.835371380434,0.15020286930002552,0.2039429629936167,0.14587652231552262,28.983336501088832,0
55.721790527612875,2.446909199697034,8.541635599518242,1938.5756341073811,53.24288246591274,4389.3910692839545,0.307815013556337,0.12733398823226752,0.34560669085361306,39.44370380404085,0
64.28564984105773,4.641421541686053,11.353471775209362,1959.9890529564489,66.55931145881597,13199.143504985757,6.81435999197495,2.0759299734138725,2.246723702266963,151.2515568957348,1
52.215335498543574,2.916249499600841,7.902000328414928,1994.2529057202362,63.60936269461164,8848.940747518576,-0.5028308938186279,-0.17709312522622359,0.08155774433781622,47.29466639650091,0
48.817992490704945,2.37611537117355,8.27631442546176,2016.3693095251517,45.734696425330725,1360.7990436635675,-1.359801617249162,0.0803715677271381,-0.5580525461285369,45.30524365972248,0
56.089513125602906,3.015747923600084,9.431401047893539,2060.2398501878124,60.95885455759398,6961.006523966162,8.243686005560527,2.006814863643185,3.7624813439412303,96.24454388755214,1
46.31458619983526,2.516633498561745,7.30912523179476,1987.0631549085604,63.44744833260845,2547.362776375129,-1.756320267135853,-0.3157726071298213,0.11452957086688742,60.84872437246172,0
50.260942311013274,2.2793529727922337,7.174712470016673,1973.4187205911373,61.70483752829621,1286.3517189899942,-0.3550324108891321,-0.14366977193945582,-0.45100181914270016,50.96906990845497,0
60.66342187406605,3.704943707148882,9.533706235077789,2055.688315729407,60.12395707953446,8252.316876781839,14.48979117033045,1.7805565997684187,0.5259474558488599,112.1787713083391,1
44.16256468981527,2.3502689527587877,8.921061053944197,2023.9613775834978,46.181960489316104,7314.817464249069,-0.45790576499444,0.1933466640689015,0.18705610661349767,48.1123084788063,0
48.99881490831138,1.9011364007353522,6.883363973117661,2057.6800904903425,60.974751487286724,9307.064096644459,-0.01425501030712532,0.12143056230010336,0.06949795061952281,26.99222831765517,0
56.70116611388951,2.3081405532509014,7.915628330854144,1994.0260911963626,33.8839080623625,9457.774131399048,0.9864685939910025,0.08111447381036022,0.2761038031055785,39.875293295952545,0
45.301286960584925,2.50620415322494,8.402482448766655,2015.3988822936067,43.1805687943387,6191.859397698841,1.0872844175987442,-0.12484273509681638,-0.6285412963989269,43.46384123046148,0
49.91315985398589,2.6761228203541725,8.33546846940511,1943.2255932036383,48.09525918164571,2523.000808384197,0.5164439904755908,0.0931573564212641,0.4716379009416434,42.53089597165166,0
53.162888438220804,2.384440288812094,8.364784278010605,2040.7059571016994,56.00995372067419,8536.174968395771,-1.3435133108136401,-0.005841217417024529,0.03333256843438735,51.41988875942974,0
47.873525707268314,2.765937730640936,8.079091750423604,2019.0809119549908,52.77103948729589,7798.701579035749,0.07141185391531309,-0.01651769262162447,-0.040397087934222614,56.24598728407214,0
46.94050657749206,2.0369203851481514,8.127853104210278,1990.67442452822,36.19281637805736,7592.476519683428,1.4029203093562759,-0.23923543292295824,-0.058803095697905754,42.173006124660475,0
50.59467557987588,2.834550368207815,7.9689725741036375,1925.9170718371886,32.89123875065236,5617.123862977665,-2.6195050832457616,-0.01617674434470807,0.15530525816640975,73.55410956263833,0
47.59683977740117,2.6315939244256934,7.917794074996291,2016.517189490567,56.259610897720094,6067.556811419047,0.8746427903200078,0.063062548083041,0.30790141512666386,33.17207321335154,0
49.546676683520346,2.2761302086899966,7.755000815169328,2044.8397991681934,49.29055533251504,4886.385681536599,0.8942490069679787,0.05496109283105989,0.005539000890953245,23.889067440230875,0
51.418627352164414,2.4310038845495523,7.544905594132983,2044.891137199502,58.92717044368973,8322.536107155627,-0.7642317171041063,-0.1217508492236674,-0.1051352908641786,41.7105690757235,0
51.06253206168863,2.6451118883933877,8.113574218775641,1969.190819722328,36.05899072867305,622.758105109562,-0.20149189991337269,0.3191869566842353,-0.4263250131298701,87.71782560857278,0
52.268956821907466,2.669714802640964,7.940906198196941,1978.1955323825703,52.2926614828064,6051.834227669173,1.7352275555184793,0.14057497398343663,-0.02803758403512981,57.97488489798372,0
52.29250339340145,2.9937995674056053,8.771374393867877,1929.5955376386803,56.004461217606455,5849.684753263367,0.02946571864601922,-0.2905402445579441,0.24859577781748018,71.077159373035,0
47.04309885664071,2.4691917791072746,7.71174216795548,2043.7696836916416,60.67463456996376,8145.788915089027,0.2819154560817764,0.08718487341714004,0.6026472943057029,76.48659224788186,0
49.3802539090406,2.4458040148046276,8.257158217266413,1961.430798429292,37.385141732588984,9752.897702157738,-1.175019136928643,-0.35683895440613556,0.3695288128257644,42.566556297820725,0
51.43408080993029,2.802253714418608,7.649625116654852,2034.2839182509936,65.5626731889132,1297.8527736473911,1.5302259798257085,0.18532088107849956,-0.38771065592745246,72.15681721176776,0
64.35075909992214,4.538517396833302,15.8903778777575,1566.6704053893322,98.16996236873791,14765.790187963226,6.871079204668812,1.0357880003109703,3.8256972569016936,189.6412392536936,2
54.70307645523873,3.1788368582567634,8.335881009769407,2137.7237814682417,59.92503651747341,7737.12758358726,6.977009062134552,0.918478326077289,1.3837154418763313,85.19004363201446,1
51.26928627295372,2.640223095557579,8.20381079768089,1956.386698855904,59.825771787690705,512.7453988407116,0.12963693415169655,-0.16928565134960977,0.43990337202279395,31.489783997052314,0
48.086699288384146,2.1977089431816914,8.432455865635484,2037.6872513136132,43.83258359088572,892.2719134970791,0.47874563229019634,0.06974669970565824,-0.010870272498831924,51.84703443920531,0
49.56061855299273,2.6918504391945293,7.998635146308013,1954.4916093065876,37.62098116106158,3552.786838876294,-0.13244828633006153,0.45083738955158587,0.7431128484363583,56.545435197004174,0
62.51456890911962,8.77756385505523,11.050847850077746,1908.381961442496,90.17893744989533,18179.903809059906,7.185127043709127,1.8766476159332068,2.9735436643716366,161.56920293663822,2
53.90462310017017,2.2466013012993793,7.829685365737577,2007.0397765103532,39.5127399349362,6799.572144450012,0.8116491564279975,-0.11801774940088322,0.11260494015909066,46.13984992830861,0
70.81619882411046,4.255525380302781,10.77076500207844,2165.4899858312792,76.85923003497025,13512.386292158692,14.663260593682253,2.6662427716129136,3.2167127408946277,159.57305778763862,1
82.02780270766043,5.865044897422234,15.239199564211841,1819.437650251681,91.42883274174356,19687.716753244466,10.1531082682214,2.264705509770548,0.8120852147647006,173.89186600630654,2
70.89889223430072,6.738511502191337,11.376799306901809,2030.1970290110153,94.8098151707121,11151.914756264354,10.732875819257462,0.8084071116538761,3.992724468517088,183.262542083531,2
50.853447388989515,2.999166421722541,8.582650933147864,1973.5236229273173,31.646049611255698,7043.986633280541,-1.2644924064722456,0.16759376839548723,-0.19601725042599796,43.28646524192497,0
56.95723219899941,3.3145093366966054,9.310283416153675,2045.2077351427533,64.89136193134465,8856.748769340664,6.522083227248853,2.7864308206676838,1.6531304884557083,99.50131059124652,1
50.30788888810301,2.4529002878145914,7.644763584939504,2003.1276231076267,30.068153121642247,9355.536385271294,0.8559826726148858,0.22237761698943587,-0.46054122552731735,42.7827739796933,0
62.48998872293965,4.325948481695422,9.584874423563727,2146.350219708894,69.56894681211405,9527.733878530398,2.2745796145005173,2.1277591735498933,1.3508917798203302,134.74709617553896,1
49.59982211238846,2.038884953583132,7.11876366462067,2025.5077096520356,57.48019392354732,8042.364969799412,-1.253975614178523,0.09603774901440841,-0.29706119211111126,58.153054164473296,0
84.74851497628325,9.071182381540988,17.49460792787044,1704.1060970605636,94.638199583935,17315.332289344733,12.709800642041543,0.683373399303498,2.960531199160578,194.13788742827353,2
51.22031181421417,2.8570363911098786,9.172838144524743,1994.6235721623761,37.83454209222979,6506.915516333056,-0.4651733500835159,-0.016292901122997975,0.06348128274687129,7.423789880006311,0
63.79997262622031,4.160889106895833,16.988505340473612,1607.7646044688138,92.7659222247377,9881.913168076344,8.461864835291554,1.2754659430826645,2.4808838833999185,194.73799190350388,2
51.66450540433995,2.5761318060017873,8.263476655786695,1975.4320131927711,67.97062862194142,3736.0968151796214,-0.9758855434545223,0.13662013951320381,0.6321364374944723,20.402031841630006,0
52.961981388531356,2.8352425754752355,8.084046287705391,2048.3649783090714,52.972521227825474,6193.873559693015,0.9220379014043715,-0.16131143661845682,0.2887858861284009,59.224649557774946,0
65.29569915429732,3.9270944465576547,9.797640449379289,2034.8429421813355,71.34269762406981,12950.587401287052,12.221848729470814,0.7235268768277954,3.5774794156818848,137.47150074536563,1
52.596094100651364,2.481373527563021,7.576368946272026,2019.1678968388785,50.78148704226815,6366.165888475628,-0.29592395237321967,0.10716723049343216,0.17872087762838196,61.69301200811552,0
50.144768217087694,2.4141511454744795,8.134423148104563,2071.490122896269,62.533899407995015,6223.031404675141,-0.16784917527204427,0.010906109069171825,0.07293655183237158,41.110435802104256,0
66.62137790642994,4.225837481748798,10.254071174066594,1997.6853855353665,65.54390337277837,11025.229766872792,9.320843774536794,2.4075006211350973,1.6149889230059347,128.79601802578935,1
54.17135362574794,2.3277241688381856,7.370019085556998,1986.561058193386,69.32163881668114,4933.818639645478,0.3191906230894803,-0.14649758337470423,0.00048008702960727944,84.35029857483768,0
55.48219830564461,3.135520334916521,9.780626221692875,1897.825376899812,58.533541632508275,10932.148407357407,8.522869253791173,1.294535933504391,1.0019559934235425,95.5407378034457,1
51.92451569506256,2.2223143019949774,8.28490088019213,2041.3627716739413,55.749365879806334,3078.513538137696,0.7732295556572114,0.3104965712679543,0.0016144733554396102,33.30434924779718,0
50.32006642522037,2.7019824165237254,7.698442972794573,2013.1212755501153,49.51664043376089,8978.567042422846,-0.7565532540471878,-0.015574810535938413,-0.09587298257885503,22.857451606582057,0
45.15662464994551,2.18769558552963,7.6943609507870985,1986.4634145041857,65.30858764346345,6927.062534654131,1.383447630216694,0.32064122819254665,0.3555790305413767,42.41161025751613,0
64.32715595446201,4.230004189854769,15.677539087248189,1528.2316528440679,84.91632731010206,14116.049028809284,9.532668217878584,0.9228527497679757,2.5328650220628197,155.25277620479486,2
52.74110787115416,2.514890939094886,6.602612677530478,1905.1072714683457,48.815944323369536,6231.052847975022,1.1836621594022103,-0.10407133688986897,-0.29972331169246497,28.67313438482156,0
48.831734111823934,2.431591151707115,8.255524730301271,2011.3857613763,64.20943026843854,4799.70151939664,1.1503645369655373,-0.2896431466702129,-0.1345546345226298,50.63475975142099,0
92.92879439213375,3.4557652185557304,13.905999944523932,1854.5844323950112,95.580985442955,9521.372080208374,11.55559548355313,2.7957013149888765,1.9802361469940417,180.6611314463155,2
46.6008488870667,2.7379254548477654,8.41858699350524,1987.797134016567,53.613302103655094,949.7726659984429,1.1071449997852822,-0.29630971890280006,0.6338008614213604,45.12416802596052,0
62.09764662178825,3.689386620059844,9.496750306927332,2005.8905161624773,62.771237194189546,9248.206329354602,2.6701627269019506,0.8182505903310362,0.8368605757771932,123.25536081842374,1
43.75923261777016,2.4305204967593683,7.309471268933088,2032.6329381883422,63.072225859754994,614.7482703996988,-0.2207529952323271,-0.3191377039635207,0.4574274917186533,41.47193186897566,0
63.499865544659215,3.8609484603881596,10.889865121952225,2031.5989978562911,66.02325156526364,13735.045842269485,12.837292395341233,2.658615075430914,0.9549883996986981,131.40520057618158,1
48.04219985444575,2.1113146116158807,7.776703484871564,1986.732284849758,45.77132345538338,9668.241183367756,1.0773958616225614,0.20648259426691962,0.4035715930402078,45.95318133927068,0
63.53782561828043,4.855100047737004,16.139057550177622,1437.7970829973403,97.3158668220686,19465.327024658487,11.927802796576488,2.3165961749168407,3.970067663051645,198.26975027377193,2
57.673696831936915,2.25314853548874,8.700281437432766,1995.9356449209904,60.62900259585457,7774.946575651704,10.120514144196628,1.3064743562679793,2.2718271571347266,92.55798659787696,1
54.69241083091995,2.3215746688721484,8.011708073537834,2051.3833645560458,54.410042469276874,8644.098246801419,-0.1819136385610873,-0.038426479448590234,-0.41702657908916707,29.50334230323119,0
67.81961318491679,7.7457430140568615,11.404733861091643,1944.537780510502,96.61939764216051,18886.51820636657,9.177273830836167,2.232232759867814,3.11781428856729,180.38413887418153,2
50.136943225116376,2.7225825348290495,7.898003929004198,1959.609992985291,54.065862247062675,3528.2319146670316,0.6841165509829463,0.07134095173023948,0.1946629816382976,74.7338969937085,0
49.097504298586124,2.0081536375229074,8.178223533763422,1991.498000763777,66.29244627946645,1558.2638330357956,0.5548012082191723,0.17641904837474653,-0.010106901511338848,58.726208612845966,0
62.027135296190316,3.5707048207896057,10.483286859863718,1980.886027728924,67.48113791153202,14713.94579849372,6.03508073075115,2.8461302094514824,2.644977112207073,126.60955281155388,1
53.702260234766705,2.8064738599958297,8.265285320238487,1965.4242939279911,59.00691057867906,9975.32283948779,0.26148168673772076,0.11666486016573402,0.05969562904181063,51.89500654687922,0
70.09427824453812,7.330325018259991,11.947591506464292,1963.640458161936,91.64002104359396,19710.961074734387,10.732664719471709,1.2722637030375576,1.3243235848246246,192.21343387468073,2
60.12496509526649,3.080139330053462,8.99158619785738,2090.414227034706,61.26787267118969,11636.295493808568,14.244917249838348,2.5085832347105743,1.972851975866963,104.54574003669057,1
60.89031731538248,3.4058777724884863,9.237098756701181,2040.6526176121881,59.975734841630086,10185.02205667329,11.46112810657982,1.3098051571887488,2.861368547496507,119.75245884329023,1
45.1487788427907,3.0124465294479212,7.606365538216343,1934.2347492890474,41.78139819618383,5276.486053176869,1.0832860689097947,0.034409043465627884,-0.21106325375802054,70.04317242347372,0
88.24228930167216,8.44192929773958,16.342640816645613,2078.835493560493,92.46680344411531,12226.47694423136,8.109932785889063,2.5880585702614374,0.8529776864677996,194.07587479497028,2
66.58215775286035,4.044343696049401,11.256008539421574,2161.7336591037842,69.18986300671509,12220.187749281671,3.760322403500629,2.7356908088107676,0.6487231302166864,140.96131363783343,1
63.384863924087796,3.722173177374184,10.199664467352294,2031.7609527901238,70.97181921214649,7366.590284446203,14.947548949671528,1.1421004894682665,3.086896398348499,135.39328389827972,1
48.78604761529423,2.3196487181160297,7.415077124829997,2062.8625914530567,54.165128824019135,2055.310427689596,0.6945699232743848,-0.5832884369457597,-0.3926155239155352,42.44308103504408,0
48.45015842604566,2.632547568078794,7.815925166505416,1990.0659442215801,35.42598097040312,2506.8296486844756,-0.5953372747430775,-0.12493947325914712,-0.22594286282192222,29.65410804618395,0
52.85243027420784,2.16365688016077,7.676512774693787,1974.015571491196,32.70782648737843,4999.714861970384,2.0753960756435017,0.11664307976355731,0.2923228463696033,54.771715020760126,0
65.74205639651456,4.026404241239103,14.850075400418856,1698.205916692014,83.4191639295927,18079.5580831403,8.374160491892493,2.525213829191447,1.5397283668177524,157.57884166378068,2
98.18349920981497,5.458515133391564,14.034250263689456,2176.47686934629,90.62837948387147,9351.017941595353,2.2687483032487537,2.782204566944003,1.7099965113064197,192.38692181943574,2
47.60212523764252,2.4806757253996765,7.988428724685209,1956.8211696172393,50.35346638866541,5801.430853279106,1.2924481827184786,0.24012318973084296,0.5828970541706054,31.8596803440824,0
43.75206466085867,2.1562365421088874,7.425819087176062,1962.46716697856,33.138360021634924,5059.104777856957,-2.0364109516977886,0.09269015374013573,0.014685276878243704,58.1785468179636,0
64.62055630712348,4.219174985110753,14.919381234770915,1778.7415844113793,86.88411544861614,19876.401824297347,7.925977043051584,2.978757084124915,3.0204898434912577,180.65383892847288,2
50.2897607340084,2.842215802683853,8.79037919087675,1985.510088816204,60.99203730605946,7964.297497507428,0.6894304416820647,0.2542955024241789,0.25556452454079254,58.34449027249151,0
54.42844283511655,3.2903861976266513,9.202901041895236,1935.8374152576587,54.339133026598674,7794.382770082136,13.044697432767551,2.7201281863201174,1.6657952837526362,89.12217498034373,1
92.16131589273414,3.3795984565337207,14.060750230109432,1550.65175438596,91.20645205450926,8433.080227120865,7.891056704437703,1.6994860212936678,2.8302411098045197,181.3577496550755,2
48.946159499449976,2.78779928686774,8.752192418778444,1904.99810377271,38.108908980451176,3934.9808558221944,-0.806277037978164,0.34040234022932586,0.06710384592725764,65.77647202090348,0
54.77430659719245,2.4773605069728264,8.414772750215663,2015.4324655917019,59.999315860904666,616.1377260988666,0.310367947747454,-0.1606206328615693,0.1472445006441922,20.764856669329134,0
67.26184300200781,3.5527165153131453,10.40550275916974,2000.091717672562,68.35501971764715,10144.033649522891,5.62457543517124,2.493909466574375,2.28692606129806,131.92384290263468,1
50.2549783246024,2.53986947104426,7.255397271450971,2099.955142715299,68.39598792166763,7750.205742654014,2.097886028650087,0.09586627473303803,-0.26104242381244464,37.46052245405128,0
53.07027909984852,2.235073823496702,8.188537358462662,1975.5529288920118,50.935812534448495,3845.731043768018,0.12632127295678958,-0.38201610288296367,-0.20957686246165855,13.86015766575391,0
66.08895880538964,4.235736806569753,10.043481212414154,2100.6468745889456,72.21920310908972,9757.704498715659,11.337028195051317,2.194375407503304,2.4815252961595995,136.33986557178355,1
60.68367835100347,3.2491749444641425,15.95247941165782,1667.4477885713295,87.5402819057785,9851.774987565084,11.739241784302635,1.9338094430297819,3.867863405063444,164.7792132336599,2
84.54638369956744,7.226886345361144,13.474551117262603,1779.6844845249216,94.59005361222974,16635.184217076316,8.476088155198026,2.7146027577275214,1.132382408486794,180.36392287950594,2
48.932324299270384,2.5520304033296815,8.544051496979666,1903.3415703450323,44.67214154948095,4801.989892727508,-1.6037108514213694,0.2634927122208995,-0.39052062538238635,52.161472444434516,0
62.49502083164061,4.137841368633154,16.160921926385075,1528.0552920315795,95.0284221187259,10878.173269381365,2.78777936911501,1.3975613118220862,2.54698167821393,192.5383558305722,2
48.067564492290835,2.479551825774017,8.238771680556088,2017.218795403318,68.55232561398134,6912.636637623996,1.4377677584568966,0.1956726963988945,0.0991534301508833,57.63386731783375,0
46.998108272020126,2.6341415311515193,8.542305059199276,2045.8070418433765,62.052396024351296,8176.486015855889,0.8922085700891743,-0.026573640948406647,0.428009795056805,91.13968554841884,0
46.902507771932356,2.126968251731993,8.310643992474033,2008.5676793986831,45.48502622806879,2981.948644659328,-0.40427334757250505,-0.1486542136554015,0.05889409710477764,68.61871523086396,0
52.814649019457285,2.5489187029455067,8.446157538353157,2020.8664220527878,51.01627478921745,2366.37872196373,-0.7233861876891049,0.02258067742368214,0.12130990584145433,69.04221545598016,0
51.478999541215074,2.4171909786524357,8.236122880608843,2030.5941896867373,46.591676109461304,8725.05084747491,0.7968177029351802,-0.02553843034100268,-0.44211749731572253,57.75926846698132,0
68.57347706316719,4.170344390171369,10.165551717612157,2080.60706335131,72.50519316785719,6463.561999984388,13.475817127889469,1.8046125431602595,3.0615335466809093,147.0487116435246,1
64.04665725859036,6.6687298654441864,11.334631128502325,1882.2420404027519,94.64429218281091,15334.983854277256,14.457863205111883,1.349117150489074,1.9060830133015294,174.4374414614845,2
68.73930118787449,4.147489526821432,10.915722592293704,2090.3620625516323,68.08305767056264,14573.142486820681,14.32351923473363,1.5548071241955739,0.6250291332916864,132.01118698706276,1
48.438208755905826,2.455767264523842,7.411016858517805,2023.7463334532454,50.5586127427835,1030.7878263373516,0.5004910936423804,0.11717828627396268,0.23145256134463033,45.734169497038884,0
50.58486455314721,2.900411539672328,7.697210013622,1987.5850339553297,36.85244505631004,8628.626053556876,-1.3942759721669151,0.1133709917490041,-0.2956768204654928,49.791548076414486,0
49.72510764690733,2.765974169421918,8.238017404398214,1992.6627713552582,45.96002714428679,3362.4212805358034,0.47723886185136805,-0.33303143041485583,-0.0954734744270506,50.76844357952844,0
68.75022901104474,4.2730166517494625,10.269231556157742,2015.966210936109,72.1623087926759,6885.591022003273,3.184363431878419,0.7415376713491546,3.1893772262900133,150.94763927238085,1
47.91823334323233,2.381799906091455,8.011245619093424,2082.065622329064,38.21969657990669,7504.108986512672,0.15184765723289315,0.33026235209916766,0.1845537985286824,18.034952810018794,0
76.75558574290976,7.288135102278998,12.905629320275429,1728.3889542649947,89.87669751747671,8518.490728397699,12.667113837420075,2.131322306122854,3.4441694542063703,157.32363744317985,2
49.47740196037413,2.853090783715561,7.575888878791823,2026.2117756373464,39.860195825863244,2688.6353912115856,-0.45644380789984723,-0.42043406492546265,0.29595772716106106,32.54044376198016,0
53.21471869919988,2.011038788722771,8.158844965353028,2044.2192229171242,67.58905792956472,9308.092819140158,-0.9816137537375522,0.19366255942649394,-0.29833051576843406,61.8504774648532,0
51.79977292156088,2.6323782392722936,8.359056409309465,1872.4887124039717,45.445314527721365,4793.002041919492,1.9512331027632774,0.025403451569157073,-0.24523656281636036,47.55471484641758,0
62.08939754323621,3.803089615453777,9.69932276344817,2207.9997607948726,64.16197093483022,10648.65941789579,10.894375555388176,2.6273186148369425,1.322890557434223,124.84470323582325,1
43.90995092826003,2.692816956199825,7.320292142087468,2015.4925570225125,42.30591230827302,3248.4199045902983,0.05025380585114475,0.2501232449033261,-0.2302577975697396,48.816166341524756,0
50.187346086271155,2.7888555681436915,8.016574338136978,2008.8017679137683,45.0994834867042,2741.0990874379627,-0.2150609077637654,0.13920384228998903,-0.13520648037359503,35.61568506620169,0
56.811984970803806,2.934679194131229,9.022427286673254,1979.804541167162,56.62144040062229,8914.771835895659,8.341247999584475,0.9633224593836344,2.048485522205484,91.97093984958343,1
51.941114694007325,2.794596810197166,8.18507619963142,2040.7956643747257,34.84339804803008,5070.7701663552325,0.6858314957992804,0.09733904756117166,-0.16198599894479376,37.551689370830886,0
96.41727944979051,5.66179830383946,11.30426126891609,1695.622157083996,95.59260570343251,18337.318398763953,13.244790230462698,1.5165457703590555,0.8744342305805757,176.84319245648365,2
64.19357756200029,2.69533656971992,15.040838513854517,1626.5928185271039,85.13540182937517,14159.646867451249,13.461909123971104,2.0705466665164836,1.251910246521092,161.54043892649665,2
51.18632864266116,2.5477749759609805,8.116747996461045,1927.3876691207422,49.550468587289004,5124.5809872666905,0.8656401230118794,-0.14350509489379354,0.9065354031925147,58.78539127467152,0
71.33159814644614,7.154850470606256,11.06238721415139,1853.2704657151114,91.27953564896312,12157.767317938935,14.629085160614103,2.9426994363592422,1.6602973429484655,196.37478303682823,2
65.364224946926,6.447409923183682,10.84573938995202,1848.7151333869706,86.37803197916598,12253.400762157231,8.133046365483537,1.8794312832611406,1.0477486069133335,168.49385523828275,2
59.18976127476574,3.645012397467366,9.361658120364028,2102.174885263546,61.665857116841515,8723.546909570086,7.032239089303738,2.046455509226755,2.9252500816634814,108.03764621015189,1
64.6661441416226,7.451079202226021,12.378052768252633,1933.2657964608927,95.3655100953354,15533.509738404084,9.576932245923082,1.567749579333823,2.725646204490963,180.60736439998058,2
65.02073318447484,4.192907905510045,10.770492844081971,2024.4272954916503,69.87114282482767,13216.289905856624,4.4016737537777875,0.5765369117658421,1.0667961413491254,146.40623521180825,1
53.45398597704844,2.5224916407255695,8.039144577243176,1957.6935751785331,40.67443083225304,6836.329400971047,-2.2080704689353725,-0.14175065628117495,0.10410623440608074,56.76792696567278,0
50.80989138206475,2.8942142870452296,7.541652752808409,2000.4024623986413,59.58523075978334,596.3378239739603,-0.4953271450433396,-0.05443592890754481,0.6468255623719372,59.13551768140559,0
90.61833086233503,8.879234338135786,13.843867535152592,2014.6331351938586,97.51075930709423,10467.97128666246,6.536378138715879,1.7949662857324595,0.9416327335954304,188.02423644483187,2
50.3375116773946,2.7952874946020847,7.532959659580011,1994.0622269621426,62.93200792446581,3793.700986473656,-0.5498537003450233,0.04343151140520998,0.189412283388714,65.19397891766604,0
49.978283402257695,2.1801618952951385,7.963933101972107,2002.2399591833932,36.53765735300698,6189.261775433514,0.8845116400781745,0.026003266316495244,0.4400368933954608,46.53015040144531,0
52.861139727498596,2.0924463410874505,8.200941342362643,2075.164118108936,49.22942862628681,2332.659471736519,0.11454994251064804,-0.019879435151027143,-0.06027420637852807,27.783559836509024,0
59.96007913008767,4.46735907376227,15.275705276575616,1564.3238461952897,88.59868708133008,14040.950250611433,6.773548108315472,1.7373306776035724,1.9956951022824794,161.64704099517988,2
54.6898819899853,3.207032312195035,8.53506433245287,2117.3421109876313,54.476381059889135,11153.473729998845,11.995497445220357,1.6248411327590093,2.1329384507291835,82.66525707420638,1
54.21238272756433,2.3378213151811664,8.561489970041446,1954.500019869319,50.66766866256241,4607.667222197515,0.4387350400574757,0.10091285506689313,-0.3278888373915823,29.73294767006273,0
52.07652358198201,2.0532977530289136,7.544385090623238,2037.2845487023678,46.298745208896975,1874.7427371364067,0.7593858783207472,0.0830411646929927,0.10701733523047798,65.83592564092702,0
52.61721724027444,2.6157057780041493,7.3808014695313755,2089.4633030383543,66.79211002875996,8352.165932694264,1.0288683147158495,-0.060757120212478845,-0.1545840174482597,51.56979482617869,0
61.2882271150077,3.385563524979675,10.72369334747333,2006.0590874252846,61.62723272466796,14861.018432275392,11.737154085932298,2.474881595867637,0.8725007045021307,122.35570318650458,1
49.855451219064825,2.1490416681003346,7.988141118731549,2038.639073322983,46.19337211678636,6502.7243671377655,-0.25045860399592773,-0.10496221684505613,0.08212181325224645,19.5638324737836,0
51.8653992493975,2.4599820515449546,7.824840888712993,1945.9264780744606,40.283273620751274,5491.659823577522,0.7768261650596664,0.1158354498254792,0.35045529046241797,51.00696100589619,0
58.916895429034206,2.888199204052611,9.142194014454308,2046.5919636854976,56.124151512254706,13691.294342955789,4.594955474057473,2.243520685124654,0.6198717462455259,94.13036552903647,1
56.05412799991508,2.3126861669094696,8.20388574278356,1972.3731092692242,35.14945929647886,5337.078078716747,1.0755733015543028,-0.16347717920855562,0.024478104021224276,48.72242960911127,0
46.181123351132456,2.473238180438041,7.90330209941965,2051.8199844520545,47.472570343067396,3793.4715672628927,1.7472508086305154,-0.48611322476899244,0.24432719150625015,35.99345673945716,0
63.88022599493405,4.259741238305944,9.880835370050821,2025.5902051727933,63.962645106560046,13563.15918101452,12.239051545789769,2.1128310645451003,0.8161445272428709,129.76287351665835,1
65.67832178471234,9.378406228320404,11.154734374160821,1940.0657282109416,91.09553676923117,14891.875664309267,11.812042997988485,2.3844578307351005,2.670825800078145,168.74480595689332,2
49.07775120836116,2.6418436242420107,7.860376548596399,1971.4412771810014,49.32928796603875,2071.826471845155,0.17189286421623576,-0.41758931005137195,-0.18401625654387058,44.71091629878978,0
51.33046447743322,2.2416060772621558,7.859927321874981,2028.2841053767033,63.1784693901955,9049.357713786898,-0.3015053362246934,-0.027276346364207196,-0.07341481348207057,62.03369105020244,0
46.93819427283158,2.4800088273454866,8.495059645528842,1966.664038500618,62.25387881170691,9012.799886683479,0.32804095575764725,-0.00035098868488135377,0.4405281335502489,51.635482480935295,0
50.48628212119854,2.615985544208619,8.033377027964992,2004.2137735416838,43.20376959283175,5215.959636826655,0.4238821692225907,-0.14233603267586747,-0.0694350269766904,36.88241461183911,0
46.72633664364277,2.27737986934835,7.693345738741649,1935.7107179428724,38.56195909946685,1062.1418868654341,0.5727865006429864,0.021111897761896876,0.4236796439895228,61.77689924690724,0
90.47548112554193,5.144941022219301,12.626901550506542,2230.1983533030684,92.34125051855816,14563.097491787259,4.413153513169178,2.556477985696716,3.240623375611767,161.89231903213582,2
62.939714406602384,4.041918564934193,15.313501289755264,1605.1704784780438,91.88503981449519,15011.973620702036,9.116569801320257,1.9858631293344602,1.3829259584481088,159.21118635983916,2
61.40843961000274,4.0634167757903095,10.336078975044042,2136.1359608637413,62.95217585293826,6270.355440005727,12.490288725270684,2.107718402074184,1.5527912799340076,124.68789022836967,1
53.55833260316573,2.888743246427048,7.725412530431465,2042.540209568579,36.48850628641291,6864.814990862632,0.8883220395838071,-0.008614460467552314,-0.407428957437138,67.96861624490211,0
54.03958469051346,2.5376160650265147,8.206565134342998,2040.842541472322,41.76792420690763,5285.685079627853,-0.3517889327038458,-0.09629322447249578,-0.13449718138573452,45.86679550067568,0
60.031931963336376,4.242941425644065,15.65339348149531,1521.4792116238139,92.93927628793145,18853.92434900786,4.160496720907422,1.2192993619371022,2.5608396044459134,160.51898797513414,2
49.092260285977915,2.2356247167483554,9.010893745399825,2044.4127399096199,38.87625123435831,7419.527264206313,1.191483357686506,0.16325491764656774,0.04412687455140444,15.673937542555059,0
62.899903028985776,3.63297378082561,9.879233310775934,2037.9056414769393,64.73154435565584,5746.090777996131,10.1827676707615,2.101183125783113,1.3984569059655323,124.75482433701013,1
62.46120697119613,4.429021827998395,18.22078126866982,1533.2293033023936,94.92137635243756,17041.9016178109,8.499398598190318,0.9360119313630018,0.9032263851251383,192.10032140359203,2
50.902231422865896,2.093026270586077,8.438805026514636,1955.589570420555,49.82504554177838,120.91851010781696,1.5162772374469926,-0.2530860157022925,-0.15086738085625293,53.08213382075397,0
65.25143684928322,7.303687256220392,10.971182297195663,1965.396649685477,86.7243639190524,16076.53491379283,12.789157643923819,2.948601229578294,0.9625676440479658,166.1145980936314,2
48.53879176406632,2.655478722995485,6.961177609159669,2092.779201819967,43.03304969360544,6183.464134544641,-2.1041957999317518,0.005923517466812325,-0.3360732587706346,69.22986580396824,0
68.21817525507606,4.915871094449132,11.474116134380564,2130.946040000029,71.48883030012767,12051.322156582886,7.647150548954391,2.546306204454672,1.5338215831137627,166.1521281507396,1
97.69086128007616,4.851821321147149,12.414915367789565,2125.3494782463695,95.37922724817349,14756.19286423202,4.042486112766572,2.573877158478209,3.6777191552409416,180.8654121768788,2
50.48102489973606,2.7045196499448045,8.019500739037662,1977.8790947585799,61.86996137133505,5331.814471352201,0.6686324996648798,0.07301258418406659,-0.05664193154044088,54.34797969509578,0
50.672225058037,2.225141339545881,8.266852382607617,1994.3359143038624,60.004729056586754,711.6947907055982,0.23310718480673875,-0.006840473092843447,0.640994370716812,34.55903936073458,0
62.74412843134679,4.012832521929173,10.571559329031441,2073.5292036356373,72.36773148999724,10933.894061705663,8.398567358877768,1.334902750812586,0.8624914604491727,139.75382508638006,1
96.13890741761492,5.521040894107447,13.404966001717245,1735.0206614870062,91.2445448030515,9530.45211627641,14.60779831542562,1.098412172722436,2.0670993850308124,161.1674039262536,2
43.56459126772046,2.7742639002949914,7.06227238059677,1921.3755237926334,48.52413057923904,1161.5377906616131,-1.6227253551788592,-0.2120784468129661,0.3446835126928634,47.75279293949151,0
48.669789415243535,2.5309964290582636,7.852911556963344,1901.4434561858243,32.97116603190226,5439.679346235009,-1.324747864768154,0.13564092743788506,0.08081572226768835,37.755177502881644,0
93.29449386471752,4.562970220975535,11.899841866782303,2087.4185676654574,92.74341483769712,11567.171062982547,10.587647368057072,2.686790808806487,2.682061445436908,162.0529901619985,2
68.74135914416989,4.523353217906086,11.817847522632427,2055.458838924472,77.39378363906911,5529.413612448957,14.293342057169934,2.9966887438994236,3.6835280443242224,163.46123979926966,1
51.25933168995465,2.8069899080084904,7.840730554132039,1946.0538413306544,31.210900161529732,3095.191148287886,0.7295903917800586,0.02314003944980739,-0.007965803352241847,53.397755282645434,0
49.98197366201365,2.126911727581808,8.261546834602045,1984.391670259575,55.05722455309129,3305.0723795897497,0.05780251765326638,0.23012993534681142,0.03488760443947483,82.49248165860868,0
46.990506748823506,2.622790294201462,8.139060344524513,1923.8442961030455,45.59934325240877,7452.0228528721855,-1.8185810424297966,0.25615554167568816,0.1831805580154309,44.87957062057758,0
47.318818401329686,2.9738040460542754,8.754517968326555,1939.0717644193326,64.01859012975316,7244.12245320069,-0.04634284718460905,0.4151856114913941,-0.7165172227158282,12.522903053067566,0
44.442010183986845,2.6792157095302915,8.330167979631756,2113.68802712552,67.59696781445658,4349.301320567234,0.9703115085394879,0.34377608798357917,-0.339402834723965,67.90482154595249,0
53.473569296608964,2.5593865173107977,7.954522519299621,2090.42177238108,40.20377732794536,7593.472261010208,-0.5111215792895322,0.09334218790143878,0.08068107046722119,65.17570051285614,0
54.71602424291185,2.9495046616550358,9.195134558321694,1981.4760474116124,64.92892369955361,9520.015815873328,-0.1678628203761555,-0.4304298214711298,-0.1846857079960334,18.392487790523116,0
63.504498481769495,3.53861399365634,9.532478339643022,1986.3971453278987,62.26589517681293,13806.5223085351,13.812860030969677,2.1529463932458466,2.038050025969145,118.24902245735008,1
51.68239759391186,2.5297952012591685,7.0985258895007854,2069.0787518258603,39.21119666743504,5344.558603387405,-0.5824334431902768,-0.04208710246075945,0.7838449373958641,32.51958651948838,0
60.389315284107994,3.041139723274891,8.753783840176375,2035.6235760432014,53.91708472982669,6733.079716697389,6.27534168041611,2.5782475862646494,3.4968303922852546,86.64324928793468,1
45.71285222542827,2.3959198245648907,7.16780501219238,1975.0576052036583,36.995305809760495,1584.6806957417791,-0.39025843425815365,0.056166355336711694,-0.3353654080437127,57.80187327767002,0
58.99233806114388,3.234126199809413,8.803515935539354,2056.6974935422313,57.11545760314814,13385.505394349295,12.240196270536917,1.6554714129261645,1.9749339038425404,104.70203613231143,1
60.07719065015332,3.6324860680805475,10.208434782484227,1978.2809881267724,68.90916616221519,12461.831125691107,11.052139882060118,2.822130272958576,1.880808599366962,128.24338842545183,1
53.80929461407313,2.6090406298797704,6.830109271039962,2040.9840858855084,38.01078603467937,8564.08344943118,-0.20829914003450345,-0.12268138754778196,0.022002506224011405,50.09262210503782,0
71.48875682111652,8.358943993004136,11.052155938738887,2429.5530200602193,93.21856520096952,10937.029387728946,3.4034562913200577,2.823868210812078,1.2456340997390345,162.6001679851476,2
57.795351002632216,3.059923346500735,9.85390063858308,2068.7898620492388,57.0844370103221,14146.048593892883,4.87269227827575,2.6654410038517167,2.294494028824665,98.34859783089037,1
47.5481794289839,2.4220883481264854,7.550660619182635,1906.2170685599863,49.16084226211883,7390.952904101335,-1.0942242672129836,-0.3465869429668585,0.06685339719420828,57.16616171555101,0
45.76623283447803,2.7465609316777386,8.65492420583021,2051.709733539883,41.26232644122682,2553.2962440843967,1.655911258844214,-0.2418542082993921,0.14346400965467124,14.445277058536107,0
82.60168757365975,6.316676769865303,13.699138073936979,2129.540880843193,93.12082831649296,11263.206318948864,13.18703453681841,0.5202261076224275,3.770874146836901,168.2795146195662,2
62.60047798571475,3.656855914142435,9.070365469322097,2076.4753372884215,64.15788766197689,13714.472937396256,14.836849719770846,1.9602081722866145,1.0447581118208693,117.14574317895706,1
65.28284538004608,4.3364978150316436,10.57745779475595,2097.1370969784284,78.6572380353599,13383.346857415752,3.468879241359033,2.862703743322869,3.7998681013835585,169.72202095162004,1
47.39842141462907,2.5796302767924213,8.00185314848723,1957.0616379126348,31.987122761002674,8748.916099766107,1.0948242801275216,0.13984875242748737,-0.19139770009601756,34.24631529266699,0
54.71272522990422,2.957536944542595,7.847440641333202,1929.741374876055,57.6007955545386,3096.192905601367,0.4192678058573729,-0.2130704710851873,0.05466114903490215,34.53141505890402,0
89.70162187628924,4.079090637691277,12.40430966498872,2008.4194180545908,92.715007795154,10987.771805728229,3.3305633942342374,1.975858094824992,1.969939128257699,157.80903179174499,2
67.3358757252359,3.8398582652323614,10.2539562538196,1991.93327407398,65.38890406156752,13201.470656344423,3.8031888381626393,1.2518676227910097,3.825862309054335,127.51853527506493,1
50.61093724097715,2.63874458448239,7.8921683247707435,2025.2411871217703,33.62135033476629,8022.417648980989,0.4741204131352768,0.2429668344395792,0.24187853971925108,53.09246332982988,0
48.43679336827697,2.540462247483892,7.903297095224096,1944.6346181300562,62.84829477553664,7331.326907500593,-1.076991226186515,-0.07489986783506382,-0.1416268567288031,19.831505935496637,0
52.5000680752136,2.4931963951435083,8.331715237017162,2024.0600540053579,62.18914373286133,3896.2633644063403,0.9992442029847461,0.1642461987514243,0.12475375590207852,43.2046738204607,0
51.68506637709813,3.075433398487858,7.9543357751136545,1925.8980214006708,46.00509800982029,9746.860738439258,0.5344874865145707,0.13252143733504082,-0.16036455452877688,29.819886829496895,0
48.50342690335695,2.4976513383311074,7.130558732893002,2056.890456563825,52.4670858170366,89.7838425670694,1.1026212129409123,-0.14656976902216695,0.44438766453600026,50.11091489181769,0
69.19780788524156,4.305187253106274,10.617747500859759,2237.3456659079557,67.68998365779443,9932.153547574522,7.734130641928861,2.4461081867217547,1.9467202417379181,156.94285176358795,1
44.12576993585102,2.266525403320861,8.879054154749268,2022.9478128232154,31.60027254295212,4962.171097028154,-0.1380708456568432,0.22294873948321411,-0.5483106259971454,108.78856008188775,0
51.51774616400168,2.3335201851990477,8.291922915041258,2049.065487872148,58.815745175829605,476.3220867835116,0.6659995470213681,0.02065370087601623,0.0286808548962169,37.70409827223232,0
55.398583284401816,2.449070222048756,8.249959887589732,1967.1540379519379,32.408178477995946,1496.244802569967,0.8857514869906022,-0.1315556813383049,-0.12396403115048053,60.34841366020578,0
51.24784366963972,2.790687134915167,8.10054282957688,1940.3983044811444,64.8948573154214,695.1494205176301,-0.2214274927634512,-0.08142996755868338,-0.3158958319123338,59.95865531204201,0
64.27462674376022,4.1728805463161915,10.59789480788584,2090.3905329387267,69.02847466098208,14955.690796673156,13.230287425127369,1.6409193350787032,1.9658104507769523,147.53871591154643,1
53.24411200041788,2.2566832227905773,7.6199560361280065,2036.6970472225905,54.546218797547326,2550.2880341221135,-0.4896345792469634,0.0820001231040845,-0.3662203701166879,73.70152533116737,0
51.03652473452583,2.248197796103738,8.330787089104396,1934.3436899076266,46.592886640051475,6927.134638762466,-1.9575381850164113,-0.014419568598048783,-0.1235614292033753,31.63935094062317,0
67.0312306005632,3.8240921700987784,10.312137378984172,2014.1917306404146,69.64169549635399,7892.023019760747,10.600740736074325,2.8894415606038457,1.0211227046808797,146.6426154677692,1
47.31662909592584,2.40507322192502,8.692203250818508,2058.127745390113,56.567292777425486,5421.270483633453,0.5097663847007909,0.12719097336409357,0.44393458988592044,63.913329267678364,0
94.13172225230461,5.058961195069011,12.524570107524582,1853.9513232736942,92.13725100226027,15225.342448205127,14.988907693266334,1.7675085540840771,2.855958779926846,163.74985297031,2
51.38887576302598,2.8505098731620855,8.875232730084031,2025.6702444599214,52.42039047284755,7664.514151531285,0.6197752140382246,0.5162194708475809,-0.025781088968994052,27.730800112166488,0
47.689923438321195,3.1524351084579494,7.946344374850429,1994.5773626614277,58.839509980989774,6614.472488754824,-0.3693827164251063,-0.3281597603072514,-0.27806927635810186,38.780985587963556,0
48.95400287620087,2.440554843962911,6.484380628508598,2013.844661192819,58.58433320113596,6203.056685952146,-0.05082611646504846,-0.430785292144188,0.25112626609571553,51.44676449165002,0
65.05193726577393,4.596682652164347,15.041484635263073,1482.5826055690286,95.78122478517308,15297.430820036825,9.807778211307852,0.8102788187371417,2.6639932310340693,191.69942606728063,2
63.28341103913854,3.771796583979356,16.08464356184523,1791.2742283448256,85.61919881621888,8618.390338810354,7.303286450799351,2.618613052247526,0.8565459348345797,158.8617411801695,2
61.46731378444256,3.931077493891989,10.439162494293313,2113.2530227416446,61.40943367351385,6581.469257428366,3.2055049136932,2.253955858319169,2.4185265913806333,122.11008271875922,1
47.583370815326646,2.370493318188104,7.862893749463849,1972.2475272557162,33.85184048065088,2601.8600127837667,2.043223759634041,0.35372615259594564,-0.12765986163296128,40.85552648771605,0
60.77332435473738,4.503783321406902,14.961809240105625,1662.5555377599235,90.33473773761814,16060.355417267598,4.202120990678427,1.990795585213577,2.6243999978643178,162.51207044271197,2
52.843186931492944,2.4306695541956045,7.370266797473271,1905.000708034243,56.73095521747811,6655.635495795818,-0.03816429412928469,-0.0821988809637654,0.3402741178910888,20.42353496553551,0
53.93012361997041,2.8855855637135135,7.57521982316263,1958.9305313225495,44.81129580092613,2419.58460536694,0.9140977834111654,0.3248974373869852,0.10365518138485877,44.89758079980163,0
49.09937492391687,2.382980853440294,6.981655723838909,2025.1161044948433,64.04887746377872,4947.354074021701,0.7599162983183563,0.06641871435125461,-0.21922202406939292,41.6931732560098,0
50.33472216515684,2.6157025050515204,8.686444262836016,2057.627663432974,31.590455023751637,4456.498013243925,-0.22830139936169067,-0.10474670147558474,0.15184836771118404,70.833302452313,0
86.38957241660982,4.3415777760149865,12.579852793468492,2121.5999351060177,87.39265935380666,15469.797509397238,3.3150808255639053,1.834782431980068,3.234260201480737,162.74694909677044,2
47.61159267690266,2.50085873871049,7.778124457149376,2050.147016866996,53.28831473707826,3785.348400495605,1.488661917758075,0.11899685683183639,0.06809235387077218,9.183939467327882,0
65.52062739667443,3.8357646251645807,11.182407984219402,1991.3880961192015,63.5480035952566,8305.968060660487,3.124409985306671,2.8012297697506803,3.5677484894426135,141.90662594686523,1
69.21645187753676,8.337453444868789,12.452267053792935,2112.538198384769,88.366839303415,10445.977469734333,2.495293461335258,0.862444863566892,3.6961381993433426,183.9560732772662,2
53.80295132241854,2.821791864760362,8.37645547686289,2101.460499023515,49.44521389787248,4199.208417808417,-0.011272619114382883,-0.13444589479219457,-0.2789252173957173,15.656807192735862,0
102.34461816742557,4.094621068258516,12.306755878156505,2011.9084141386193,93.48190938177595,10449.022275598705,5.900897658576568,1.1271517186819222,1.7160684389126768,189.88106146382992,2
48.30735956133362,2.5286317331328303,8.622800298186434,2043.3320917142457,49.442561660560074,7812.57114218247,-0.07114325548243981,0.041578291568804646,-0.45995377041996394,70.68502067222092,0
48.793422551986005,2.599694310623578,8.53653711188104,2051.157969025328,69.84903863886194,6955.960060287875,0.3179207263824175,-0.1865463859421638,0.2533667019521496,50.97701999958181,0
60.88887763403054,4.399984622768979,10.943519214783,2056.246316231358,61.11607755426114,11153.355753465969,3.1468270832875267,2.637691964880152,3.7986218323307246,126.66307414994789,1
65.55239130613904,3.609795987756524,10.566445462751142,2028.8197146320272,67.46430997956567,6029.659458224511,2.3199941677200897,1.1560463642462233,0.8733941221813357,144.6228549955914,1
95.58346449264516,5.154293199081263,12.815123952212366,2044.8391224562843,91.16579116648266,17134.462051372087,4.808129138061783,2.7816240323370254,2.065246347627238,166.01425794718813,2
48.34379275682136,2.845742045178124,7.709788974607287,1962.3907514345078,31.39795921561881,906.22982893385,1.0266820744716394,0.051934203186354014,0.6335347051894923,32.75516954387089,0
57.793332914348994,3.9310610730648703,9.05251769400708,2084.5508122936253,67.20023693094944,5761.777685565434,8.56802704379325,1.2157410326301925,2.6029324218562966,112.10920194122625,1
46.785108461613454,2.251342897305747,8.267712978151437,1969.952118555163,38.88799748374584,7735.261963759153,-0.7879509566025552,-0.005511741216109509,-0.3650791520880427,57.92732729334968,0
68.63548790918387,3.6574360506531356,10.545004313698849,2050.163772796083,69.81380217708218,12514.320191148861,7.9628436255476,1.5131725200503934,1.7810251609379741,154.0935569985641,1
52.906107562117626,2.0291259903444825,8.223010774116045,1945.3801637151732,47.995300922089626,7734.935468788069,-0.4791116545854274,0.1056508893313317,-0.3021901453562225,61.51092947788402,0
48.584030756304784,2.395866426298814,8.41464071632975,1997.0643524050734,40.562229548489775,5418.521307492897,-1.7483006844850848,-0.18878735827372786,0.49183531561401006,90.17149885722188,0
52.293556725548164,2.686910426197418,7.286538098248841,2091.432111187174,55.1690751492923,925.8470560871301,0.25177902183883716,0.31858623055947133,0.03755018998312314,58.31682711349062,0
47.91034306055637,2.489390565684725,8.00629480058612,2084.3522762934754,44.78613479169478,9685.49381672039,0.7242637388809542,-0.17683116163838553,0.03028558841684369,62.68859530297633,0
50.446250261552464,2.537330108814208,7.473537690268767,2051.8272038180685,37.62775594617811,6242.698011967175,2.068547583922264,-0.042158263516961635,-0.4002859501976422,34.83296031476343,0
62.6740045940912,3.7731546664641935,9.957668221395677,2130.7174515690613,66.70501807600075,7658.687496191997,7.482271625636234,0.7144674510015041,2.0966363740498775,113.07864764259693,1
48.14086767309585,2.549496141932255,7.961241967029313,1977.3801837127235,37.56533249103701,7587.883421524628,-1.2219074599865367,0.2367532212579111,0.3127945577811593,38.017018047947495,0
85.61670717215699,5.986919569406618,14.14656003885871,1652.721007438787,89.38677686231547,17286.288461980665,12.190442833842463,2.294009640312353,1.2461432841545828,157.16813924713148,2
52.894824019535626,2.2791975544223186,7.590153589098564,2037.6101471907941,55.65370886850965,584.2790233986872,0.7267277152068619,0.13930059936650738,0.3303532333306898,38.99830647143498,0
59.3659124962032,4.2197791139284915,17.073865417213412,1645.7961200038822,88.3798495727551,9462.773178979725,2.530425507709757,2.4444907352838925,1.656516010419142,163.55260120120306,2
62.121602543185276,4.450622977074754,16.415958574202588,1642.0677480099937,93.93650959884269,18898.618066050534,2.4137037329282878,2.003397445479968,2.391245095182169,182.7716231450235,2
46.92850821992295,2.7123372918217092,7.5237499602746185,2069.9901989676628,60.805048039923605,9417.61443240162,-0.05512680315146915,0.2280892756988974,-0.32208043403933134,82.91539528670484,0
50.046421819008685,2.173729169109849,7.776114296100671,1945.4962095752967,49.67067828969468,9477.987391399227,-1.4534619166408929,0.28293951918645005,0.09432826319216434,40.156877076014865,0
50.595739705367606,2.3360046256173406,7.4515467027065405,1914.4612492194938,63.554152920951516,1373.0823941151916,-1.2100479842146945,-0.28335867341094534,0.1416121792603182,69.5606469300271,0
91.83565548002372,5.590016162660015,13.087495410931146,1836.0535396786922,91.22877763502582,18277.94129748236,13.42530005742455,1.9045486326230952,1.6395039812370111,167.27989737515495,2
45.93974059442787,2.2433297500629825,8.997793207751798,2032.5841838259496,53.62285147641577,9544.195213633195,-0.9215543963459814,-0.290725708374516,0.2987368110042627,83.26807978102056,0
46.69676762713132,2.24818494882424,8.018541052155497,2001.720792213124,41.35572564124633,1020.7115362753639,-0.5395682349507531,-0.09836000227612232,-0.23055643808357593,34.7912052305163,0
51.85792974418531,1.9398464796565222,8.532675599879434,1973.6155801161403,68.0316991113495,4039.1845335502476,-0.2879117220661459,-0.14768434509362507,0.08593036517641243,93.9665016087271,0
48.51236082878204,2.607887176403184,8.358288619870658,1944.6828371717406,37.88937546755467,6787.627158785893,0.0745751909381243,-0.247382744718761,0.039643127157398435,49.58245438156199,0
65.45620821270289,7.417461765719682,11.054779281895916,1819.115196495579,92.55634948685645,19759.114562962364,3.133187479748576,1.4923303378027475,1.022486500362928,160.7200423746907,2
45.98034612796106,2.4646546143420953,7.036471997986713,2025.2649157433314,67.15323360514981,8182.143073214543,-1.6900107878503863,-0.1186714106933642,0.3504219193089809,64.30282117473567,0
50.806047767175976,2.28355129645523,8.534653732683813,1999.9849316549194,51.33064094369527,4448.212198021738,1.5094874941766878,-0.012802329903503079,0.18612196757111613,56.89788866979719,0
64.18090896146327,3.578588843909549,15.949933309264729,1696.5596492990735,90.4912221491254,19217.00817511597,8.698576304000685,2.9908936542869813,1.0588171523657641,165.1701659523866,2
49.291367657063965,2.0641055935565413,7.751186158623012,1970.4597224449556,38.43200198529054,3200.313390240079,0.2692772737968871,-0.06361406114237221,-0.12612787672589998,21.848520110074467,0
50.873221731487256,2.5863585295910787,7.465565247003484,1986.7838535635362,34.315780859772644,6056.027248007154,-0.9938306714782873,-0.23463255455343668,0.06060743654677072,44.12318276299287,0
52.34001788297491,2.489595322286202,8.865626154645282,2020.6257290385474,36.27261287306454,8720.478499706202,0.3562275463363117,0.04982404930801763,-0.37868604531997313,32.11440337185259,0
49.444380006821866,2.4311747613760493,8.18680537750131,2013.0145728129003,62.436538259856974,5632.385528712848,-0.20793114090445108,0.21124543739698798,-0.31935721757245084,47.43433488526721,0
47.17470909257822,2.3406630931603285,7.410774065474781,1997.2163065562825,35.51710946009103,8769.789841038495,1.0901069687881986,0.1452066330855759,0.13989998862408315,69.70621477325005,0
48.61263498173772,2.318550352445386,8.245129243266632,2042.5530923062602,48.231830541046065,294.0507718045271,0.9111358588625601,-0.18612661836885816,-0.8395773017684026,60.75481498672124,0
51.22644974195578,2.5281197739319237,6.972226868401457,1988.521040971389,50.42418649359204,6062.136898717147,0.6044359999987874,-0.12878863358502854,0.07298524421890228,49.753436035293575,0
51.76564839624954,2.2110966539360613,8.359701314381816,2085.421496648708,68.87840114762514,4153.150087199334,0.8253810052152363,-0.03336427896296405,-0.6345523771886638,61.11776585779176,0
62.09457816936973,3.613287419560373,9.942670417011847,2043.9838650394452,71.58024015225187,6830.200401966651,4.519715930260366,2.1175960125426943,3.0348646655493394,135.77035563687747,1
60.876177068392174,3.8808632258445748,10.36376931047126,2023.7941662611136,60.18696291531454,13601.854434355191,9.004782129344058,2.7501453941828413,1.205643858695157,113.7567521153808,1
64.1153228570364,4.181650445778657,17.308252848129783,1627.4131394531087,91.53833231852803,14847.41544289968,11.628025478045933,2.0212910953033285,1.0466085743161233,185.95445338875754,2
48.91711227036624,2.361254729518999,8.590889672612505,1957.675443416588,32.43703240303787,8204.449600200494,0.6902863865895252,-0.28912648066270513,-0.35426731064720673,53.60217818944346,0
52.676312735595985,2.0589292708655704,7.008071317552183,2042.608785501724,41.3829910654399,2090.405083746876,0.6462818568316196,0.01654031566951551,-0.0777639744920878,24.18593403815504,0
50.6513600134849,2.442389613246809,7.56004032094887,1958.4463575439154,66.39169162179643,3860.4028490604546,1.5450312154489625,0.019176264089321854,-0.571947400660827,68.02103937308006,0
49.04717469345162,2.619035646453187,8.244402757084407,2027.681004061873,48.509885342137025,4017.038652191256,0.2625192063445712,0.37376448403807383,-0.1510426855129483,94.6122132501223,0
48.473934416766,1.855939031040058,7.910524510898855,2042.2141441502756,47.35675013907143,6748.314094068168,0.3672461333221121,-0.0579494946751281,0.2174751497567184,47.56472240174695,0
54.530266024426965,2.4439621197526886,8.979519902049365,2033.973916772573,41.227852126279544,3284.5919225997677,-1.4400823622865766,0.007370291217915626,-0.48895701754343013,85.38409799545296,0
49.56189197049855,2.8510283214867695,7.081035234121065,2030.127005324354,50.954917574703565,7817.5231017994365,3.3188854371050858,-0.09724378866560206,-0.04118716369137122,38.89747853863339,0
61.56019749887853,4.563585348195949,15.495556954151962,1747.6297620463483,88.25288498270447,18356.91952816573,13.352057688622576,1.496203507047448,0.5312298177854757,170.7714292161241,2
44.433647296330044,2.3674212670315904,8.310208741812259,1984.5946614302507,42.98933243902066,5115.802597401095,-0.854478095669546,0.13589053443036175,-0.225302213119324,23.950805783559744,0
65.08529306156075,4.267787130049122,10.234003665388544,2056.1628800458907,66.59780341730087,10896.167698514479,14.430757453373,2.5940295833351485,3.2106494188987256,153.5741586031695,1
69.81088856697926,4.750410962595186,10.561392670585967,2050.7380942789614,71.75863506688266,14247.842361453673,9.580303449876983,0.9612604497378339,2.7715815796829535,160.7415071422128,1
52.979873424681486,2.847885242509051,8.020842727221396,2015.52610543877,64.8629614373456,247.13937531430696,-0.3423839795103596,-0.16761593217765142,-0.2735261199217669,92.73205038164116,0
54.402875059918344,3.0888432693021177,7.5557868504626,2002.6523515805736,67.08101971024922,5922.553037014364,0.8849626664124879,-0.22287963858233364,0.019378008065211533,9.829641524601598,0
51.33123144106286,2.084615379631225,8.222031931821826,1976.7586265543002,46.34682307177769,6105.327407141295,0.9084967715203612,-0.019994176171532995,0.38809145902165226,76.33256106374083,0
46.3623576637752,2.4370564910639274,8.65232831370338,2025.3384536252238,56.66826259709625,3180.600704858855,0.3399544527425375,-0.08324004721098674,-0.4626027768148862,58.69501059745655,0
53.97842534552049,3.0892856890792637,9.383964801308624,2149.247588584466,61.48847087151997,9586.125752236521,2.0625096100771425,1.0379912013487393,3.9970498786799578,92.89296839517007,1
52.36204526254954,2.5701354898760043,7.493829108166943,1951.4760728234521,38.994056129932275,8227.292162911597,-0.6153627187660998,-0.036122067806858685,-0.049149249101757664,68.01535952387374,0
88.44684996063941,7.034985304042948,14.595805710606388,1535.1530735511371,94.34905516327018,19681.81894184976,13.550027996279782,1.9052467432230755,1.7659984520049063,191.78657627429558,2
54.98219947672575,2.663463275086683,7.037700357530808,1990.9801321551413,54.52661431758446,5579.4198166358565,1.557965287189734,-0.09112539937562472,-0.037719279530931904,13.672912805432489,0
87.57822673622445,8.026049230206072,15.11868596687378,1676.5633566363333,88.1426498069179,8224.275694618827,12.295776818923706,0.9194508293495508,3.7157649740566256,187.52729093154304,2
49.33281767168933,2.8031433762658873,7.018704081285658,2016.1672316364602,56.32305671023741,3182.0116594306614,-0.14935994254763982,-0.0681007710948368,-0.24786532201126746,63.273898832997055,0
50.76618440257831,2.7230825004663,8.852162257880316,2119.9908749893384,58.53056250479276,8792.1127076173,-1.2173397321082118,0.3818606307461953,0.06462093280018369,44.21870316184727,0
50.65082042578988,3.027569605040416,8.749593586860199,1924.2593187649397,60.89424344298172,9411.39618450621,0.35726777166104584,0.14163796734455936,0.025215404313983156,39.680274176441394,0
71.88297792632724,4.511602451449362,10.538378100102408,2162.6372211489656,69.49793717622762,12509.053286779003,5.038988695333596,1.1117288865753523,2.7538118354522667,164.75328212357016,1
63.26431611546957,3.9676901214697455,10.56283987427918,1952.636327908925,69.77565951768523,10393.518016782335,2.1349604529331003,2.192357823017353,3.3475385155627717,132.40988835751125,1
50.081484821417355,2.2976486073598976,7.951745724592792,1973.6936037956884,30.712713778811818,2249.667229079365,-0.8883140417628659,-0.05086895449062167,0.020527893715836656,46.67891234902263,0
58.02364726199668,2.8528549613515364,8.98753571523523,1901.6913092363857,61.71302945723882,6379.831713842898,10.055482784761178,2.855994305702,0.7011332039050968,91.76501187220751,1
51.64452693216275,2.5195674945007833,7.662240810908763,1944.203241580515,33.94591898191494,3622.472304368498,-0.11971911463096993,-0.09837540069748592,0.1257243037692144,50.979100489144685,0
66.97163507419738,4.197597212686628,11.02375923002152,2276.40191424025,70.9622161597326,6090.079862007098,8.420503625423237,0.8758893514989209,1.9774010779914337,153.98588696978146,1
50.46593100184358,2.3531826662728115,7.108120661906309,2071.27678385764,47.43308453388373,9125.240853852261,-0.8947329982105616,0.01700491805660552,0.10829664751242252,65.40023631519217,0
62.01628927748137,3.95840790144079,10.976231795341226,1987.181545248238,69.8579748709711,10848.84033969147,10.483914893017168,2.4369655885772223,3.1191932012593675,142.988051938828,1
45.96171605383813,2.265666800622473,7.6445982587442645,2003.0986286982973,60.49856189970028,1065.2733376272383,0.8778268248772584,-0.14194550857425234,0.04458032788111534,41.68062020364127,0
64.70021825943965,4.840198103183058,15.41550150520466,1601.3876530874986,89.61941537721928,19353.426533263002,12.033504617293163,0.718929719078018,0.5193011206806579,182.79370177345046,2
50.34175505675795,2.689535177120849,7.936671494520536,2061.6731103341936,63.06544610777225,339.1641775811693,-1.9226581194621444,-0.2298935352326252,0.44600529252259147,40.45455852609318,0
71.25691010234254,9.025213853687346,11.961334157605057,2488.6625479751497,98.78371484735341,9437.98755102144,8.63211617351595,1.910112358675109,0.5787252143329377,194.52746784131133,2
49.54162100171384,2.948529314354677,8.167900791160116,2043.515202635154,60.643414561994966,8044.801351923599,1.089065980737688,0.1655126456831803,0.14300273034645267,86.8976956273815,0
51.39927270249489,2.367475942388904,8.183208894845412,1903.690213717074,39.98182231770064,6958.649791062275,1.1224812759745062,0.39605780673814345,-0.4352803028054727,48.99391207584826,0
51.817376291160336,2.46173436256806,8.92067696303,1920.508330536861,66.89698162447036,5184.2640781134305,-0.6666096732220271,-0.27847812402350075,0.43444709204563614,33.211548152579326,0
51.63576603704463,2.59677720936478,7.568692909581583,1980.6112308224303,55.54217403874571,3608.544675239942,2.1972580075702917,0.11131968281462515,0.21952626330310832,46.820797215772615,0
52.06682791129839,2.396772181588804,8.05865466746051,1941.3654204920203,31.8715386484119,6200.150007275601,2.0917534363926493,-0.14024042001393563,0.15400200417934073,44.52915247824839,0
51.524344601532874,2.5471129690361964,7.433314626200188,1983.3980124814955,32.73529903647335,9630.179968076063,0.16909527219934303,0.021286767056823887,-0.30693959243460783,75.82424918083133,0
49.943425454137376,2.733965358349951,8.698438242177765,1907.082967632284,34.26237285724276,3092.038193744839,-0.7733315423477758,0.0533283625973523,0.00977005522553655,27.561112369283236,0
55.62191815097904,3.07206934611363,9.710510988545344,2042.529452892202,59.17710742868138,12733.012088169706,13.819951500226349,0.9734991340155187,2.209088101427021,96.83015352144116,1
61.74282198069136,3.806906208620702,9.185109749106518,2028.8901056420275,57.089586117392,8693.495621608505,3.0668949865287773,2.4540611080206522,1.6701402414414326,109.86949141283102,1
60.6851261342487,3.575505593698669,9.602540051881158,2128.8272323540064,58.074337880106455,8717.111057934295,7.517927931166074,2.9006350271421866,2.4792405682248346,111.17410885704126,1
70.66084808469653,4.581327864224056,11.045847970248285,2106.031192368085,69.19606629128837,10489.144532482098,5.994707955364147,1.6255514836643368,1.2311140419325928,150.38032229018665,1
61.31156270961601,3.754173620483741,9.366187439633453,2087.328651797339,63.68835862360043,9127.157000958421,7.833523767345179,1.0685909727869083,3.475385786504742,124.27206089975857,1
54.5664780720618,2.9494212509516933,8.575364218823696,2103.7714426269094,62.905029930591546,8126.178137471891,1.8270289958056278,-0.2228688583789098,0.2819488754361128,49.056723313778306,0
64.70956728877957,3.6423910591907767,11.08088703488316,2022.266232860793,64.42413657537936,10391.910073308045,13.847569533135074,2.731149724130995,3.483179884117021,140.2294780382835,1
51.155494595827705,2.274614295123029,7.060622744514787,2034.4095443576691,57.37798027108063,619.9687731592173,-0.13686850767266653,-0.08507539366295062,0.18597421649276058,32.6324843927012,0
65.67555115622187,3.997341329894628,15.787845113199952,1575.3606587304198,88.54355030878087,18322.932208686427,3.556578201742667,0.7178729574852978,0.5327417494435158,184.77323361580815,2
47.52647189117925,2.8208275475203592,7.766969038663261,2027.4062425781076,49.688344025927044,329.4603871256818,-0.18516717099204008,-0.3745320323532466,-0.35326809420942445,25.18379552530275,0
105.17678324202747,5.239434141958076,11.726810174014522,1963.3340077848522,90.09306158655367,13905.82362948472,9.351280139057558,1.259903429258685,1.2715398156934095,192.62691559168655,2
47.58610101278629,2.8746314855679946,8.004097216303917,1976.2865589869132,51.44269067554501,4286.887796123935,0.2935268326453018,-0.08963894376347248,-0.26708741627406074,81.9818241806251,0
51.409898688270864,2.3086776259968453,7.610895267340052,2009.3539508267831,45.12253833747654,9035.609425685027,-1.9430539080866776,-0.10571473647358427,-0.3481215808740684,61.234497150894484,0
52.65265151293182,2.626715170174946,7.539407184524635,2076.707278502558,60.71200693393244,8983.999280708418,-0.17911148234595953,-0.0016075868669313432,-0.11444475042683641,35.175830075674924,0
48.60480971385973,2.8769177227017506,8.070252436147616,1976.6872458445296,56.848840937200336,8142.209208321036,-0.7769532350507171,-0.037966095765327786,-0.3072440774145129,52.86771468169953,0
48.57161195598978,2.9119761607851182,9.041422631784556,2015.9908379376602,46.04110666844953,511.31592477395736,-0.7624441819389206,-0.12335267578464988,-0.21451433933904573,48.413125050026856,0
46.17482109502457,2.3404618469803986,8.108827780911199,1984.070528646821,48.756419407272546,8324.237819352567,0.7120866908232284,-0.21840397630201586,0.07931935073847626,43.72431996947688,0
60.21382635430437,3.0703681617296237,9.409701969991376,2015.9811508570265,63.133377968308416,10529.008256947236,10.215665498977494,2.133045883469575,1.4046396021427647,94.93675027402924,1
43.965804654079975,2.6899067189485923,7.736852828860266,2053.1159792554367,55.766004984035796,1657.4033345657258,-1.7702540104508557,0.10092667768792155,0.11738985430160473,28.00940205472257,0
70.13479046925254,5.095833855306928,11.504058378716117,2343.4899074584027,78.12005991756692,11171.270439589309,11.27912919920359,0.7166976053680079,3.0140696743724074,168.5018403020408,1
47.58328622370952,2.999865521862043,7.326921588468483,1984.759121161429,30.38203981865101,3493.591395693767,-0.2488988940993073,-0.22359957746617976,0.07038881600400557,39.33129312761032,0
48.005582342060244,2.9679374367898843,7.936911999268142,1983.1248351193447,52.54424744544117,1418.7363820035737,2.254382394035939,0.08271765808040057,0.08113106158467136,36.66792748421683,0
68.972785780686,4.558283908315447,10.147829767417083,2067.5278693663518,73.0024697021511,6507.1469819921185,10.728602489856573,0.5623313366625738,1.3246971469994242,164.59072838101363,1
45.9996761516429,2.834699491374046,7.66112675086606,1968.7880688183122,53.573389963918544,7407.52397028573,-2.034639238011982,0.27707203434436306,0.49436719250979083,81.08752176512695,0
46.79518926393758,2.685634370689948,7.144855713118466,1996.4227468664003,42.51204094919004,6138.770199960299,-0.11691280122909381,-0.02607072684523487,0.18192774164946013,36.623085247522084,0
56.49126650705241,2.364791146054243,8.168037101248478,1957.9361018721677,30.09655017603906,490.2948617458236,0.7676513048565078,-0.09529001238554859,-0.21333145892693914,90.03174531631393,0
44.222425271236375,2.3962103844398883,8.090967914620355,2050.6267008031614,49.357998541034114,4650.766031571038,0.13066347247017382,0.05092203220510486,-0.05990019800591255,27.496709645635082,0
49.88870309060661,2.5640475495090804,7.928784331602945,1965.3394378135552,42.85401122423741,5995.826470782478,-0.27792387201509405,-0.10358611246419783,0.3035529300127997,40.822338113412705,0
49.931043910330274,2.830645931881703,8.474431156486435,1962.5055972698494,30.35593626727962,9240.282291078945,0.1346399051247537,0.21954772382327695,-0.14483838206541255,54.80312501892704,0
53.59957659858475,2.238432950587494,8.44734753067382,2023.3764337009065,38.05799825325116,4183.372459970635,1.2416625418173428,0.10009281147187195,-0.23158440622805077,54.89211369189181,0
49.84271183902542,2.209832279589508,7.7485956394576965,2019.2686984640736,68.90999045931419,3540.4654518364496,-1.1692565426027293,-0.12219078897930669,0.18390790991444086,16.502712728971083,0
51.584297786829,2.3428607209495027,7.98374157880401,1910.680045624828,45.24258154353568,5706.021133897141,0.5100277816442633,-0.3676844309496601,-0.12420242853577801,74.85377744541783,0
52.436145338763566,2.2575345124327706,8.935557912557705,2036.0825298861105,47.842353266778375,6091.285103376437,1.2779887769549245,-0.1626469437778208,0.10306905228748883,53.44807132138768,0
64.96817658670788,4.416388101832292,10.497680995150379,2120.321966270056,66.24920595201269,13923.54382769989,11.20954706210829,0.5205708763674045,0.8770189551067887,145.38754691033273,1
59.25128867617564,4.117287919370557,15.477464610546328,1562.0661817455766,89.64669672024098,10341.822410698545,4.377590537594619,1.1536758139704346,1.5595108581548351,156.71576804636652,2
48.873768566204454,2.4931497679361296,8.116740228737127,1979.0057304951042,46.49359743170507,3603.171920258423,-0.5130549641522952,0.2064567320754248,-0.03034953218304088,58.52583562509621,0
47.332423586595056,2.4098769031541036,9.251373813328925,2031.4440145753435,68.37825878900001,4139.225155141535,0.2558547139957178,-0.13872630541375613,-0.016298113168254837,43.02334093150749,0
52.65404545138531,2.435050966056966,8.66522149386663,2003.1359522382102,48.0558089064143,9915.37186462786,-1.0098378685519829,0.08220050612815274,-0.2009918431056384,56.357557110153785,0
59.276551360018416,3.707554703752474,9.70727805243565,2029.876179224821,60.73500183927498,12591.088655687628,8.103153063288872,1.4602014868023747,3.3777262475648935,100.44337438413021,1
48.697956243228795,2.2930068757515754,6.974764782470379,2064.5971938365083,44.655716412623676,6687.642296629291,-1.419114773335789,0.20804458259839312,0.38845273547911,35.55774447993773,0
63.474102795657494,3.609380828978634,18.07940134469215,1754.3959716477134,90.7697801940561,13942.843797000973,12.427282509827418,2.8347492434346813,1.4441646664773027,169.5896637438808,2
48.78640691521938,2.4808028214812783,7.844985205133772,2022.828092843493,51.9718651899318,1150.949898964757,-0.5425312358363638,0.012535080145343264,-0.32487443394183174,32.70958617295612,0
46.43594349965145,2.637473086504015,7.7212789030765565,2028.0424876392199,30.21896879934832,5242.505835855745,0.34764358812152774,-0.13497941437896185,0.12011847542192544,41.60985835039282,0
46.083195062555404,2.5828287608966427,8.185167440638903,1950.1708923864085,40.21842461366741,3859.2556831775782,-1.5600438082747774,-0.023716128052305732,0.24205291911100274,47.36789642475785,0
67.18704049024635,8.118779132908816,11.779090777942036,2105.8370733365123,93.32008442029364,14848.172398550447,6.946154371627547,2.2013012005124617,0.7419002223151987,162.47212529240565,2
48.19424163294937,2.649136357920099,7.1580032716081545,1943.9883427998773,43.39876139731982,6506.265890801968,1.441863467882183,-0.00242861033442241,-0.021328786299862214,36.35947270382189,0
52.07743442494442,2.289416759490909,8.686627937818372,1975.5633948137556,55.520915055198834,7817.552802488359,0.08609799277567105,-0.1217184631044893,0.28341925461646705,47.77154124530731,0
57.140704190122584,4.090464437255644,10.833150282610376,1980.6726172099186,60.8034867528386,8331.838524538607,5.629066064772838,2.5020060081964237,3.796802286251192,118.19069435208625,1
45.17901779992483,2.039039708639729,8.167099500202,1980.7481011625202,50.005390580130495,1090.598623102117,-0.12259252658086339,-0.18207988781043039,0.04764913131689991,30.110493295814006,0
49.54926437965387,2.7332746494535605,8.601247910931912,2022.097311457465,42.115045246942074,5118.885000256152,-0.1785825238327864,-0.20137702682441533,-0.3356353721636596,11.30695070613848,0
52.97346011891444,2.418409779680539,7.838110595927599,1959.818421278541,57.40434988668605,2922.0423234941372,0.17603663253745397,-0.0647519108922373,0.48083349246382145,5.495303452495868,0
52.617771103952975,2.5757265771476368,9.0719698867253,2065.8477223715777,44.94250060751296,826.3079234713866,0.7623415644225204,-0.025657460878812457,-0.032821185310696485,90.31862089935711,0
63.186840126392504,3.8806383433689833,10.307343720088298,2106.3370416777607,62.33112675449025,8719.046854117332,7.671885612005124,0.7073340684854705,2.4396972342443766,130.2683127647715,1
43.15857843099098,2.0321633481697603,8.603479307759859,2003.7780584727136,61.23044797245443,8730.014042972583,1.932433383135097,0.2414514933419939,0.5062922295656826,39.19856574572246,0
55.46629747624205,2.436661755481582,7.6399186802119745,2039.6980415626433,37.26194809275962,2885.340472883128,0.6920640141061862,0.15064871263498353,-0.009121630825553846,51.31596174229862,0
48.782770760193905,2.6195147789333655,7.886516204054631,1856.1254557035584,32.500067935071556,4433.943596675889,0.6685902637663405,0.03230106365370793,-0.20919994850189247,36.8422407198327,0
43.76529014058482,2.9156288009594107,8.265083626645762,2067.764488681201,52.378288279103145,3229.9395151810604,2.1381855203112696,0.19180857330758516,0.16960696467922423,34.62158904506513,0
47.77524056559293,2.6672425899546943,7.945175796130636,2001.813744068941,36.35863167655276,8911.208958695792,0.6377187559821413,-0.624966929915459,-0.010003402838443632,68.04064147600297,0
57.87068466917154,3.136638512883604,9.208824392420045,2126.0949403260174,56.67669493776884,10450.980290606873,5.4299246897214655,2.866669517407947,2.520944242312932,99.97595648819055,1
83.49767587430473,7.288054915748395,14.17228288436875,1971.1220970968232,85.81246467292193,11505.360950079305,2.6952199806747004,0.6271410593216928,2.840080797115885,156.93827536170505,2
46.3600836187738,2.0413668476803544,7.678745859060397,1986.3867940174073,31.25720630600872,4521.331583398973,0.48433134883109386,0.23339118951476456,0.014745950800283162,73.23979118409416,0
51.60364340326765,2.570211897559996,7.765862913186275,1986.30298399399,39.019768855941976,3839.820779114188,-1.4627395648477357,0.0780041912188737,-0.26143750965867096,61.51196854904118,0
54.533814327203785,2.1460883276312153,8.33837807469663,1997.6690345093155,47.367287629586535,1991.3092019747169,-2.3365547451644,0.34391798430399234,-0.11041708519528932,72.30992957920776,0
49.381267715077406,2.7248438570503675,7.65961840969486,2131.0172799991965,57.99483129924862,1939.3098079064087,-1.973972741411612,-0.024739733251859904,0.11017028379663446,27.60833492354761,0
51.50330256643144,2.6052813660753107,8.342428039639788,1965.7668233604527,44.69540643011716,6288.056017934248,-0.4547958324349599,0.1306628224025041,-0.14435904451692605,99.36938688153944,0
63.940763310625485,4.335356704650642,10.878402821271193,2188.4333190813627,68.11714794139746,8783.436903681502,6.310800400340601,0.5241859032570748,1.0934549295737568,142.7517169046995,1
51.00908169475624,2.609882240133702,7.9774820654867815,1923.6036532984558,66.31375087873587,7597.8179404706425,-0.0030008532534668187,-0.007369179542663979,0.2826581468750845,46.919096969249765,0
63.13141576622879,3.5318280282934604,10.107498300301152,1933.7347303421286,60.14719101769684,9799.634372236625,2.3205605463068233,2.63068829872923,0.6692209102926299,112.62361089409168,1
53.37390627304964,2.0512062128576303,7.794329570304714,2010.7864354278659,31.738619435391616,7989.898866293488,0.8239247287165478,0.10544959560225375,0.3428989214457839,66.07750905014224,0
53.86529317861199,2.614144590255382,7.856002726057476,1938.823539067513,59.61959073919445,5326.3657176518545,-1.1608371733509981,0.20361502970512124,-0.14143166217196698,42.27804430369443,0
47.86511156869407,2.153642245701201,8.36784532858195,1967.9933542002377,59.97721997101742,810.1414468587398,0.1995166081836364,0.38249899135131876,0.1181513778471874,37.904341538323614,0
49.036286900539004,2.411300563994361,8.07948034305623,2017.609623232186,46.4514371665904,8222.04150848802,0.5454945170522761,0.360724411806415,0.17162289726826874,73.28501987129958,0
88.46691679708793,8.073417777656276,15.499761604871676,1842.0440956848963,98.5294922932336,17863.96527354244,5.099531135722938,2.1492485790062146,2.588125475812503,192.311869703349,2
62.94108714496843,4.195991070047908,10.317532289860287,2053.8979269830693,65.03776296537195,8158.013328005234,6.417893577965368,0.5293672380578249,0.9282286178746622,125.87744168832774,1
47.56778734591806,2.390132767676719,8.627137934073266,2021.2386474272687,57.08845145447402,8111.088897307067,-0.9635189862144269,0.3859446494507315,-0.051666975018149576,70.78651863700924,0
51.7672612665027,2.550194461537703,9.021636400797444,1921.2117397126465,49.69330879629151,9097.329079285322,-0.8054793037827405,0.354093622118663,-0.32815662062016804,56.79977695551699,0
51.29700262986778,2.9909558609842795,7.4769403477232315,1929.451764134525,62.39131000293109,5408.830029501016,-0.7887251533782541,-0.20281769958984153,0.4748386538762906,46.131920197862215,0
85.39280969191736,7.500086532133338,14.489971917885708,1750.3236090383082,90.16295911281713,11314.331187348336,4.955789638013154,1.1264646381885535,3.0572071283740367,163.3592211243058,2
50.63608043625939,2.6027570195153604,8.344775591613734,1997.8814734792227,41.74128847101689,6747.050431831482,-1.0856070057540064,-0.22815389313320772,0.12650054927109997,60.12835392397379,0
49.32250638699947,2.3008607126644063,7.816724375717974,2011.9317897994151,56.8840345889301,8897.632599139048,0.2715092888137366,-0.04809042908257204,0.04367826508679653,42.171773344643775,0
61.75582740810977,3.556881796956384,9.53042328641091,1885.2763269346217,64.37144068065693,10347.486222665088,4.647107628833616,2.1992558072501085,0.5670190191725114,120.02895058933991,1
58.20383653754863,2.078820514240385,8.196626367202564,1914.3450288254403,50.6443693194236,3492.205547726448,0.3590280010442123,0.023798609241203632,0.4479336597609334,49.03984808930866,0
52.110133369810804,2.87120791472075,8.40112137663376,2014.2571825053878,39.33401019809007,3684.501170909421,0.21901613815395193,-0.08076681834207021,-0.0921591713019429,72.43580981438737,0
48.236047600509096,2.5659396870160585,7.54122862178424,1929.3060648519777,50.74361136123008,4765.692194690094,0.20198102548326494,-0.2885221580732062,0.3099086245387816,79.8714338359811,0
90.28657876170713,6.365446741748095,15.022750940098046,1655.6148358790608,87.43493475399384,13636.617923973354,8.932982753330933,2.930943882477584,3.080218831507528,184.04052231831866,2
63.48553467513542,3.800612967791719,9.877257138723843,1991.6426827942591,65.21948013911596,8419.323660094382,14.515166489915824,2.201469942469334,3.048157254385228,127.91641481217836,1
67.3693593130174,4.407965709374701,11.149215607404495,2071.6475005584707,77.11446727175374,9324.468197786704,13.609689117166004,1.9799807784910097,2.28300272076633,160.93042926828988,1
50.786859989830226,2.754734516336137,7.949144847719026,1895.2317279579513,47.76317161850575,4511.541176142554,1.0145761349125197,-0.28751519389742836,0.3959402804041493,42.57739512926393,0
62.64147470441662,3.2982798452035644,9.993018268582329,2119.487861777181,66.44074128598506,9430.623314536246,7.253204795415819,1.6079688522347653,1.9504579360722043,122.4666470376434,1
61.02384253189315,3.240601798142121,9.196803482276229,1997.472628595549,60.737785971350974,6174.9996093228465,6.998365119309846,0.7558043053725578,2.192210566076797,109.74109631439404,1
50.66232749354671,2.1902230048017612,7.644565948846773,1990.5404939116595,59.54577843679627,6815.229295410152,-0.10195791716665827,0.05673146017397961,-0.043807013910146436,74.36664215948866,0
50.47561162290526,2.7181455998832402,8.46136816710878,2027.1494484191498,62.743148025632976,758.0487252033963,1.744306532315761,0.13153505550007233,-0.016571984110346234,48.35083718493588,0
49.396717841640864,2.0176332627152402,8.951254544675775,1971.6772609532468,64.00613146373536,4916.8275527926435,2.463508512532141,-0.03851905657246266,-0.23847540371996429,62.90578479832465,0
61.6521500991312,3.2302826878010142,15.733509276440635,1876.9116858386678,84.70986921016758,19186.610767532504,10.453895745764846,1.2924194628122687,3.8807889329586454,159.14240662817534,2
64.22352361709261,4.175316185431347,15.737550719948974,1670.8834172813995,93.02197853978093,9191.18618196524,11.11652072464811,1.5013859111559293,3.128407101474593,161.45705399051735,2
59.294159076316674,4.4833461294826,16.484428989951194,1709.4341867608857,89.36721328733103,10303.90138555175,5.704750137143419,1.787263236256876,1.653071742452851,157.41759281415224,2
54.67481896920398,2.3963165752249025,8.740608848012192,1996.616927494901,41.39791325825324,7457.768216935956,0.21443495432848378,0.028788398625535446,-0.09708030821778989,32.615543721706665,0
45.00832674746971,2.4211226363130134,7.241114053280475,2057.2378047880115,44.64331952318079,1055.300628025927,1.7351991279718129,0.20613001737846412,0.1038977392047995,54.42241478041122,0
58.96157572534371,3.312976648983877,9.68630154681459,2078.341693136156,62.4405225918066,7672.019912537813,13.016334451291591,0.8572116952003151,1.7250616325426622,101.21692995350617,1
45.63552795966396,3.21791734222971,9.134157865427065,1914.9116049389668,46.61673819648515,2499.832313177356,1.1071297146067134,0.1250392670993453,0.6502352101835235,43.90896085176775,0
49.657201597721546,2.3034523160882303,7.459445416656443,2001.1822327899722,51.68766128315353,8984.260030279893,-0.3581949996430141,0.2513040870634426,0.15866762883990138,47.73127006760185,0
47.506832333174046,2.9482687479638297,8.270395120376053,1974.0918346552992,49.54693962693169,5676.412047697843,-0.36940047781511653,-0.0832110800730811,0.012532603286868043,28.504835805923,0
67.31854161560783,3.9624952667925215,10.33318736988091,2114.1919052493045,71.26229283626749,5090.79591921676,3.2168141520489897,2.0232217718057077,1.1384558420726658,145.9056719493327,1
43.92767821637538,2.3815727397373303,8.261012049048473,2024.7445189551524,54.57692484836795,2930.337463464525,1.8510096188804241,-0.07023715301707154,-0.06104576025712589,39.5357493405329,0
59.52173503666847,3.6817140419141623,9.636948258770506,2058.1279799864506,66.92376630547389,6066.010448896881,13.581605921205798,1.4094246855678711,2.6858575612100806,116.54256880223161,1
56.004890831130346,2.9420926419174367,9.589149885220355,1970.6463958379854,52.584466139365226,11783.71601411263,2.9510929418385627,2.2933128494116675,1.6333173403537256,80.92172788915099,1
51.24375219307429,2.175328258914445,7.441660192474054,1922.2358297220612,56.08771699816545,1788.6166122255065,0.451173288486409,0.13274219210824578,-0.30809426785344324,54.29563251145448,0
54.04072351533465,3.3135679646357836,9.056445470437012,1981.3383856381913,57.89318496613494,13214.767723855766,6.962083368751676,1.5045886457769408,2.6859845645497646,81.62894348805735,1
46.95361212189071,3.0628420623045463,7.466340708472804,1941.3067472361329,59.64114494847186,7291.608789795428,0.5558251736336192,0.13522205875832893,-0.24048653260750003,66.66006390961299,0
48.96374300665568,2.567577178220834,6.934418860710665,2024.1218453971428,51.07372143789716,7343.018331033707,-0.12233998412855533,0.01471119141774848,0.15920603720813095,72.86719122401377,0
50.338219253477995,1.9061621272069695,7.799164845452945,1981.8511461026546,30.57124658389315,9115.506334512585,-0.15872686885329557,-0.10516955277352891,0.1988525307670146,33.81742202870686,0
69.8141729550329,4.729473328184088,11.605159699416534,1968.5601136086896,66.6640592649832,11845.128492021846,3.3506708522201434,2.6543497563316656,2.2698898203946936,152.56001707657833,1
54.24893596908138,2.6306108510495467,6.682278457148431,1960.8217484191887,41.53333827091609,1280.393507175913,0.3595683002534298,0.100266544882873,-0.7882009319149771,45.26160871647874,0
62.22792180862363,3.549420003325136,9.878789628005384,1922.5615280909653,61.0397871233416,13699.080454614725,14.182797287092566,2.6228357426848516,1.8949874582978226,116.26059560277662,1
73.67214149674261,8.582546894833584,11.416447629028456,1993.2849506125324,93.9041655406972,9645.229368247506,9.225452119418584,2.4384432081486103,0.5190680970367608,188.07663424808862,2
50.58074512088147,3.000008436017432,8.385156192186225,1948.398260356856,61.338894670955696,3625.252349364101,0.4078014321587477,-0.3660775231910173,0.3166742636686047,41.5426469586363,0
61.64106885247246,3.435312105299193,9.767287659022859,1996.6251002135677,59.78202135408679,6194.770106993325,3.5207252475313036,1.190718335651632,2.4182785402755167,108.06991142835406,1
96.65232272510872,4.545061201073594,11.884012324032803,1866.9051080794497,93.3023427034192,12071.075330726184,14.511374225866284,1.1723006911588532,2.047501975945022,168.6347685374229,2
48.85338429385077,2.6062640787213915,8.920459690101612,1967.401005917689,69.69833710768188,4097.452194995819,0.3173859359903058,-0.0030651995172555533,-0.13983155801467373,51.00830169708003,0
46.59657824732747,2.4144783707786153,8.196679652229603,2006.153818399979,54.98339618221172,6948.777063858891,1.240557900521476,-0.40645532193025713,0.47380027571518624,55.336231906542906,0
66.94312431994207,7.151186298610869,11.961006509907085,1994.1988385416144,90.7707150256294,13532.981221098238,4.970556649820155,1.3428004274246372,0.6929941358626559,184.82986749273948,2
84.77950081314194,7.416330849286241,14.313554368573632,2187.2554389554944,87.07380012674375,10272.697794457938,3.9775514229955693,2.215697165799286,1.5479332250361733,177.9410993079684,2
48.847396985688526,2.345576758955963,7.4491289909782035,2014.5201068718077,36.34366771614447,3365.760417373901,0.4854751950926902,0.16956439975465817,-0.07369112934006836,85.62972729037031,0
54.10210715996605,2.7384656654883264,7.912435975830562,1987.1682644090454,68.51772765210715,3351.422654605789,-0.5408719337955787,-0.3207271238135898,-0.15589144126175275,44.68491742016541,0
46.30243924942633,2.6872170195747063,7.625420737204846,2013.831064575829,31.67505398369903,8615.676826591922,0.7479064407234323,0.23426848230170433,-0.10602736239330916,56.21274997879588,0
65.3306194038056,4.267353821199784,9.369834790161725,2003.5550700727445,68.24349568067372,13069.128818048943,2.5815242701042025,1.4497723343095765,1.7275542446295205,132.58101947382622,1
52.37657355593821,2.5272064798122447,7.755580241203868,2025.1220450951573,35.29356049171829,8612.502400009282,-0.3860490822851164,0.005803746945174021,-0.013873740267107337,64.89059847966928,0
53.95609217428453,2.520334149491981,7.85255800092267,1959.2681642140597,42.754666929822335,8396.495200281477,-0.48922003720925067,0.2727472937233798,-0.3140635370283974,82.6275504868136,0
50.05327387247336,2.573561020013408,8.120795128284716,1984.5202241121476,36.45142565879261,5323.286083866126,0.8651614867964222,0.049958086690688144,0.10867002404456062,44.41967076891838,0
90.18781593221564,4.073828421235875,11.261129012829327,1943.4644058007132,92.8943257295401,15691.524793464523,2.14558737554673,1.9462747363292747,3.2343718458816593,159.02693080668058,2
44.37163621714286,2.848943144899158,7.232976619282026,2025.2611707736496,56.64066208053233,6713.3277563058455,0.7993502711017172,0.01490427602954418,-0.2709664489755725,22.039076392780036,0
48.67106878390206,2.5066073346442304,7.856948092750764,1991.5491514147707,45.978661262770984,509.4871160295811,-0.03885356722239497,0.33247131978196653,0.47768187406233725,56.53649757500561,0
55.408123108645825,3.0381661826327426,9.154931021862636,1985.6508508220247,55.950648065194365,6539.809826536863,8.631914486573319,2.0850375878224296,3.2023579622489873,92.26326089884714,1
44.81070067014199,2.558557966898187,8.228557161473784,1996.9776596628274,38.523887777743184,8068.975887664962,-0.14512008279875901,-0.017559196754684044,-0.2064083731066568,31.010133545022065,0
100.1575306991121,5.557112258785617,11.660920623398574,2024.640373392488,95.83997290830918,11930.659236322983,14.82031654946751,1.4621444947354763,1.4205169539102789,184.5826037717388,2
91.5893624425788,5.038353360617705,12.39855612814025,2275.4541795166747,92.81084662810815,16276.475937110896,14.050063005805223,2.5577759316669186,2.2328920159930026,180.5336373435965,2
53.80772294881095,2.752195983798625,7.538823888802617,1994.7788829181122,40.90934070297806,5847.395993629952,-1.5072943781538746,0.48737637855522087,-0.09232812618518238,11.804390254181413,0
58.225504316244184,2.96589445814774,8.463162093006245,2081.6545014035064,56.94351866345854,6197.496540537164,5.290658892876156,2.602879602386896,2.041437253096116,89.81006625566468,1
58.25318768168,3.3908006259667203,9.531163147689977,1907.20705330557,58.79875708976636,14562.306567305257,5.115247593176458,2.8680824403514182,2.9739765349245273,94.37673236469269,1
52.678600641979244,2.2568160701579,7.761804352495649,2053.9905107612785,36.875196445464084,4922.445771204155,1.7572433666781664,-0.049111301508811905,0.00910686064617473,59.18355944350851,0
58.40242773253821,3.5979454129739454,9.37813313736505,2116.1462895026953,58.11084725201127,14905.61382744994,13.723246976625097,0.9935833641892193,1.7712064759882455,111.55216888298995,1
90.28041602346161,9.607097952571303,15.141573371233461,2129.670252748628,96.58582665404785,12210.43404175833,4.717228732883856,2.7812999280824107,3.0701755732534717,190.83479275213483,2
48.90151671386356,2.766746852103068,8.45138099464257,1926.1609459928416,52.74394544425854,5382.567211654883,-0.3553326830312902,-0.02536031433264446,0.37182893827204583,51.335349106114315,0
59.78501482111031,3.512671975352518,10.207888959806148,1928.5292925878366,61.6604192376151,6747.918761729559,2.1351134242514114,2.0333201488978094,3.980204649810182,124.96165486355818,1
63.954655671737385,5.026934726151154,16.028171939300016,1845.4225719094104,95.98104769744147,13962.168172734828,14.84471011100275,1.1065115367989327,0.9848434053244746,186.75604119921954,2
51.72048419557715,2.0640061863736956,7.1790771518177,2035.339577019692,39.415267167425235,3900.494864023216,-0.599999423240526,0.11234483504594686,-0.2821875118239052,5.79217861866843,0
90.20537090939021,4.269270264888219,11.540717683166266,1848.7498985548473,94.5366554591694,17002.536477326823,12.140676636166376,1.193557913164053,0.5018447976622895,168.65851075721855,2
44.73636055897889,2.630045283993691,8.128973666405098,2048.4171882042465,34.29492857793029,7664.040160965936,-0.815309725439865,0.1980823347818903,0.14908442527658783,40.13728682367571,0
45.99741757490628,2.499111735743966,7.562562975767042,1990.424837706937,42.70692477891473,8915.06499565082,-0.7533432126723794,0.14952799297854188,0.038974769312715325,59.645745297853466,0
45.569829848926894,3.157591951431688,7.744263465359951,2052.463033248447,64.99913279347786,8119.703864383112,-1.1660739258462574,0.1686881718163276,0.014594139574319947,59.402793773687804,0
99.79015160761915,4.25360083318374,11.736742246360716,2038.3588987217556,92.63992486908336,9970.837039080525,7.16644865044551,2.181409216516198,0.6932696538803789,164.70784546625882,2
48.00096019360871,2.458710922056958,8.005242558049476,2089.0111870494525,42.13760696374469,843.277964229392,-1.8608264035403042,0.09105594072268225,0.03656606498236722,61.89843115703144,0
57.41222356199526,3.0370839171077733,8.24583355295551,2013.8600916744947,68.50374486207188,7178.907702556367,-1.507347893321295,0.05032010171745191,-0.08807253278694445,0.7860609562767564,0
49.65804671365646,2.987826142560858,8.194966141964017,1927.275598832195,39.27500678281989,1931.0876582212854,-0.26585924093308466,-0.14013071460669455,-0.3653022512389686,52.98264556829568,0
49.29193621510865,1.7636825401605214,8.192913421059595,2075.940775714353,54.708042807365175,6962.1045232905235,-2.013609255083805,-0.12584090648043442,0.15107337843526852,59.215707972969845,0
49.35481668570132,2.8093861961193203,8.196324381719895,2052.458785573448,38.21578957266962,7748.830195529241,-1.6148010834452657,-0.14592113017757277,0.6337559122691391,69.59625538865174,0
63.26447938888635,7.196489188785579,12.172643920176897,1981.086031748891,91.83112483890724,12031.638891041715,2.6149884904627587,1.7746052445656089,2.1593532517758423,160.82035097811763,2
48.01530714051524,2.7704434778001663,7.619557183793193,2013.9143406733306,64.42812691638412,7392.745031551632,1.5697045308587736,-0.27051478936621487,0.18237037980126955,62.45964226142846,0
50.1504140754712,2.4150304512168725,8.194260936625726,1975.3476407075777,46.64304560712985,3385.9424898743173,-1.0478586248809458,-0.3208238315841745,0.11082001990431155,46.54466618778986,0
70.04662821553062,4.59010001507211,11.472433791805877,2113.4397838492814,75.04799426860772,6887.19798981151,10.425644713565275,1.787504099871433,3.936631369833643,166.0324765034659,1
49.715523173557095,2.514668755208964,7.990693322958452,1978.2688211899674,69.9868922624354,8692.967374994052,0.17735365775491632,0.12435208842462182,-0.1258520038111976,66.71146577020453,0
52.62256983263572,2.8769463062899634,7.802112725104098,1977.764492559027,43.16289925719183,7569.306529485845,-0.09830292689648013,-0.09747772594791147,-0.29722262491764184,59.95860791711263,0
45.42921365552228,2.2648919834736656,8.115824096861282,2003.6776038667106,30.178757437166006,9023.79912460559,1.8872134301648316,-0.1536785895545529,0.0708469220963769,72.569777767783,0
51.06690232290516,2.367446838424925,8.188297304750229,1926.1126386906678,47.123220499151174,3036.3898280912817,0.6931055155411061,0.17204539513981676,-0.38376065707773843,79.35754554461994,0
54.0382502415288,2.520241866831989,8.218083082849741,2003.5098614303145,30.61749952249589,9983.46781388623,0.8914888436658108,0.10258632810960662,0.031865179176600825,7.966147043653606,0
63.93066433999075,3.789494536079799,10.884358031515566,2081.732870246396,69.07955040934705,8529.41799309216,13.630931471070364,2.207640153641452,1.8589659289712883,148.45845251302882,1
47.361943682916134,2.897177102248459,8.087294138763005,1966.6155858592626,42.92027481975375,3384.5650831052944,1.8115547192523307,-0.03470236883902319,-0.11985632705347463,45.73512370936598,0
50.39717394670961,2.410390144692859,8.055238507881853,2015.978908067107,41.015617990034144,1817.0238753760348,-0.7344126237659614,-0.1409871911693622,-0.1883934960699025,44.192999300276426,0
62.86415058858393,4.920971777075209,17.22757114209311,1665.825690864313,96.5035013683818,16815.445795526783,12.411097231937097,2.8713229011635337,0.9790510220165123,194.83042228982785,2
99.14498220746867,4.697140842439826,13.341886288704053,1780.6340102376842,95.18379877468902,17710.690296303754,4.988761822923161,1.6586615965482006,3.866605683671257,194.25528278138196,2
69.98416840261362,4.667928851084051,11.58251304142886,2006.0705071894956,75.53738100243899,10888.901203573976,11.071779970386913,2.0339660363631276,2.3178265807549625,167.7809427215803,1
50.792753809724616,2.8081254091670695,7.437186921210799,1974.692945411414,40.60232342550094,6996.60377304932,0.2423142574513812,-0.0033877165811097686,-0.058779200059804124,61.4539728419378,0
48.139678000652665,2.36080975143864,6.975566318661974,1974.2421148775013,59.7935037548158,2368.665038305111,-0.8999852593797201,0.20079500009015822,0.5225649045077057,73.33635519850807,0
55.701007212615245,3.01535633956806,8.841624623634205,2039.404933512746,59.33866624827921,5874.670556430418,6.381727869130479,2.2167652323777887,1.9439741925411906,95.78050874335355,1
54.28396376089531,2.7065716803395152,7.572727188677404,1947.7272516646422,55.61175667804344,9652.232601805852,0.6227744629692797,-0.2310485982739195,-0.025143286165848724,67.91942360943591,0
49.59151005094849,2.5145475416102046,7.339708606339989,1961.8492247907648,38.98486811113712,1797.5926352696326,-0.5189974472528162,-0.026526582182896708,0.09289098453312525,85.48451449029159,0
63.75705109293623,3.670679301225481,10.755682631851041,2057.5864993951413,71.73191724907991,13718.72119269377,4.892850141266695,2.324190943034214,1.842221104316608,138.3113747779016,1
59.47676094685591,4.246409457809853,14.194566106911278,1787.8997010474245,90.57683373129181,11608.95627834979,11.304468806611675,2.047256961140481,2.1606939038415827,164.65411263703507,2
52.94858999413223,2.604202331064538,8.245451065036832,2036.8874041155893,38.09193339627745,9171.175298161457,-0.33227327785869987,-0.19257703508742735,-0.23720879728569563,48.214223433395425,0
50.43667846515752,2.4400050067240264,8.432886023741208,2035.8362235736872,49.82520050505083,3178.7258906358893,-0.4445489046447416,-0.061184338331874415,-0.5376625044521294,13.434498000357777,0
49.21459626233019,2.554606659003361,7.515706122917512,2083.6458136581336,39.637995460978104,6815.941118784741,-0.6113643689519013,-0.13737691059964363,-0.3217524308379951,72.9522868910176,0
48.904854337381806,2.2537405399294945,8.083729913728877,1967.2096293828954,64.29982966810792,8095.513010969342,-0.2556329869241802,0.05594716636212321,0.11288809242222884,52.47298826202523,0
55.76317819811172,3.203593056287417,8.625267447211955,1975.581167490686,52.2361749416775,12298.104977972278,2.045810523331566,1.661305453519796,3.999331407058634,80.30513409179224,1
95.61858507041515,4.8162692764161825,12.52893432479202,2040.8415171816498,94.84660603482644,8716.191812441728,8.971622900474337,1.3727488427263723,0.6050038681234788,181.4249771533047,2
70.57742473769237,4.532380452414541,10.963660400746214,2022.7928573532142,72.37818672589138,9799.238058822062,3.8502810331798987,1.6599701220664738,0.5316807461455206,164.88464488176456,1
47.37156790318796,2.4098388966844073,7.739464499207532,2027.3804344313967,60.19558846585071,4738.930394558275,2.194056535375819,-0.06122111931283376,-0.25409710917592315,14.735199664017834,0
51.1018243429838,2.4317196310631544,7.8182408426199705,1922.912452254144,50.73806134862369,1047.1847116866472,0.28461595346505564,-0.0328480264150324,0.41377482784871716,38.490122082873995,0
50.26850483521714,2.2846606701533894,7.09389701489436,2020.326549232155,34.380469809490435,6678.228542386298,0.7598868244222644,-0.09701243969764524,0.3103300795384774,56.0600341140164,0
47.758132627160656,2.796171897091145,7.80109253627318,2000.126596817512,54.313269732942224,5337.393475604532,0.8200528737110482,0.18286922699051433,-0.16361338636048375,53.13995981919176,0
63.317948832296416,6.593398659407886,12.230117077219106,2018.3818150770537,86.17560152048223,18161.9649300288,6.239684248747603,2.3389950826644137,0.9033791212502068,155.81086359082835,2
47.72869754652891,2.910029950080499,8.660729010007149,1904.6546153406357,69.474806395591,1715.0980177453623,0.9949347305887213,-0.2678241270052646,0.31920662707789876,70.7455070791843,0
46.70400249380995,2.582690862035925,7.305171095691277,1979.8764710346247,34.173596518617984,3194.90804914736,-0.03991662853796131,0.43018127354504715,0.0784648053956499,69.6007426131943,0
45.34037462353411,2.526016217760785,9.060121653648448,1977.5877821952795,64.93729108758359,3221.776520378089,0.6351771364911828,0.12712264856313812,-0.13646346527482678,59.49237543601688,0
67.34435000418082,6.373699184282175,12.586359949743485,1910.7618231045308,86.42878818057488,18210.845983936437,10.583963623291307,0.5173107426613811,3.492199630389755,167.36515825640703,2
49.02694489548418,2.7270107707703963,8.492489538070323,2034.0371021502347,41.250752798290954,3564.368334069763,2.660315307283326,0.06139454734157414,-0.26935888740117264,68.84433125045985,0
60.71513293077121,3.910722638349171,9.822446063676882,1934.768417398775,61.753074841015895,7329.000343234337,10.012998502589944,0.6871210185340468,2.281475323716002,119.18340810283534,1
44.07266082866104,2.607380739482223,7.599725629380496,2006.7309685749854,45.046358244374474,2374.9860824613556,-2.0464231678376503,-0.2492421671224154,0.42042955657535114,78.55672665961728,0
50.96810490822699,2.1237230429618204,7.935606162048077,1988.2135265357101,46.516813389370405,3061.8842182011763,-0.026380711875300805,0.25328358116751043,-0.05664895296780889,47.72709584771985,0
61.49680601565148,3.706016683159413,9.606665434558723,1927.8527024546236,61.826516777390935,13713.644123370685,2.3332010500407683,1.2920008591220293,3.5887128312145746,108.15297507589744,1
50.67256911148405,2.17924060193143,7.839601069256978,1904.7953603792168,62.800510625789464,5206.969750830628,-1.795615137468475,0.025725613962295214,0.20054356013835692,66.32713967448933,0
53.15982902458038,2.3029454652326566,7.420228653042426,1914.4641091510864,44.576490850226094,1616.3252651784367,1.0904731679783315,-0.11454462893353656,-0.9202703715643906,36.89549666953887,0
49.97524709179857,2.399624125429612,7.210787511959389,1968.1087238911555,69.6018616140566,3979.961956545057,-0.6348363515497958,0.12670079112751562,0.12587378930955131,18.962085009384047,0
50.45966334170483,2.043004235899477,7.433253256232481,2056.1047065400385,39.56283744015137,8228.111784933211,0.48632728540897896,-0.18393306993952432,-0.2796341543364141,30.951415234568646,0
49.81612513506896,2.3268237832616885,7.173584889607635,2120.8941289018244,50.820918914514806,9875.791442170645,-0.37112799059578944,0.1460444917297372,-0.3486900777621043,43.74591416114374,0
56.662861372798865,3.6620327099405263,9.280977292518774,2084.8717311193072,63.37478959414349,11281.660030390132,14.706176793745113,2.3568068767802117,3.04696162808985,99.89806198702503,1
44.41223404031221,2.512938028634106,7.7270390338484924,1929.772930800248,41.385551486954654,1996.3585646365045,-0.19655168210386603,-0.10496993036983855,0.024007792061896484,33.396833688228604,0
46.77608353282993,2.2373788153052128,8.885204914021868,2069.8228624668604,65.83425850407991,9107.867938565985,0.5073566596839123,0.12184419377173435,0.07669945957366457,48.58117794740488,0
64.25182014808118,3.3835039118660433,10.227322733098532,2009.619331304929,59.14440602414268,14075.942987109627,5.915567653875917,0.8817819633578273,3.5030849850610815,113.31884906113959,1
48.548021992425745,2.7447304584877217,7.615151727651733,1995.050490628479,43.191462584472454,3515.0307823998673,0.32733193125147436,0.013706019823194603,-0.15005186890032085,30.6641721571251,0
51.61164691282988,2.2486809297362713,8.283161132084171,1993.9320495991917,55.194837808629046,3630.80711210095,0.7766463098556433,0.10063509139977121,-0.19211092331635943,66.22169226904931,0
43.43894348272335,2.218890338208645,8.542951889208888,1959.3697847029234,30.488969737260444,2935.4422885877084,0.9308100771425494,-0.1583876959741998,0.00467348907912155,60.00487054038154,0
49.20597573964599,2.291096924635785,8.699010645686347,1987.8917317722319,67.01055757343158,5312.765349917839,-1.4898608422274942,-0.004522010733580369,0.2377643562049881,48.173421946021755,0
48.1175214310963,2.1652628289949956,9.256288056873643,2018.5981963354438,47.29719518560677,7585.361795403025,1.7733971367071473,0.18148570646992346,0.15335244681314034,25.425124742893118,0
56.493229678891645,3.330541564347575,8.911656070658314,2055.8852726581986,61.04313852680533,6481.479788866638,6.924781041160093,0.8587903336801799,1.447502837143204,93.12676579347661,1
66.92458793759354,7.210547599328437,11.70311399348123,1948.3408976560656,85.87664820878899,11006.498090267502,3.529988927676251,2.659082516712234,3.0377055594584537,159.84540452312226,2
52.93216307142254,2.3719427580750345,8.083528501346695,2034.8693621192176,46.27357418230333,531.4362067519263,-0.9496804246449934,-0.1744800467695519,0.20157331187922203,51.29757533591954,0
62.964400305551564,3.8934264117995605,16.58559075149963,1514.5211713987717,93.31263791060945,12398.109532483828,10.223710977292743,2.4105821541167067,1.1444332828709587,177.91233516827765,2
63.955798860865315,3.9704275027156397,10.728021743352155,2050.52819144817,67.784375985595,6077.00587758882,3.0754445994412754,0.9512376643596094,0.946293174914131,146.04948218967823,1
52.9535272176102,2.368115553232288,7.963711886844603,2051.7526351861993,65.54108418258377,4504.616387310099,-1.0292008609167265,0.08659118292325663,0.2517967067141862,33.40264003041902,0
49.175279402729146,3.0833027274422764,8.123589408392519,1956.4010617696074,56.707059704859475,4001.3880514998723,0.2207194331111981,0.2610479357867803,0.020852043372568362,50.31754356703798,0
48.62345103578288,2.6180115073474917,8.296537516863458,2035.1304042273548,68.7244029347074,9357.106349693206,-0.1806838921904478,-0.2947398675255343,0.07253650385394736,64.13587011861213,0
49.10117390486783,2.2628910701782687,8.568714461232943,2033.9362347520114,47.886676560370105,558.4449301108297,0.6689246720235412,0.04226045241981461,0.23579860262341393,49.86830196142525,0
50.704970476027235,2.595123523104592,8.330770755504066,1985.2585958513353,56.789243058445564,1620.6932574123723,-0.13240411277676944,-0.0896222451826768,0.15791558679241416,75.54694162387392,0
49.519603143051256,2.1380823509647815,8.41102091045727,1916.7608260197014,50.08380933655671,1300.4700521468283,-0.028753111961987515,0.03764381173819229,0.6620647369325511,51.692261222445886,0
48.07007060017661,2.3256309196511364,7.380385078023636,1976.1633764674837,67.05583871769556,7143.140463502409,-1.0198956514977724,0.1610812226632971,-0.35741072694147674,58.759122179824956,0
54.13177327195978,2.9395331854969218,7.786990486944461,1950.4359903196091,32.65124695427316,7157.331136860525,-0.08355950984869305,0.24312026989660548,0.0806625036704305,40.40298276306848,0
54.6095505928451,2.246471405441982,7.984416448016818,2045.8730505665555,68.46422292382647,5199.035282940041,0.05160633151094324,-0.21136074157742188,0.035677505153361516,72.54567278466102,0
59.67635645982528,3.9356506526788753,9.791094275867312,1985.9453242463617,65.2716159226799,13095.901107066984,12.776884394950185,0.9084445401817951,2.4349921995400794,129.31618506720878,1
55.713290942342404,2.7745340335066695,8.205994870285698,1989.1712286429267,67.4179262000807,1053.5774254927899,-1.075212318782182,0.23881276314655278,0.2749024869806614,59.00232509834771,0
91.88310235081677,5.1911645787827485,11.138767228360702,1987.5092913696838,86.44691172650784,12471.257251781317,10.428504433088634,1.9972623956506517,0.7089886045460907,155.92339005608744,2
67.86117858699589,4.563413286171674,11.320945155689849,2007.044130917257,72.28453530044939,12788.038554302315,2.9812271460748034,2.291091225776455,1.98433584930999,164.3792957054771,1
55.53874990476802,2.6256651124350716,7.473035519813657,2003.9460210495315,62.63636482829335,3170.848304850089,-0.11219304455949677,-0.28447467517642977,0.12203516105006756,33.40181669685096,0
71.95566381713098,6.716701751904826,11.496364877203856,1815.535841999343,89.04537239267229,18570.26033872711,9.130412102608382,2.6311002392632092,3.9482885186657226,184.17679823184292,2
49.06648732685206,2.243058992249041,8.025527376895399,1986.6495817481282,34.245331436294315,75.57841394162269,0.34702407727468143,-0.3263957137040447,0.055907574813987414,36.21507988393249,0
69.8480813765289,4.726074032981404,10.849151564714683,2184.7988452682916,74.31168796267771,9033.541699365023,6.381542902256749,2.319098714687359,1.5383469050036105,167.2728290102107,1
52.76413637636192,2.400876756195341,7.798115049970597,1943.8592518630705,65.51479166915288,153.04425878583382,1.8119738944354276,-0.19455218592997459,0.007249841617570923,54.31939419451389,0
51.709879902657306,2.388883732760826,8.430338252705711,1957.1619788987934,47.90694715035451,7597.489456323179,-0.43901917185633166,-0.29216948496789213,-0.33602788352904595,33.76797240455625,0
50.850417521766815,2.4669438419223564,6.860586141073547,2099.7767719626254,50.13274279614076,9961.309760734188,1.3101188485969855,0.19777217787830015,-0.08945198816954948,10.94973880597665,0
46.711515051584556,2.891621414354559,7.602720070108498,2034.3886609540555,46.14012112806016,4711.843399614088,0.47096916260840793,-0.3838331905791103,-0.2739771449891146,87.31771651002072,0
52.47730468608295,3.398360889434234,7.906024872238978,1959.4743738433908,38.1732569330863,5337.359742897543,0.4620605442666223,0.3000437927874488,-0.2012793301603091,37.22718434468125,0
44.865070407370304,1.9369412625675035,8.38287815128095,1961.8128547676552,45.4594678641378,6694.01398075399,1.2275185787018732,0.3283142752034534,0.04668422662160059,43.94802525910529,0
51.04336831023271,2.1255908956794842,7.543065903906044,1936.8127408968226,66.84097295931375,262.4266864772651,-2.052028960616588,0.077704436989826,-0.3713626115497641,34.88109438338499,0
53.466495097390755,2.70054018681714,8.770169914626372,2034.5078185929613,45.7946506490146,3877.5510868392757,-1.060182860391957,-0.07053989580164342,-0.232861637895254,63.84017025216359,0
51.0146035594309,2.567689562383939,8.059561554336724,1970.8521539339497,46.338358792573615,784.6339139347225,0.9665398092365121,0.3136318796273134,0.3334065939089493,60.11474683791933,0
53.45690000739926,2.751566832613643,8.634062976821163,1952.523074650309,60.1608050514353,5040.3091930637565,-0.389804184433736,-0.12902686946716943,0.03331461884415201,18.339216793256398,0
44.6456762926039,2.6182399716556533,8.679223805491386,2026.5168059490256,31.134578439198997,2583.1300067659267,0.051888357835759985,0.30688962508061923,0.09823370921086827,32.74513361426261,0
102.5962796553157,5.221497674572737,14.932991064313697,1915.967142761846,90.9527141859448,13862.216551123183,3.9355689206301263,1.6675536154203718,0.7273308927651754,194.90730647370492,2
52.36718936186221,2.352232788724611,8.355706039100525,1989.4646823504772,48.915505523938535,8488.730167235499,-0.434426082456938,-0.3639438737683998,-0.40473669904701165,64.94359227386302,0
58.459340155004696,3.4286044260782367,9.774058764764717,2111.161788588375,65.12932376698907,14047.109205641653,6.87072822608135,1.418827265438591,3.425100673595621,105.9742124817314,1
50.05774322897,2.8478335133542063,7.17382425730236,1971.8462129532234,35.05947377825489,5259.02307477932,-1.1513856234661237,-0.1606269698924767,-0.11512078478108419,27.237262730225375,0
51.115350577264486,2.617399700016937,8.118707686732536,2055.2889391684976,52.38199708525169,9051.416694510805,-0.7518858351623496,-0.08968485626696102,-0.006952148338223773,3.341683518277776,0
59.81513256712558,3.8019393759044013,10.131889371344487,2128.643544444865,59.730485860217755,6244.97805314805,3.450210753926777,2.12728458927623,0.5453031635449661,113.58512403815541,1
68.84701043189551,3.9176443415552007,10.64247684488833,1935.3008743704154,74.88034691261936,14071.37975768601,10.573047050716186,1.422981896741222,2.9503091769793293,150.37691913426832,1
50.50092160780648,2.433798889981549,7.875378498771355,2050.123664322949,56.62905241035362,303.62647370125615,0.31177951475489507,-0.2686761553089784,0.029361717027468093,49.00482064537432,0
64.35278295873303,4.134452322448935,9.69426709547645,2218.1980554399324,67.22225777576546,12625.10024136863,6.518064459008039,1.7688209586024033,1.2409976045255442,138.95055917147604,1
61.55487947199012,3.5572715676972986,10.642155707626934,1971.0239803075062,66.88568761897345,13222.456606154123,9.429888897908684,1.2666334799547188,3.8700457069764886,129.67383799455058,1
98.45847825316663,4.274696353300739,11.492043856944797,1954.5012176979635,88.57731127896571,11856.127282731919,4.633115922782817,0.8094302429156853,3.0499642778729212,167.54696291569422,2
52.55252535738043,3.268531766895041,8.768874938653607,1976.881641233208,57.63027252072577,13728.926200686428,12.833062339545478,1.5429485255917914,3.024204397846427,103.84977546954417,1
52.136575334002295,2.2099870835403075,8.967045985142427,2013.9052672245505,48.8481222289585,7025.611484769867,0.2722317474079267,0.0864228330650148,-0.05043413226531588,75.43839991173772,0
45.17014180765335,2.564069587668641,8.377119190463667,2026.7285160836616,66.28896370621584,5170.338483754986,1.1944432492470953,-0.06166410767406343,0.16745590096555865,57.68009092837333,0
68.77785821910649,4.143652318671472,11.022772012127062,2043.6127558616374,73.184078163841,5159.920215815765,9.790392818954778,0.8656995213966846,0.9984399692267443,159.498197312558,1
46.93253845067501,2.4870941242978994,7.816852862154937,1971.8822491138187,30.03432895311041,2757.8976695736624,1.4053274310209214,0.32765730888447564,-0.08905609772043813,69.94687031162277,0
47.438925581060715,2.396817406751419,8.740239640825708,1994.46324168356,65.01729628590792,9628.592581273628,0.5464869356719159,0.25332107545562116,0.3219501873457792,49.85880574258705,0
56.04772900249907,3.786328659714016,9.620918872049254,2043.206888363167,60.4283526548263,14387.242851762801,13.262805778432986,0.8222531279086194,0.5407816982263387,94.51323583743627,1
48.89501111025913,2.649582978471875,7.878554049841406,2096.834421621878,59.84311041716268,1649.768789779572,-0.7827264930341773,-0.15863282670667578,-0.5358269592547485,58.22950209546198,0
61.02850407179625,3.5646587260650446,8.927056738857884,2081.9872247918734,65.54686267522982,5125.425206968339,5.334983098603549,1.46872622136946,1.185926014787544,111.21147971937526,1
60.12423938657798,3.6156048034758173,9.272992804393338,2011.3974441612356,63.256596187708055,8512.701323093464,9.830362565360268,2.1209771417976575,1.5407150637226907,130.22005552462264,1
91.66274261221348,4.5266924565916655,10.667828324237705,1835.7386600144512,90.46587120778422,16883.96013587375,10.39292862003665,0.5028866770426056,3.2507734831910895,166.78816534629217,2
44.75276273550036,2.378672897694745,8.001943956579602,2039.4569572098808,50.886421481168526,761.4692724697447,-0.24662176933726493,0.07510207017755088,0.070836365256215,49.162716587568326,0
47.08355127972883,2.765701013843892,7.1332591119205935,1915.0181054455866,67.2893189706271,103.6234560090199,0.9963069298149133,-0.0750832711890143,-0.07978122468326332,61.57231553545621,0
54.95054031422153,2.4220072372424846,8.21069029268245,1974.3763710949916,50.50689709826366,1408.055386648377,1.1010512646130544,0.29503073318945383,0.40848790431671084,63.07858285623067,0
51.99890606929365,2.601932457242361,7.311347147046842,2149.416675439874,61.911525454303856,1462.3600578783346,0.918902181630966,-0.08266125550708324,0.3719904319858813,49.983557734422504,0
53.50035370884532,2.3805606269195754,7.913660645992603,2063.7080195676767,59.68978575829752,5552.622352336179,0.0602408192956986,0.23502160899763624,-0.3413332067663983,65.78810829390558,0
44.75123644923852,2.1366560903434086,7.954206442661623,1971.2562783657668,68.07673089736218,4668.759436150355,0.24848845670396694,-0.021932427411037608,-0.5540894812496409,50.99289623647039,0
56.759810421633894,2.991999673535637,10.046769298598171,1913.126654524227,60.17788858112573,12437.307886607847,11.323221173706722,0.6139004175402325,0.9686652277126588,100.12520948560768,1
52.640025465878324,2.5652310022261267,8.086968377371646,1996.7163812469894,36.914422325540606,9247.323630553574,-0.4608527165791166,0.25001699166093727,-0.14246685231635203,24.340359269728577,0
55.95611134498226,2.986811757281762,8.081212277274,2078.1633412540814,43.805849162888876,9115.989615400793,-1.2336466774694839,-0.06996097624036611,-0.08646988746109416,42.16246105381646,0
43.75045372584023,2.3292431041644104,7.498023862406347,1979.020045097154,56.38970217623152,6077.971351314501,0.20911131244218475,-0.12053064071619707,-0.4246265448358029,40.17547859777301,0
47.896184624629875,3.0802546484879354,7.330655151073896,1949.3053047242188,50.41256875828768,2772.0676795332124,0.6511696967461907,-0.2949428286691928,0.008907301937960143,41.76840171049269,0
53.68453111510946,2.1889519671010578,8.663973640330324,2083.239884655896,43.45032456570479,3271.4572765686057,0.1248235871268039,0.21205693104718515,0.09806727029254324,15.546832602925328,0
48.234617194231035,2.2449460615541588,8.141607518580686,2115.242515612153,36.58001443539425,9079.12822125865,1.4586686808171339,-0.0016923452899343845,0.08814719791350513,47.825515009853355,0
62.385861611778445,3.8394441535425883,10.094769034479867,2042.869438197189,62.166557056859176,7565.707520214856,13.630530699526068,2.2684296017283083,1.7092843440789054,120.90561835796393,1
48.36513141279232,2.2177722107402422,6.97161493279221,1934.2797252174241,68.40764155294676,4655.416734540272,-0.6872920705930504,0.0907009590232748,0.028234975259134088,63.92303875999906,0
46.980986588506845,2.6848404892886606,7.810249288501988,1995.2116624420278,65.10712665358773,4252.570730996339,0.23317894727579067,0.028956166895639207,-0.3654026854747523,79.95548812841187,0
56.75251438280926,4.084158801369585,9.87099568257823,2005.1166001854233,62.45014942393038,6901.426541882771,13.593785751253298,2.633046809379518,2.4558915247631825,112.42979430702059,1
66.03862497226847,8.599141186506893,12.421442962186308,2162.7485360800247,92.90779486003747,13863.77156539129,10.638746135988761,1.3581230447050396,2.7015329385041196,196.7226620417215,2
46.936269502337225,2.1634442348640084,8.912939428720868,2093.1431511051896,32.2458608822057,6495.080632705115,1.0320470013704224,-0.3159205581845199,0.36347826829784197,90.41005638374054,0
52.26860243198326,3.105811483315973,7.8032252421263095,2013.5090809105227,47.744294148160826,9979.32933768173,1.1144042164012784,0.2289065757721636,-0.18674128703366433,44.41681213482566,0
76.01895824482402,8.054140974558328,14.341960596811333,1875.5067697019017,84.83935620005337,11263.724716342665,14.923729971176638,1.7015511972976822,1.4178578733731413,159.7462131335867,2
65.29461592945506,3.759950546647155,8.931361457140877,2079.6165887089896,67.40290851054276,9304.230307503154,5.909117447775278,2.4208342527246343,1.0104955379803673,119.242904093425,1
48.748379649094765,2.0248110606352396,8.191192900190618,2004.0678479581047,62.29813060041123,1343.0999647274,0.3263886620217743,0.23314403730310126,0.26873848325343175,70.63748431475723,0
53.33135801277026,2.1298824035461155,8.866103317802864,2055.013201977243,65.15291128584931,1604.0092317008625,0.16640062894420055,-0.19755296397680194,-0.7680354253884953,50.08209960633635,0
60.96894876682168,5.065898673501468,16.152554278552994,1490.2884106747217,93.71423313134831,19186.564265922396,2.815439175811815,1.483083891960094,2.6512670371022438,180.1271115347752,2
69.72559726654403,4.202983318124433,11.248929787968336,1921.310251123758,73.66110352085535,7067.606486471367,5.883059485838711,0.7687694560929788,0.5185115188197873,162.88380584904513,1
55.50885552448207,2.5412714407506565,8.450758257140818,1962.0363925197753,49.23475499671636,1821.869873265517,-1.4904694033346533,-0.1397179206483349,0.07132626554941941,47.774782058764984,0
66.27189698628756,6.9466478531995275,11.815348378499303,2061.2730852525942,92.20337874991004,11309.89430176868,10.666238631034297,1.6791235281826495,1.0863154802811499,187.23248661051684,2
52.56434870108519,2.4186703370212337,8.372516562276184,2050.2716999291188,43.08640892607076,1396.1538196233826,-0.3800614786198939,0.17627743135230411,0.48672559521148273,83.20970347930782,0
65.27474591542406,8.146115627153124,12.44609505261748,1947.2117754968417,86.87796973541751,11894.095743628772,7.33106806404467,1.6709733990066602,0.9326568463469969,162.72756351256228,2
49.31723291691645,2.6949349957449855,8.122993231092414,1981.0976035659821,41.80242683991563,1816.6407420144703,0.2837106873819958,0.1650510339483209,-0.44860277687238004,53.14752732140797,0
53.55050607062585,2.617302515558876,7.529246659898783,2027.8210659411811,41.6007456100684,5464.175871895194,-0.6513106999128772,0.03806403801192354,0.43388391217321404,63.95996888587239,0
47.53242441544272,2.2402672558563914,7.9325285928573495,2031.913721893014,51.22285825538265,7243.143497170241,-0.8215759409206211,-0.053546274632814556,0.39123731589839933,74.06302446116928,0
50.23343403977902,2.434386862082445,8.186990278661096,2008.2299024823449,37.15141132056419,5213.237546019458,-1.0264251533272524,0.1496560872188831,0.16774543010347115,57.64239851557299,0
58.14199411074092,3.7788084117162093,9.04794590272408,1999.9367847716421,64.74999490576519,9268.975415166278,13.254505429476486,0.8988624723244825,3.1844771315359157,103.30090240349163,1
49.787808517717835,2.2647092848255843,8.06364574127419,2007.540438431251,48.84702851822432,6108.485066734489,-0.8393757425688726,0.055806852118726526,-0.2978509251513394,28.53899704252353,0
47.20142496317313,2.2453904124194017,7.369082200040021,1924.1403032674289,49.48896227034645,1735.3540214828956,0.4406551466508979,0.07045656409887112,-0.15649754396438795,43.025103390621425,0
69.9872102333556,4.097652968688154,11.885142162996523,2130.847903729655,69.94339532193472,11885.519480651205,6.178784395222353,1.0560553320816957,1.3279459947930559,163.1820610450641,1
65.1502006981778,4.18904920493242,10.286365783037418,1933.8095965129446,65.5703437732993,12251.587659423254,11.249476063275392,1.3666939841440997,2.4705088352894364,149.0503149980263,1
53.23973471143697,2.4231833954389215,7.632912274609633,2014.8874152234898,63.90312124869419,6806.962294190494,1.8712094514935098,-0.09145820299148821,0.05875620165534805,24.615193673734076,0
68.55879354656273,4.206199080638588,10.85237403238953,2096.4223717556783,71.52794324925725,6314.681687294954,4.906716402738306,1.7574854803214943,1.616985596857241,163.49703406488027,1
54.70469519821194,2.250782457182469,7.972104189977958,1947.9718126569758,40.988788344557584,3786.2087353995653,0.6703023546736777,-0.26510925148700853,0.2721033039434002,59.35794392109955,0
83.29163738924449,7.768856407888564,15.651122525289626,1728.792293397481,89.37880040813654,14802.812397066704,14.496504103285893,0.6998015127226107,1.166012219969565,176.05963088903115,2
47.45279779583588,2.857491903420568,7.824560907744376,1963.5703553429548,55.77730223536341,7925.477888532776,-1.8741624371647796,-0.013992007134037567,0.01874633155441831,65.61782707357875,0
62.662192309580384,3.2342952203645985,9.747275827832356,2128.9785490982404,66.19119146178198,5423.561542615202,14.17498850521078,2.92482884968189,1.8520311130710663,122.51963216757848,1
48.77860261508367,2.363542159430337,8.82537880001283,2066.3325329936083,43.66427728312102,3740.2818798651792,0.7160427154729136,0.002028181071527813,0.051281110006652406,26.755598905236432,0
43.17598871245782,2.2234825109210323,7.839931475223086,1984.0028401936436,48.00385592036257,1265.9490554956533,-0.40552404260537733,-0.0388180336336234,0.09276938425307031,12.791011015777698,0
68.42412621723889,4.191950306737971,10.693044580222603,2059.329475863047,75.1974201935046,10398.105629289625,6.567930937375163,2.745277141285654,3.215110177035587,154.7366176796093,1
60.07895703524535,3.698034837762129,9.063627012093557,2113.981673102032,58.712337242338386,9081.815177451112,9.477765466745664,2.1649672797664614,2.2428759312292508,106.31091044111139,1
63.24084194330909,4.301102325818679,11.266860574440843,2037.332088396378,72.61958276738714,10011.711282910299,14.828279616303401,0.9367816385636181,1.2853268733993173,143.74984158315368,1
41.82011737785557,2.5946691902183896,7.748057560404929,1862.4563906324345,42.80665527528498,1309.431115960612,-0.4845864659023128,0.22600200271059162,0.19746679576365161,47.09686805656166,0
74.0403883893554,6.4391188051192465,13.308805176339861,2271.363916742785,96.61806020344495,15552.571940482849,5.560737926181339,1.8842748150815263,1.3557951693933117,197.41793890998872,2
48.41491316295262,2.4765753706852784,7.544468741047846,2047.3022235182236,66.80777420535267,2805.572416618366,-0.009413162360363969,0.025235831934694315,-0.2660601853280554,26.51917109596525,0
43.98752662544882,2.2237392719304996,7.418848351258821,2026.049221624477,66.5594196086936,5159.907788077632,-0.4208782613830601,0.022618391592918778,-0.6100182601214964,68.21846912521744,0
66.09427516106375,4.773492074256269,16.73630307057895,1568.2497120537785,92.36755552891688,19674.62316297629,12.073611625556559,2.2698994150554164,2.0475613535139554,194.85394919965353,2
66.72588311167357,7.143549961475589,12.218665443418747,1878.2133537430723,90.98456404633438,11043.413445313705,11.803709185333966,1.4832849999574877,0.9505450307163625,155.7568844126867,2
47.72829553154172,2.6764891382979403,7.997956450749029,1967.1377040423931,43.86792138517664,6918.067044767164,0.531401548241763,-0.4993814570935682,0.09684803047655241,74.44572068712928,0
63.64854436028659,4.552498022054125,15.82785071135844,1615.5662421449238,86.84632580859919,18981.347160238623,11.432551050918413,2.0290367423934503,0.8116892840904122,164.79955262622613,2
64.13107332351461,8.070412725848561,10.85758424882682,1880.7417146377181,89.30311803516724,10713.303034357205,11.338733334602951,2.2006854963394096,1.9744438659629102,161.48905599745842,2
50.08629864536951,2.3744329249596197,8.164906203342953,2056.5731910398595,47.42601846340297,8821.188334824925,-0.5345917688395827,-0.23045787839722398,-0.5211599471465402,60.89188107184712,0
82.67611499890297,5.384163758586658,13.238726838234731,1558.6221515726536,91.5633752903648,14689.653486009895,6.697450353044241,2.006088210397677,2.6561563879775627,175.35444126208603,2
47.59198071709044,2.472820687220227,8.897725806611298,2017.417674147309,38.61308578904914,7778.351660161049,-1.4628198489772688,0.09633678655794688,-0.14851862024920356,36.89230235037314,0
59.71512480149504,3.950102986685618,9.979692579407782,2045.4082881872546,64.25648495313808,10369.089506158012,2.848777432300545,0.9029615919411513,3.8203360920054723,102.54606869831731,1
50.44951151073221,2.873067062291729,8.090203521619445,2033.4744039063983,45.55440177859019,6074.987771192754,1.4093335930447055,0.29484070071734325,-0.06801257984320908,52.4449574488348,0
47.27284214333763,2.105877272146077,7.462724375124795,2022.6012715733698,51.6411702836606,1853.3952652155094,0.5562913739638969,-0.03691935705189089,0.01112208255028591,102.13375077477096,0
56.131491375478994,3.240576484439352,9.57935169130506,2081.246702563454,58.72236627047523,13915.25159323167,5.7460967512909225,1.8307704344598614,2.0060686540031902,87.16983898899032,1
60.87892196035692,3.8870488896664988,9.456483295782284,2272.249048911876,64.33843507581354,10104.015154891744,14.18643528247163,0.8278060199901001,0.5469957210358399,115.56036553708643,1
52.07275202692148,2.8701279882798536,8.466170971977776,2028.628757696269,66.48255834958451,5285.514608932565,0.42937256456933814,-0.025816150139358604,-0.043668998009388296,79.10372577878246,0
60.74405131103645,4.0915147537863055,7.8836375944720745,1931.8361722971115,58.84868247517622,6963.8760078397045,5.787833698463315,2.1249512538635686,0.8417723092229755,105.07191925467643,1
49.1391486657644,2.9199632122336494,8.287794624518808,1969.442180950644,30.279231655679432,3471.402068784679,-1.3808146193174053,0.10763756421814719,-0.19576696665643706,44.65023471058528,0
60.924970341271305,4.098683871796773,17.684890045504606,1617.504714914138,88.83375234095828,14346.016038833613,11.105369212079426,2.8799410525033022,0.8594592374486049,173.99748551984771,2
41.98004312652078,2.5872666825912365,7.174509721672384,1963.7325417543962,52.42739194035825,8832.883361657163,-0.44845009096976335,-0.10681503986944084,-0.12539767008995087,53.21777908981598,0
57.42171490519497,2.9535669664431206,10.050271328045545,2008.5303116744167,66.12089528954317,10480.114753161884,9.564420484854212,0.6762077700335879,2.9961717492635023,108.30105357770037,1
48.46682332250362,2.3611158398923497,8.281663309662664,2010.429648202942,60.51901301433438,4773.734852139132,-1.6824372693115777,-0.28434909009157233,-0.5012645819266157,74.03359921999949,0
45.20634227567341,2.9510687207472497,8.04890793163343,1911.0744343298384,44.16958030671955,240.5515238755196,-0.24130529763939335,-0.03310611606768096,-0.03877765501827176,56.19660408712066,0
46.46736181360008,2.712000564067301,7.4265293771101,2010.9579910260516,69.36052940489859,9702.59186565333,1.2945702327898514,0.1949120162026454,0.15214946511514496,48.37328847116507,0
48.65295938397204,2.4087551555816935,8.171277026689388,1930.772739157826,39.803668717571966,6542.494284475448,0.8812742604430696,-0.05367537951259314,0.6182152586762891,69.65787845271223,0
50.54564301571716,2.3829816250570173,7.814607404277542,2074.80513206699,44.092208322170535,2779.4506620541315,0.2369917607314634,-0.030559490804499153,0.2902933373115022,23.226135250411566,0
55.195606661447314,2.976846344915774,8.316597802941285,2074.616636638889,51.41023131637896,7881.47899943917,3.1717006163656656,1.048533264480808,1.6661650024475416,81.97699206028229,1
46.9351172332383,2.759129915609328,8.516407998377653,2084.0030762401125,65.92181950774943,879.3317234466924,0.4340533769214515,-0.06784371866262377,-0.14068896692870614,59.812960874806386,0
49.189530751263874,2.589703911357466,8.275848342814815,1977.374315018619,46.95324359929052,7887.784247534958,-0.7022962559187801,-0.030277047749159892,-0.2297356990150462,59.325719632595224,0
60.617024165880025,5.311029685842923,16.310137270967104,1716.938495217368,93.1827742322439,14984.411571777298,10.042430035439159,0.8873034922378432,1.0308192043590705,173.79858273593155,2
53.90798470454937,2.216916329761429,8.241437800806484,2084.3095408567765,46.08036806751801,6768.095877234224,0.9743077940927508,0.11810487217127129,-0.3539465982539424,12.883607278592784,0
68.34693794822928,3.5709771382463575,10.09538810425343,1972.080321489111,65.54801262550562,12544.254553817158,10.24399151534985,2.8875750842310897,0.78035479967607,125.16270081786197,1
68.11122940365891,3.806853106884686,9.96339036667317,2148.744739713915,71.76486797548081,14306.523424591755,5.9678470499782295,2.9502065728128737,1.2850037757091501,147.63521468383863,1
53.77010090405401,2.2453472805424917,8.006690040962035,1960.5891206889423,50.74970722028918,2279.4303616855527,0.7409583566195022,-0.21249458048684966,-0.21310192322638558,26.322524743665294,0
48.56403838031376,3.1883509158644805,8.651374382096613,1950.2253825008213,57.284875941193036,3279.0715620346255,-0.9530003241326149,0.2629493915958573,0.21832070349926294,31.59385130193843,0
64.82417027936799,4.3003240642593505,10.700172132186276,2103.58129376072,75.96994076758683,8066.535311189729,2.2439185714741354,0.9669158043543536,1.9517714335859484,157.9190244585451,1
46.03940587048758,2.3793910889072154,7.789213828370538,1928.1019207981867,60.36061292037572,5097.755500035494,-0.7099996755662137,0.233070470961943,0.08536908959682303,10.76625920953839,0
52.86540161938348,2.5618426826843748,8.406826068031519,2002.7319136470044,49.29800942315693,444.0383923971547,-0.4216872891526478,-0.17973808578037362,-0.11845741964215678,54.25311583387002,0
47.96147491246472,2.5334904441390083,8.497647988267717,1919.1411995872345,37.89920662346598,511.51074260882723,-0.1514106785088781,-0.16925043989193111,0.1888192199576272,60.70769840563757,0
46.80932564583051,2.986044409568303,7.962217224979737,2018.7847366399028,45.83614521858324,5015.676133456888,-0.06610823175414411,-0.07644091934409404,0.11689835710558369,72.85554136257102,0
68.42159495676735,6.5986415966588465,11.562625444445263,2007.946516101877,86.48999884643506,15279.059111528037,12.617990715071654,0.9740023001026056,0.8996728214930485,169.65303000695081,2
52.23262017374692,2.5517409796566004,7.828394920502293,2004.6943576503895,53.8565522886385,9030.65306840576,-1.1805363899085966,-0.2247928197245969,0.010987916155060872,16.820902890523406,0
52.58566302722367,2.899444547937257,8.774332921597361,1965.476292890439,33.93985225758862,7495.284033840995,1.6476439522251198,0.26068926002116105,0.05042143169317819,37.61288507577485,0
43.9331032644636,2.4518538448438307,7.991286177000805,1994.4539538867698,46.03664896902954,4228.054073186366,-1.5409110345761,0.17249191413665202,-0.00507760801863964,14.815143583962389,0
52.982612798312786,2.5526186234567576,7.007795491199996,2076.631973382477,44.4420517366943,9578.959061244137,1.7601274643449267,-0.0693097875419543,-0.04332454942703542,43.09794558809492,0
50.13221877249492,2.531806913159969,7.706565453921764,2020.6490930452633,53.809423038173676,1544.1274440816267,-1.5183274851927366,-0.23878913980669642,-0.21524283812015796,53.89067664792126,0
54.78311356449336,2.8862958632197584,7.540735554682487,1979.175786818007,65.44319663166449,529.4879784433238,-0.7124304044342532,0.08604675953968395,0.4237344680061973,73.71238632678315,0
63.26902030297911,3.535887450779488,9.743330958487592,2154.474822008785,68.10444557079414,9620.750770358092,11.054560060610472,2.1745095498071225,2.3132335026175204,115.55225740433937,1
50.97699416273237,2.907381238397698,8.993910455733502,1969.430303474207,31.4203614148688,1091.9387500437772,-0.2018585211866276,-0.20371412410941772,0.10282499232335021,67.78517207648144,0
81.5372353671685,6.462323226730708,14.985339070018117,1817.484898765477,90.39313195929385,8121.372759979891,2.125353986387271,0.6942410808911654,2.133036251567408,156.79734362243985,2
92.24520715923454,5.108383686582777,12.930423941602175,1737.755245882755,89.94876165300488,14898.974466957365,11.18744245537256,2.2474414472505977,0.8051799937370708,163.20157024956993,2
50.63733408507857,2.7759716074061576,8.447366804059824,1978.1108676197414,39.961691425821705,4091.998643762307,0.6469199253554921,-0.07795625480840143,-0.09031343913404741,84.55750359555012,0
102.81135937600112,4.833800455749888,13.37626271570074,1736.446859666685,95.92662697590565,9756.898408555151,12.111609111810546,2.997668901871202,1.0427152807729119,196.7350151244492,2
56.9790961981582,3.3928428639811408,9.086198744284992,2122.850542797362,56.542256013978275,12478.880846685724,10.259273740195093,2.757212286777469,1.3708339119626722,93.23657841173087,1
66.89556176587632,7.846730758823231,12.604037161874896,2101.6678209785973,89.19229321816987,16843.43427146177,13.42151020495844,2.9661462368048546,1.9352074232449816,183.88406977784211,2
55.420724269329966,2.2262333275746737,8.129816525241129,2033.6602823918213,57.300921703206825,23.838071620591037,0.7417729714305786,-0.04968854918116651,-0.09783215775858027,88.55182786521402,0
51.027988490252916,2.0251791834177855,8.214711030159568,1952.0386512708533,41.76598925988266,1697.0379151160985,-0.03050666624065749,-0.26560571140629213,0.2569930423841484,53.548364787243635,0
47.20376282629533,2.66749851860323,8.462016989615961,2066.3258448916035,38.64728250186205,6693.774650554093,0.43626730156943627,-0.2690095744262318,0.36900934337519453,71.48330080007105,0
66.92901623632378,7.424924101085357,12.195772203243507,2285.8225342086257,93.4098085351874,8192.74241164842,6.2363248041159025,2.591254936750123,3.102290416292948,197.65268097487416,2
48.440686044590876,2.6464573525550823,8.063229903640101,2009.6976743779214,58.43107224354075,2444.373186137696,1.6837669755325728,0.14812259783844747,-0.22552539306935937,18.66884522622184,0
82.70664819256606,6.631434053590994,15.20024469427631,1798.4419385111403,87.67720815231506,10394.951044154932,11.97796057648436,1.3173265314182756,0.7267742379860169,173.35808759500227,2
66.59348070815263,4.620521691259927,11.911428026662554,1966.440246587725,75.82662096339114,13863.322228960526,13.814859840149133,2.6531962806249902,2.7697182417870594,169.06412420830986,1
53.45163590410798,2.871563983008485,8.0202548738324,1924.377805112591,38.328590557496284,8991.237809853528,1.021854882906065,-0.1182708702796873,0.4003065813636254,37.576771829648976,0
48.000758868015744,2.664536348567462,7.492677106652815,1998.7943078414291,51.11592323240204,8207.143500914504,1.1830771811176481,-0.005254895985483481,-0.15151477809304312,53.439649891249005,0
46.21953619606381,2.565350740396232,8.529999671017269,2071.499416428149,38.09777120648251,5503.97964794903,-0.47003086227413904,0.23410318551033438,0.2466336493278453,29.325631481330596,0
49.784360454991116,2.6485689410330515,8.499986415321466,2017.2372289095476,38.936959601717376,277.02668758005757,0.8980806925781035,-0.053942062204942055,0.9887713379782652,61.063611876725076,0
63.794116511331374,3.6681233971412968,10.832058447857682,2159.9085595342594,68.6247522775169,10199.20277097146,13.70076437077811,1.660651533561356,2.3136526555426364,131.70655343368296,1
65.76217414654265,4.35327418594283,11.097095054026129,1922.8092665277045,74.05053695634612,10856.497736023277,2.5186305243864706,1.147766149683239,2.5232158850830677,154.99114781438698,1
71.30700591251058,4.233983379881558,11.568047956800756,2068.1479994860624,75.9951520689304,14939.078865505138,14.183132123222393,2.291391992927454,2.046928781443374,157.98084650174854,1
51.48522553649261,2.5126694311771685,7.985732419412514,2029.1505379635146,55.94633561978513,8092.671478921399,1.2352047009960347,-0.050192238525841495,-0.01456566560730854,29.982576951824377,0
47.83194118633502,2.6043693787198747,7.467765323285203,1939.6481201913602,61.074461867803485,4149.09036111569,-0.34276905799420304,0.2316340039553133,0.046650680048712305,82.0220639015195,0
79.93879703317887,9.214673163510415,13.561589815771898,2019.1797039158805,91.9473471754747,14865.749705008375,3.7595079156822564,2.4867027590912327,0.802597182607796,169.73250378314006,2
53.96755234888858,2.4048445914047676,8.879044955469825,1967.2321508820544,49.130429118123836,5820.207848565124,-0.73461581905305,-0.12786924305459094,-0.20037653241582132,57.42477844274977,0
53.26076360613653,2.067405852698301,8.939575822886285,1905.014820698854,35.783703918421374,6724.076762402822,0.4769932604619693,-0.1322491278955579,0.40380782199875404,52.01076453374491,0
53.134913687222145,2.3893118574673915,8.105597713570413,1924.7711495180135,30.715389683471713,9652.345769636671,0.4457603772205856,0.036394243355537904,-0.22789094148822747,25.295841271918658,0
51.832976327214396,2.4682284801735577,7.061707146722773,2079.6100337278253,42.99465325350917,5847.618020118114,-0.6566965880329266,0.3145235134444255,0.13668094006175022,21.153607686759727,0
49.953113605611904,2.539312939153859,8.596407180422599,1988.4903866979903,40.04075933717597,659.8705534967675,0.27399332759762235,0.21775293950399122,-0.245262085290374,25.059819181292532,0
48.95562245272577,3.0921075671006326,8.67176097334035,1975.0471608238731,32.87394126001288,6525.368906838988,-1.969135788882726,-0.12180324797454063,0.19156359081479613,26.464460994507853,0
71.9818312832376,4.818299712455717,10.948898540328312,2089.3224194115646,74.6586768377262,13050.47655878573,7.140439774046644,1.9674481227902445,3.7427087509737698,169.04056089673276,1
48.2547148167864,2.4016808775497696,8.621847049478406,2000.04478335409,47.408680366991724,698.3985769797074,0.5199686073874915,-0.06310028798979755,0.2514441965846179,52.32876256661548,0
64.091842978001,3.9719939450466164,9.391096839423167,2131.1557181080243,61.34714349162327,11845.887709866205,12.643805010037191,1.5356169663148953,1.623739905513621,117.28624517763916,1
66.10138238720711,3.3998556054713562,10.088406720379599,1982.3446818100242,66.01731627271619,13483.489653203593,10.33844998207754,2.849993472472255,0.8182695985663847,141.82554854739342,1
46.49295084915745,2.7647865405487337,8.582340302086966,2046.6902858531487,42.179245732453296,9526.681084183661,-0.6111801060845962,0.25318149219380637,0.4854961811799309,36.823622940242394,0
52.680251798142955,2.060925410923942,7.58986487954387,1925.5991390526358,38.97060106991532,6434.960356584804,0.4507827750228473,-0.041350084476492584,0.02815693071725424,16.44668917916639,0
67.15004153542706,3.9381682767044732,9.245887700435569,2028.3553774355355,69.21321310568112,14372.715463030843,9.818009876357497,1.199273319002534,3.1698308218104043,135.1364191451729,1
56.98062860311917,3.3028253569642776,8.727554596805325,1979.5126277934999,58.36446745794449,5748.056055930303,14.803215598343211,1.4176139185835561,1.0748729436677797,104.01777127765672,1
88.2979147080622,5.571200670303324,13.14611771640695,2309.563774209443,91.86148398730543,16405.120203728657,14.347097111519542,2.6945551774564658,0.9151709341688617,187.5403929365275,2
53.9308285841134,3.6685659058179088,10.126278680436752,2004.5039570149193,58.553410837907386,12294.578026479445,2.57822741010685,2.341235965753733,3.4043559323420385,80.63428512509094,1
53.167619418432736,2.3079744034678287,8.969724608610269,1996.5701401882795,50.092632303925384,9782.224498081661,-0.13968617229875865,0.05568089198757192,-0.3557656721380551,10.576939616527014,0
54.166371547076146,2.3545888374709487,7.270968244108746,2000.6519397832142,49.94980090045744,8442.604666817924,0.20172502135488482,-0.005408603543582081,-0.06316884544315694,98.00380242414667,0
51.726386103676866,3.295672700358335,8.604128818463803,2006.6308191682242,42.674796985609234,5502.539440002071,-1.0497221859059624,0.1301911342221261,0.04835021899689539,55.77482373194786,0
48.964686949514345,2.91211628868524,7.363157097971582,2007.0726698547371,47.57395211384881,9274.2430662558,0.6255024250463252,0.13050183107330413,0.16801759419725548,46.23043686695094,0
50.34588366233765,2.3845324999320177,7.495715646695788,1979.997217379532,67.38632248216366,6372.395340342434,0.12233686455728619,0.12989606358914216,-0.4560510307679118,67.33325115167003,0
60.275648117582875,2.866026774432229,9.851815241013615,2105.2889820552195,59.610714768955106,12478.266592262973,14.033853091326113,2.024936481290111,2.962271212255902,105.62501858454314,1
99.61543025603608,4.845172983617842,12.60744300840189,2349.54669964802,92.20393974442635,10869.496841760461,10.450270430566928,1.9800724056508696,1.7526948731458236,192.96382773256752,2
85.61610752458002,4.168568633818983,15.060564635265788,1502.0988286758252,89.75930527140198,11883.269622288786,11.27211003620913,2.68446634467326,2.5628263659962194,189.2811752880825,2
52.02648585636282,2.5911036122259374,6.312220578428642,2115.426662452023,69.65654317809154,6362.9778754604295,0.5377378943889815,0.2246698368788958,-0.21675502237414226,31.322583108179156,0
61.20530596973726,3.6650053890119922,10.82273234080708,2020.7711272396155,60.98747387864751,10038.110245837941,7.705253344698118,2.1415339270290445,2.143760654004714,121.04640170647203,1
49.48816615204066,2.47684529588809,7.791729781431482,1913.0668275521116,42.7636941716961,5519.178700632704,-1.6567570984547608,-0.05201777408353732,0.3634691261654543,49.041808226115734,0
53.16571620098233,2.692058243645903,8.45896918133589,1939.1019058981856,57.466317787316676,7077.927310264263,-0.23239303499081734,0.17900421510871284,0.0818014869882862,18.120009357180493,0
52.33522336474597,2.398797939603584,6.753405879811195,2063.1077111830677,40.62735642804124,2503.7568470617475,0.6448485676582918,-0.10317617984462404,0.007165540342324568,56.65821746728316,0
51.569526358512014,2.604497487666858,8.092834103779579,2031.0872243912822,50.275233330352776,6205.273144664129,1.0211384028132737,0.19283668691423742,0.5333382489091851,61.21037729900144,0
57.23520378446959,3.417847412399782,8.640569872871808,2107.299851808742,62.27190671945225,10026.157661886911,10.827077891562547,2.880455151494748,3.7062896072650098,90.39755778580694,1
57.250776313206956,2.96691970116379,8.757462381404276,2036.7130592625417,55.880144542195005,10377.05391079373,14.520162822058515,0.569524939821895,3.693550759549058,94.91672523799204,1
87.07915105202544,7.855927309177677,13.840967642830028,2032.4760383461858,95.32363937353296,9175.503130575054,11.836009944948287,2.316119974405926,0.516134592218842,193.57303858339503,2
57.458066758688545,2.947702263204475,8.750672686550203,2042.8650673072561,56.995657571613094,9077.94902265444,14.267008236604518,1.12830564454694,1.4117081595413044,94.74085918450086,1
68.55340615402652,3.6628480352235018,10.366340706432124,1988.7882720915804,64.89077100669446,10711.13833397901,7.542749290977137,2.470203070619196,2.5086095430860955,145.4437243501464,1
64.57211924238408,4.020493948524548,9.91258877978926,2067.3185305956717,69.62786504720934,8637.302844595615,2.9526409699372436,2.635517709195731,2.990996740167363,140.40424798682727,1
66.38757231568735,3.5288758008207823,11.092375320377123,2000.859450348406,70.5698980152864,11500.055653224987,6.636089889487084,2.197956327000034,2.8492164422206807,151.65140330068766,1
59.13694298260911,3.3214101509946703,9.351479755973159,2060.757311323186,55.89221676365162,7164.380014307602,5.370963147381933,2.5261410807975904,1.1569124985796724,93.98937429680865,1
49.3589153789604,2.951917548502084,8.108641791765603,2059.6094622590213,53.805015602563344,6767.833092544559,0.43855476522067693,-0.020354754989706583,-0.0639532299945029,43.58066806811869,0
45.38619043019946,2.696092473619961,8.036324629187913,2028.1026545965738,56.53653291696638,3787.8219559031713,-0.2019221247300876,0.07603314273519665,-0.15094274889448273,56.53088943113193,0
46.127490360607936,2.5966610885267998,7.5112537038218115,1973.193989177429,63.80104344082797,6571.890599901375,1.9731915244902967,-0.3776181538039304,-0.25796129581569777,12.362369492477569,0
58.1140364163543,2.8366463946728615,9.473397483811217,2135.3061423552244,61.155361620614805,6634.329469480481,7.134070189540429,2.225591883762574,1.2342518342043758,99.0330740797065,1
54.06055875071095,2.62525502129766,7.695762848397275,1990.7057345417322,42.689863865585245,6070.628860128617,-0.8187252039862318,0.04414447670536434,0.2676470597733131,59.125014531068416,0
62.01014568919509,3.766470527730631,9.55408048408967,1999.1436769382558,60.71369960074251,12673.482694509432,11.3949599638288,2.8766520755478027,3.641285081938211,107.8969348251162,1
53.808387136435314,2.283831540088938,8.651138122432663,1972.8656077964615,59.71136550647318,7943.498008947048,0.07005322328403871,-0.27327227525696735,-0.302434657189391,69.86957946449414,0
66.13200842016671,4.05625534632782,10.905505495901657,2039.5476376420513,66.89488410881957,11220.962922847995,2.843856919350576,1.881263391593783,0.994382358118824,150.1380769271201,1
53.89918060287525,2.0122302858955754,8.52662863416988,1984.309914476837,60.279109199643344,8447.022093899834,-0.5203919733442876,-0.08237379274070952,0.3148029590663026,53.22738115765013,0
52.31068874193911,2.250038196668861,9.1699748043954,1960.8297997453606,53.67017696885153,4123.549610313967,0.7791373774787558,0.09099312788239315,-0.16583801951069166,51.28943772617933,0
69.75640687078322,7.607243930446146,11.759586050983126,2259.9393576526177,86.69349299396642,16004.714555860734,3.921138333172137,1.114152641446826,2.9765387957456704,174.31696133230193,2
63.59723030686964,3.6198230293652993,9.838603004061534,2015.8060527151524,65.93655806660325,12196.28594603936,12.550636560369702,1.644642019475401,3.718413763075189,108.28933474308029,1
59.992698895146695,3.3335418204451246,9.648443131252721,2048.0774028625833,65.23257910245374,7147.4648542111845,7.539930234798669,2.0345646379536815,2.836447722238116,109.4069592380918,1
52.365066118472626,3.001239639873058,8.945137254384566,2038.7131737926036,54.134717154647,1668.7463465866192,-0.34771478708798853,0.10036616415757289,-0.21905879320260147,61.03559923139568,0
69.31119951458977,4.56863079284809,10.581621267895144,2102.0047798761307,75.72784361762938,9809.048522598003,5.615737970869503,2.562602625581695,3.08456258791807,160.6115382919241,1
67.71924898203655,4.4982109937519565,10.806575007473523,2152.262502775158,71.49098009640227,14723.323871285691,11.878366271095656,1.3037148859063137,2.7677406138328804,160.86618369194872,1
51.578657791978834,2.6829750672350263,7.2673655923015,2015.524218976403,65.35584117278377,3529.6564361898054,0.33468444315908225,0.19705463620518457,0.6397785341885837,34.03275389095536,0
70.78268004278719,4.394024417711761,10.992559672095519,2138.518875794081,74.73703188249443,13746.459003980885,4.201696611340511,2.8685478167927014,1.2146159739761417,150.94454280213682,1
95.16368145583063,4.558291476655709,14.252892847819824,2205.4532309884603,92.66614963951207,9068.48966120349,5.181737312032799,1.088627220231196,1.5979572100474027,186.5598293900003,2
62.30036640288158,3.2328774721206623,9.860924517644884,2121.5390167960795,66.73860444436339,14486.517665934769,4.80025731007922,1.969774758572309,3.5928412980919546,119.4188542600566,1
62.97497157837088,3.83336405837816,9.70213207533074,2054.130502010598,65.25041753147914,9219.006054182119,5.9682893491571525,2.857228533425539,3.739950057480992,126.88679496608525,1
54.70300070372516,2.380030015267026,8.432649158672291,1999.0391923344487,56.5835210717579,5429.663579609346,0.9305210083040659,0.25136949671762804,-0.12137617116030511,48.23246653534347,0
48.90618725033985,2.411796763979669,8.16848686986403,2031.1356168584737,31.303147245168027,9197.538435625733,-0.7181925368946079,0.042306555683171404,-0.26845707726020557,62.60494152647034,0
71.58085776864971,8.513806296616435,12.479977109354747,1915.7544005971326,97.3097968725867,15877.05765098608,12.461401350957292,1.6335742516442726,3.562082066057388,197.0376978597081,2
46.96237949579027,2.740631086491847,8.612563446010748,1998.7348392736199,50.354259573294286,1791.5060257309212,-0.8848779129171848,0.018407919474606,0.2506969146547585,59.44699403746662,0
52.150022167423614,2.314721259863986,7.306264227050742,2010.3423291782237,67.98154563869909,9480.982266851785,-0.581879823769753,-0.0354870019526565,-0.4363267749283435,70.8150571502259,0
53.81619931510443,2.266745212683363,7.910061506501361,1970.0264380620063,34.35007064198563,553.4993716351655,1.3051138677031495,0.07673544972786708,0.41119591485548335,3.319967124576678,0
47.64360179914553,2.900946996950315,7.909636349581362,1947.642271280423,32.6085069833339,8064.843224670357,-0.21561003768566392,0.06992685154706274,0.8326867372730871,7.803799373407898,0
62.131738314134196,4.275521362958943,14.798017540189507,1598.5326773318257,91.98438942752112,16264.289658586562,5.080880798081326,2.284704537535801,2.6007869295231707,157.95288102739596,2
53.73898305638507,3.2784831914740655,9.564371098007125,2088.0462872097887,30.016214207613427,2686.334133524877,-1.0345897343133934,-0.03837686999180337,0.19345426277550135,59.26371301569864,0
60.899195424557725,3.756747710325538,9.941437058452669,2082.988002197202,61.025861562307696,12075.454552718884,8.358674365049687,1.5856440759378723,3.697086135161425,121.36730683106177,1
63.47739408742451,4.171156116630003,11.567270354690377,1941.4692430788377,67.31276263250261,5851.546226231169,11.663560671404076,2.7125799404490714,1.06589163642268,142.1592825524927,1
70.5769440115853,10.12846250185645,12.53285885268563,1965.332563885765,96.77656180643342,15244.03025039785,4.036559330289699,0.7689692848247083,3.8413869432251455,190.49131781353796,2
52.15387445103256,2.5786272993696455,8.095067047196654,2052.560507484247,49.51620722291081,7352.592131135894,1.2403504926915658,-0.2974576956802315,0.14526669425382147,6.3734739636011,0
48.789914451906306,1.9410778315168011,8.560444513844612,1894.6248616669102,38.6073216874715,784.7869809603991,2.148446230392711,0.12339063703084163,-0.40829873663331506,76.7618729603441,0
51.40951976705482,2.360503295300756,7.891195077386743,1949.1192680430852,43.34951337458965,1778.3585805447854,0.1309085504445101,0.03960018086077549,-0.24502786879804989,27.02369113731065,0
63.62586368884469,3.5666023749283933,8.21659412017159,2076.5699213241123,59.72952024733401,12777.499164424935,11.606986934709276,2.240570160358396,1.8113698961811402,106.25290055879408,1
67.73439761473301,4.9385957302487355,11.332814560769,2190.258539211786,77.01543582655178,12131.825316441696,12.008960698761756,2.1685911578406722,0.822071605315433,166.19332687807014,1
49.76318261899101,2.29975365062772,7.698963946081218,2082.7388619900203,30.065210077375554,3692.850931008287,0.6227278907563462,0.11534749644658289,0.3217930627263377,62.35020985530788,0
45.448348209347216,2.577589811987059,7.890438261656568,2023.4160472699587,38.71244757504303,5254.035251218286,0.5885023502783295,-0.19511683738438373,-0.35438564717166837,51.01396292966525,0
52.711367425558116,2.3477420705535774,8.247179740248708,1908.6509939785678,60.51531361774586,9211.914525478624,-0.9020973973649679,-0.040239473745790955,-0.2077612467829551,31.34909363555476,0
66.31964084598445,3.898533575576275,10.116667163944097,2028.394685543634,64.39915378662852,9000.877534396932,7.581222533635774,2.6705249949354406,1.4371461570132698,141.797898584129,1
64.97801980611558,3.907936424680856,11.296946128407335,2143.031298361157,74.78545518942614,13499.4067065767,12.686668250308625,2.2307855592432575,0.9147032174177822,150.9391438842286,1
65.86892248857079,4.12491503290413,11.344251114900588,2078.717086060259,68.34411380727822,12088.806407231514,12.590688331695752,2.4718729168088394,2.483710417396149,164.17895532771917,1
92.89294866237317,4.018835715932324,12.392224658817662,1780.4319979520822,87.65097473948762,17504.304505731416,14.998199970707095,1.6420111599127438,2.8975610841938266,161.05356913536014,2
46.03870502334244,2.492061326066896,8.06670750402091,1934.6673618792968,42.3119637527269,4590.050123051486,-0.4318724969294345,-0.373595212656909,0.26730641190689935,37.4321269277295,0
49.8554476758917,2.41093424110195,7.440307059288179,1956.266763601129,54.917028392355206,8131.984131350597,-0.909318011505236,-0.4079457620271386,0.49210475081642424,25.20724247047046,0
54.122773288815324,2.4930281074319796,8.053057103010486,2037.6518742897347,35.536971208955904,7274.72712460666,-0.579902820126645,0.11316327190583567,0.1479349430537739,54.06632421649147,0
59.627876994277194,3.5905644015475744,10.500589768439129,2053.7275272715196,68.26519005022656,8993.037743938516,7.6597772567538485,0.6369097343295698,3.2129242213512827,117.40112039850564,1
62.76699106726338,4.04405915617313,9.396533736477311,2121.483961354058,64.76084876846762,11256.21327284226,3.17637403050325,1.2023819435532241,3.510702581078573,116.26330801182543,1
46.07241729048673,2.3278440509237055,8.55643246708957,1972.1219057752746,68.65263561657736,5718.364973657761,1.2449199397867752,0.12078717873396279,0.2794822398041265,58.65494013995594,0
65.88219302583366,4.325439945936031,17.04500333917462,1659.7018986864116,93.75503965336962,17748.46416464793,3.5643679849798984,2.920736723031663,1.133427279246353,183.24686177796474,2
55.46766809861401,2.579487849804776,7.531336186135805,2063.089683265717,60.15327345605273,8425.600543729226,-1.542905916430457,0.297764681310502,0.3004719729871474,56.2807132978566,0
62.55640535851911,6.597513058449333,11.500357277394555,2024.386414507714,92.57945986459443,9431.274059335923,12.169167039629105,0.8146539702046733,1.0425825121368355,156.41824822082742,2
46.80764397145645,2.469885179897841,7.350828008911244,1956.0114638824436,69.05419335974318,6582.628727596947,0.9756178129093482,-0.046167145423847394,-0.05605343370460859,40.16625469557456,0
49.64767395720048,2.795491575363924,7.165351881589742,2028.0023211490807,40.93358828521041,4921.334480083511,-0.6383425733787947,-0.04359153922417855,-0.3855919517293221,34.66639786510352,0
68.44256128726113,4.0556861286038135,11.352049281945016,2058.05204361077,68.83340095696123,5881.166983895284,12.406460645199944,2.670895778742687,3.441788981659628,155.46755354199973,1
49.34354615543803,2.7025268106938976,8.678622787928145,1974.3996944630794,36.764578297123784,3837.4878419510437,-0.9483240208134694,0.13286881701267897,0.19642077805247862,13.029631025325102,0
58.64481402453041,3.454397886806158,9.674312099925677,2052.2706397494308,62.727095104330864,7113.532785475076,8.344393986530143,1.61827789053738,1.4049565892182072,112.11909724703568,1
51.96016717284936,2.2235676492303638,8.834941005663133,2020.2182045801728,66.28783198643413,3584.206845988794,-1.6832551515791203,0.0349240432256031,-0.38032288208313314,66.1819829873316,0
49.39477859559176,1.513055344970103,8.295090372607502,1952.6684040244675,69.67664633000135,2438.704277834156,-1.785684132624381,0.43012989946649766,-0.21624220571318334,15.456291109731225,0
54.5276894512934,3.920410011506169,8.909656669598174,2078.827111423553,63.562331069965936,6348.412531934981,11.637994926995011,0.777311137808206,3.2473572814632643,117.32656022458843,1
56.213078275562424,3.3391189595209205,8.135269584620193,2121.3857358896594,60.19526718475326,5416.2311115120165,11.325457264211662,0.8593152144388181,2.4337512242844435,81.7156137083229,1
48.84288099727981,3.0910566398692487,7.605189327520635,2079.729691246616,56.88611560628948,3898.4368235816137,0.9719495030540832,-0.07575485185694657,-0.053432636894065515,53.088453657366784,0
46.930020261516475,2.5009187938402375,8.899174045743777,2018.9395243579586,33.77961227874286,3464.0398269356333,1.1587418832865701,-0.22112398204713674,-0.47842236144851413,32.11584582734074,0
59.66689293896274,3.4622781028449463,8.171708954590843,2032.1748881985686,64.48144509636292,10440.759927811414,7.556763230088271,1.1109089190224537,3.459705639956269,98.46422971575232,1
50.04763540233272,2.289251582735877,7.077902576052477,1931.3110828610686,44.85870366265486,5319.861573964122,-1.9770274271005843,0.14995656105284594,0.18746930980168222,22.447477505604905,0
61.6625507847014,3.7627571120454264,10.594269495032368,2178.6720731764735,59.992203118998845,14292.794098320857,12.441725635875018,1.7511589532263334,1.5724278953310529,119.67736140698037,1
56.57868100842036,3.495525407963499,9.808471029447738,2088.636495309213,59.165061404956354,6173.560409371324,4.301908515296029,2.0408865371514517,1.0251397501196866,106.236583367375,1
44.57330179288891,2.939781524632094,8.013026098970624,1947.5796161842993,50.66581041853344,3780.863048573404,-1.5651447444498519,-0.13388127591136492,-0.014311169501184526,25.151079942216207,0
52.11110660876919,3.0762018521037704,8.259001218757778,1954.419842887303,48.61522501207919,1134.566003262769,0.03320872245469608,-0.025298492398632973,0.34712716152117673,58.5676686341517,0
66.78330409054665,3.8216383860552785,10.839585177734078,2015.9807178286596,68.992723420412,13053.171443361101,10.531466932200605,2.4542262616521757,2.5736916403412113,158.97532859478503,1
52.20519482593633,2.1561800017896258,7.778620045449631,1964.838222711301,37.1979032471335,9495.163651556468,0.11038912019609606,0.09023225146883897,-0.0944152212971409,61.93593633090477,0
47.36731587905527,2.4788190123463094,7.393522751899463,2012.3130996703353,47.46824463043086,1388.5347102606338,0.32623304803646697,-0.09706589282120569,0.3183435140996231,57.373698443810895,0
52.900795278569106,2.039138994990665,8.147449816233221,2009.8511680339186,42.8842058334158,3208.0223414635634,2.0411376931356844,0.03418795078463142,0.37913699761003156,64.7742947245038,0
53.255384042323236,3.519154191844618,8.263285768744215,2017.4857238254724,59.824865325207504,7204.822179514648,0.53164735983449,-0.25780655171098305,0.053093737729915325,55.887355883001305,0
56.613289168168016,3.783115112940808,9.019590648964101,2099.4480832552517,63.271058444500085,8576.411866613415,9.902870631356613,2.4117018204828327,3.092922303591101,103.23580060731712,1
47.81299885589511,2.158227147774412,7.743186892318274,1997.434413115984,67.31564657013169,253.92734443083097,-0.6365995592296966,-0.05268629821197608,-0.1672983536728298,50.283262144656454,0
47.64179480203742,2.477208132654913,7.135790162394234,1992.797216339625,40.67654246703266,9370.346070754269,0.457029158720668,0.0404863042862727,0.2560343311366968,53.17297342237227,0
73.83647770032168,4.505947757721304,11.57579312224509,2063.217224384804,69.96830252367516,10152.544883577504,2.0182060393125445,1.5400458210305505,0.7911434881680522,169.8058815095222,1
53.4443884056094,2.55455421336457,8.28504409741419,1912.719540532013,32.65827263526541,9135.049557456288,-1.6245244483399934,-0.0633883619868041,-0.42604065546285,6.469295387606934,0
71.22003989623555,4.559118531079389,10.7409763028836,2089.471298819706,72.7600818966528,11547.32765971922,6.264619796603487,2.612267404989579,1.2864275584575267,167.71166470848286,1
50.42712742294975,2.741835841975348,8.155271225288129,1989.1577181925252,57.978941671917624,4253.508053763715,-0.5585418943644933,-0.11323387849407776,-0.4688696122491003,85.03240120175028,0
46.59336006842541,2.2857711731586865,7.5866487719801725,2025.0710789812335,33.69241680841596,5390.836985376081,2.074816182676629,0.15005792848030589,0.07804089407488542,64.39583192491826,0
67.70233007495659,5.707957405978303,12.078559025227745,1694.6200603817274,92.19777779665485,19564.757343169542,13.500347612582516,0.7676116442122994,2.7093031983912397,160.29638634350903,2
50.461830342744996,2.1864215706204573,7.318813109036578,1936.6830198616233,33.777804748448226,9788.529656707145,-0.9471701743698899,0.19486191218175727,0.16437116812498997,71.3483237611284,0
45.40225397439191,1.8290364677846307,8.437300168060695,1927.0284404726242,53.75602146861228,8121.269993061877,0.28300372584166184,-0.11380566019286267,-0.24762013543844066,42.474916551426205,0
58.48919283499565,3.6493732139739845,10.098554321349898,1978.2604485611396,58.32762718722809,11534.374521687707,2.775279241151796,1.333468649417378,3.9246189086266026,109.84814214815779,1
47.913678486579656,2.547335911574724,7.392941582354755,2046.4612956137914,42.399024058303795,3378.0253529521788,-0.25229653561492676,-0.0745004708033973,0.10666716187681609,51.69664851313842,0
59.351847512041594,3.5630904320922845,10.68612183785402,2129.43656857294,58.83701761434984,10467.773472268762,10.404988461649957,1.3224043618676482,1.6048826827603253,109.43915855073524,1
46.56359459559408,2.633755368360672,8.57070641021314,2076.1775062910665,64.07701430655645,2554.3409531480097,-0.09508681878642976,0.17605571356921657,-0.0011901601781288322,33.51747807634282,0
51.68906493471595,2.7503047432796643,8.096155285575076,1979.9016807567937,35.429578741251476,894.7202704948743,-0.7279854900626621,-0.03492956986421707,-0.042831523827949844,75.50001088152993,0
51.05985101424657,2.517038961661389,7.4872013618273305,1983.1334654952502,53.67468010028301,4403.160751100662,-0.26795762483678454,-0.03656265715410952,0.5835608993585281,33.52046291183403,0
62.65085115115993,4.0495549426199045,10.875714451202626,2069.395490094181,65.38149129724279,10286.658032319432,6.280438530884128,0.7633755973059032,2.021346980874389,149.65292958389813,1
63.06496416755583,3.66506420667809,9.717224962650912,1961.8387604006853,63.62902764297998,13585.133077748354,2.618449229272608,1.369991880059231,1.8818571790163052,127.53490105194348,1
68.67924719101674,4.43282618303322,10.609460539265305,2064.867911630082,71.88232909348216,11040.027990445149,3.6374492561593312,2.899669013523347,2.4654755078445025,151.00683636316768,1
46.05304640454359,2.3614134853371587,8.03703414588735,2008.295235718192,52.704149957010685,6312.002017967389,0.4128348908575941,0.20709866173945396,0.10372568098367285,36.49169790988435,0
47.34443631194975,2.3863802110426247,9.005248781634817,1990.0685878526033,37.09102071627696,6494.442742885165,-0.3423592928499308,0.06501021676688948,-0.11414901381156398,53.62719945217865,0
50.27865364998494,2.4009669071107176,7.902516910198626,1994.4103871638904,54.66616515971924,32.288851522511706,-0.6599357432214621,0.1503333125235839,-0.30273478102590035,24.027440963095206,0
59.6644451985901,2.8636402361270643,9.7364173353723,2032.647308686588,58.417319508719494,5918.912432705088,9.03275916965988,0.9612989466809536,1.9476934509656207,103.91676843956381,1
48.95386886243318,2.73097282748622,8.019872124593416,2035.2995520421352,69.33020425519996,6559.3721837644025,-1.1957425970797197,-0.02156002971808238,0.1590949334772262,74.84598279599864,0
69.54713903730229,6.9030576126022325,11.333379990590679,1993.2963277574224,91.37703114707652,16884.2742280382,11.826053087915177,1.996706830072445,0.8867051283043119,192.22951084954144,2
63.233265204137474,4.039207353159799,14.679985280737927,1759.779284473094,92.56883109147446,11003.417699239573,9.658075234089758,1.4212358441106199,3.1325229327562276,162.7716792075899,2
51.83821257163302,2.071378011241963,8.122763372819833,2082.826637277985,58.65153142759844,4220.162053645727,0.3857335436934689,0.26807155078973316,0.04784572925942674,47.52048152740409,0
73.1330088041765,4.66228888652677,10.995728285550145,2115.525640923808,68.92085658202689,7376.069868407559,9.622679523830936,0.6196174968542685,0.5026766821287434,166.7520988255539,1
60.846626393104465,3.8833501552498104,9.691194420335618,2032.1550146538148,64.54608905315804,8659.043898937736,6.416202030314434,1.6440816855452838,3.473905818760464,120.80486126939311,1
45.787064615849246,2.532743705443637,7.656342752808496,1959.3698495318547,48.376067709082456,4944.000493074558,-1.614833793638587,0.12804294994074936,0.15450085244326975,61.19877348346217,0
56.4612716780051,3.155804553008145,9.558483009678506,2057.356853698778,59.05631857133184,10065.83405717689,12.577069310799144,2.4807274337526897,3.706365249371673,81.47308251521325,1
98.28630472454918,5.6476746403746105,12.169656470536424,2318.0334343383547,94.06339506321844,8903.548532646804,8.617311691309396,2.516444127720229,1.5588167712144232,178.83715623553914,2
63.67253774167802,4.324126406027261,11.363970581914673,2104.426216376615,69.94500906243667,6028.5612574233055,12.841760526560087,2.772720177786108,2.471583927168151,150.45490160943365,1
62.070299469956375,3.978307024569451,11.194041760339841,2005.235346901598,66.53769678088167,11177.645437111609,13.632512881202706,1.4155540791912464,3.399703191467332,134.96433080933525,1
50.456508074621944,1.8937113874765594,8.204598819239806,2006.7747079721282,42.28121452915417,853.4875738878322,-2.0624803058084433,-0.10973923821602903,0.21882291906125498,53.45462996072772,0
62.0216199083149,3.6000955583597953,10.662579655375401,2042.6690256470913,67.19909381680124,9946.477671361361,9.053117772002782,2.58445560324188,2.87263015277342,132.0212830713246,1
90.5708794735613,8.916288128391734,14.628242914644906,1859.2509046854711,92.96352244213871,16578.570104084603,5.399522425157149,1.053568047960644,3.391322972512752,181.17833974280808,2
54.42034242969979,3.1455184897271256,7.645648353668877,2007.0103262103103,42.098945824663424,664.8053948641764,0.9298788543797263,-0.00917580210436037,0.3947573014718447,39.67403105511676,0
49.25897378485398,2.8279658045759737,8.681406706565134,1950.0425250495025,50.5102912902313,3373.2004473518227,0.2564873730116014,-0.24463509291798713,0.5003727341507773,42.757520587574106,0
48.04948988043779,2.684475905967393,8.32300154706463,2066.811685017965,43.58303347697209,7237.51480791174,-0.7454164491108947,-0.14025621863245155,-0.045618486155496164,37.53459768019994,0
49.5227774784461,2.4921631454143136,7.678750097645784,2035.9879081318181,58.731680282853944,6684.817910754367,-0.44655195370181644,-0.2237751669732834,0.06414304429054604,57.4107967703796,0
63.6798419442368,4.475382408061956,10.593106937486734,2123.8598434642004,61.46078048294579,11317.743926397638,10.187577628414347,0.6682999139990791,1.9363344281077501,130.74974303611663,1
65.94320876357042,4.300512487151855,17.68834940383047,1528.9516740900722,95.07255534843699,16051.92636404327,12.89505756786786,2.9600710365774097,0.7999213370670302,197.90474711164913,2
66.40306943863119,4.099019356363024,10.649155498437803,2224.7420412009274,70.40166382290636,6614.670858065915,4.5041927773953105,2.2607775741492837,3.7154328748279535,166.28529329553695,1
66.32419705539168,3.836563597014372,10.097809843735604,2052.460281285008,67.93456037978545,5435.4018261228575,12.864956020677674,0.7851524040881128,2.915733380162643,120.33814810005855,1
49.29577890116025,2.4826728223496675,8.068431326758269,1939.9355900989221,55.84604413071273,7289.9125913276885,-0.8201502610727113,-0.20861597307779417,-0.23618392306556846,33.99785608747446,0
66.97219065136969,4.516290766687666,11.226909341212615,1966.7651846941637,75.04328500484975,5045.907810755302,7.71506471327745,2.0574481382532817,1.1750649025012427,165.31989168505925,1
63.985611894286976,3.9580323701161384,18.307097085343067,1629.3279076347123,94.33024826285902,8426.735795196568,8.987329543570922,1.3860914813065608,2.932181221008915,179.70555216027827,2
51.85316799660008,2.941778649215806,8.09351587519363,2040.9574396423302,65.75048709631898,1530.8981285480427,0.04275415644241406,-0.11793075805407788,0.3197264795417016,25.390320581492006,0
45.24012701005766,2.446774538886634,8.19856100873713,2086.2922806374745,30.9373959314982,4097.377531539961,-0.6589808132375865,-0.126851440887801,0.5357126970202887,28.70561365513428,0
50.096205527596105,2.5144309444600386,8.870607465771492,1916.3861043414684,51.67208021129759,5822.30055677077,-0.3257930008742093,0.0782465573702357,-0.20485352527401435,56.384664188850934,0
54.289917403223754,2.059410737410055,7.877091840061118,1947.5071159752479,35.839017306738256,245.44542598428754,1.008646724623233,0.033991974187105506,-0.008927130322403115,26.371084627486837,0
49.85818513386653,3.069262508483047,8.013409360090218,2046.779303626633,61.91795006812636,4022.9609927692723,-0.9445431473339577,0.1009978402237502,0.25210961432449186,63.87212251002318,0
49.53162008362507,2.100301847921848,8.687403583004302,2068.713061325037,56.72811922302838,7144.152469996997,2.745835945406744,0.04230615896435351,0.5058860326238427,49.802809017126506,0
62.30824805159034,4.059603875337015,10.438549665664809,2061.6905797363115,70.10058101856818,5745.669041099614,3.890071233358258,2.0649415511306572,0.5467203532101226,145.60493228724968,1
53.61645618419049,2.673600034374448,7.615347829107964,2048.8922909498147,65.48820886094322,1849.685941247642,-0.9237327001380672,0.04044363367825644,0.28341295782560855,45.18774439955854,0
63.6754425034186,4.112855463317311,9.766757723063103,1983.4099162768975,67.57856387724844,9095.71580197354,5.1004125839644985,0.7295700239623771,0.8801930741889046,142.06553321898383,1
52.501245384448886,2.435883365294475,8.155107860207535,1838.905935068704,67.12979925185022,5016.407394901954,-2.2763487067438724,0.006594227281800033,-0.2367315306440826,80.81256009463208,0
54.1902392540454,1.7331634655747021,7.840521731931443,2060.456211743116,39.20311224078634,5703.204254480023,0.17029868293509492,0.07712478266149272,0.06143563403546145,41.85439888077376,0
64.88524016844688,4.475258480639622,10.352848884832213,2021.399656786812,69.65548933736777,11462.47047300883,4.537519820073161,1.1325130157747,2.2034434825885674,141.1617218268314,1
73.06068639090375,4.337325294469654,11.906732813020117,2155.3492379852482,71.3838786726736,7938.069137666758,3.2441570200892946,1.0209485264716343,3.090892898257921,156.75182927022107,1
48.96740558824031,2.8527627079779805,8.514472211175196,1988.059716052678,38.57155313105579,1896.192366998316,0.02695230519765087,0.06444034939790097,-0.13443398865078687,41.700551075399346,0
68.670937811435,6.660676041503105,11.111305835740234,1858.1122664800782,87.2241982574152,11986.740366199638,7.149246474475992,1.619466762552737,3.071525846237755,181.99306852118622,2
48.735389075516736,2.1216114617528614,8.354771625550763,1994.1089086528893,37.1494865284869,3997.784909283216,0.007192566588739986,0.006897652902331021,0.09174485270074338,51.478137443155205,0
46.85503734576085,2.6977513205710886,9.366406439651096,1942.7627607657112,56.694004510713015,837.4665234956013,0.18482004651720066,0.022877174726470294,-0.20584927324321625,21.96266361655651,0
62.793897223593234,3.533796513945793,9.227644712950328,2090.6982858391702,60.3984142392367,6845.994067488426,5.998936209130145,0.737340981771833,1.1917321075818519,102.35965964094763,1
55.100922704055776,2.3132790841186637,7.6866486969810115,1997.1127486642276,60.22981514533586,5327.968297407499,0.17043654517373358,0.11075306711386708,-0.5538745661111926,56.094877387170705,0
48.53882663682003,2.075280521882148,8.160772484645975,1984.6505145866847,62.207895985250666,7288.47643831705,1.3195394574522894,0.14461163076179515,-0.11299724056241439,39.803800579523866,0
49.2281085783039,2.388357228979556,8.176795358488578,2141.514342872717,64.30364060475932,1505.7972330891455,0.6598955429241125,-0.040466840567164014,0.12907778670796272,76.14491281274394,0
62.11252678072732,3.9116826434236405,10.390227226474849,2144.117901300422,65.79849939348799,11410.630408832501,2.9589371378373084,2.0096229239261656,3.2418979922312667,120.35427031746329,1
50.3042064698797,2.1773186955351593,7.835086494270042,1970.405427044937,54.85970193249953,3028.525915512469,1.334614324320558,-0.1458051670964191,0.1919294184442886,103.16947708227511,0
48.091263884533184,3.012499158469352,8.108922480569754,2042.7562351484228,51.53250402313231,8031.344925557866,-1.8022727274143084,-0.02377669098706696,0.06311717796032874,26.523407727815837,0
45.018806274512514,2.1605481994449547,8.113449734790304,2102.4895378772067,51.489546295309935,3081.248012599308,-1.423865643944305,0.33544183164892377,0.051136583000527626,81.10966124158675,0
51.359081852648565,2.2605412631918966,7.699473115443243,1991.0846492156563,66.59674808300583,3866.452310005817,-0.2748684882550495,0.3290853654246485,0.09474312675880663,16.80273473437329,0
52.5676666257056,2.830723614426127,8.036162511582758,1982.9293396400303,63.43545566042088,3156.220076733215,0.4206899711559998,-0.12733523253299311,0.08496526247142525,64.45570805256139,0
71.46912149772646,4.497682472086491,11.818666643293511,2009.030655394107,77.99063149963958,10208.752635870884,10.144075294771294,2.92623459383628,1.3791299056332762,169.87985038125123,1
47.94531417852473,2.8517853343787434,7.673846099535033,2000.056258247191,52.61936162238005,6267.848124766606,-0.15090993442530312,-0.049191457287908004,0.4321133926637604,43.156310500253255,0
49.38792749205672,3.5639930104724957,8.210911354505445,2013.9473069479684,42.69680474064681,3336.9033587389586,-0.9358431087429979,0.056062545073056594,-0.36627316543891847,78.58455274527053,0
59.30157865397383,3.8279049239194842,8.855452349299977,2242.2461379616307,63.939499598187254,10542.547011049792,4.0747902023311555,2.064515227170361,2.2993032316549917,102.59875514213535,1
47.683145114267894,2.5446614419652853,8.441164896513735,2064.0828490406584,49.73025711026034,7487.84297184555,-0.42337020188787616,-0.34653870914845364,-0.7074752461000443,48.05618446520524,0
49.09798500227801,2.588518925510801,8.288904156703001,2026.548558742184,45.17511188559662,1733.3324928443917,0.141081532739255,-0.15015362190065495,0.05320528909496199,60.81248505155597,0
57.93901829240061,3.099840861073182,10.012096377140061,2001.4025163441056,59.199739866739854,7366.022544601185,13.522426670257913,2.4566358360256286,2.8355557272731957,100.68397526496722,1
49.872547816263534,2.0647969228994913,7.164158841801919,2010.596311314028,34.93481603382354,3632.0371487334824,-0.620336462996196,-0.019663183266089217,-0.036762366348870944,47.57842491248535,0
61.26762431988287,3.9476390021353183,10.270208529889105,2005.8174426192202,64.18809209239356,7742.30633571239,7.4373773556500815,1.5631838119101729,2.5023768028527567,123.73025618669809,1
49.35736567873006,2.0107321615874705,7.392773944983775,2007.5258238137103,37.74489712664949,7276.029219137533,-0.02812079448552922,0.041214816171456524,0.5180642002077656,81.62419032254907,0
56.81913822356762,2.866217923675973,8.368360372606901,2059.369086129407,47.86708474881228,1913.3061172472167,0.033051441906036934,-0.02067005978875585,0.15889968444990732,49.492660073433676,0
46.61449674213432,2.37162968014138,6.970957187110176,1976.789916927679,69.9797192756632,9667.03156200197,1.204617447898201,-0.1114997892676585,-0.25097877042665406,75.02037240959962,0
65.91589774331084,4.007518360720695,10.773708881379685,1905.8422507942296,66.88845839572672,5108.4268293247205,11.561187995248838,2.520520928348519,1.2144452446375378,158.6450542617643,1
52.11249649981592,2.2438521882827414,8.620428628912986,1984.721096705858,67.94158023635327,5554.519553897945,0.3003217142436409,-0.6410569145662884,-0.5180027228230301,34.29831922475968,0
62.676766219336756,4.072379387960739,10.465605176070937,1950.5364237619099,61.381356053602886,9959.93606884002,10.744129431306302,1.5167131565294485,3.903020412707644,129.7413997555115,1
70.94492885366385,4.907035617501721,10.96719370864707,2043.9555001035567,73.15898674232628,10481.545110045448,12.583009401746736,1.9690937019710657,2.1327727061716812,164.0660079083466,1
66.05142720793768,4.461890004401489,10.699399667224368,2127.1214062880567,68.5477065630761,11207.064990613704,11.916576902229677,0.86028895935722,3.3751580983991025,131.38009719047722,1
49.10436513968059,2.432787716951037,7.0464887832501075,2099.6522225264807,54.242110601375295,1926.5707157429624,0.6136367094304697,0.28200676750189063,-0.14779587273324948,22.821289069753522,0
65.94202699267903,4.034932339738342,10.415301583857742,1971.9721537934677,69.48702004211218,14940.259459663694,9.053676428877719,1.605926114159457,3.728021476730562,141.23336060678565,1
48.94352229643343,2.3944869616226745,7.767184241873335,1990.1977229571348,51.70163397488047,8597.423503775919,1.6814502191287806,-0.2266820657488048,-0.05303925652165909,48.94344940650968,0
51.95746161784736,2.8492893203504077,7.814232029412872,2070.591752673329,59.425340740899344,5995.570862186639,-0.8881077298815195,-0.347921318594974,0.17633373087713403,51.064475747328636,0
101.65784089780557,5.021538368535453,13.440062511047218,1966.5132604818455,96.81010656430281,15777.906870367324,10.540978097023403,1.2941074471227423,2.356867568544034,199.39148375690073,2
58.32666546674978,3.7715144523795567,9.946100936724104,2025.5377500038585,60.660492781174,5898.038015740429,4.553937966246986,1.861168715781356,1.1217960164617051,107.51437931224514,1
52.78577378449954,2.710469136315873,8.093546143849654,2009.5368215038138,45.17038320265503,7344.699820923619,-0.3563820944348365,0.012492456533995302,-0.17395682601098864,47.44771863424742,0
49.374601841603834,2.8534950632299325,7.925651483390579,1995.6178105941312,47.247850059772446,6003.528810575821,0.3568201269780051,-0.012291149502540186,-0.07518268717031845,30.932747415817254,0
50.19902209292301,2.478511526789889,7.625005311165149,2083.5755525187697,44.762691309708025,8277.48759468467,0.5847421138296525,0.25929648007588496,0.10431002083122351,46.68043446571033,0
47.44478868267255,2.0829928835280906,7.845673171638442,1986.786219857507,31.285599727206165,2268.754434174598,-0.32017792174173204,-0.07803946087561381,0.5078667644581634,16.003869530509796,0
55.09668795836528,2.531298425700789,7.452397882937301,2049.498600564302,52.39447701526514,6021.64115852043,1.3455523253973476,-0.2335620343762729,-0.1691556712492463,74.14011173494347,0
47.53919043673883,2.40324356396767,7.800567774259558,1948.763433649927,38.30484392840454,9348.889533869115,0.25904863393192534,0.43109392959232695,-0.14868814653260945,75.93548599524888,0
48.37612029194224,2.7678784526973788,8.152803176659928,1996.3373686781472,30.620509641379293,7213.2439314550975,-0.23865995933944936,0.20861913627082218,-0.11033267023155299,64.50176950372591,0
85.30775355190643,7.4816765550058415,13.27792122274084,1642.13323647257,88.24645061664143,11650.816793801125,14.835750504576165,2.5531286392282295,3.305734026521957,184.11722343521294,2
65.59475028426175,3.946642907434773,11.390134507864904,2026.5360615015306,74.54404939742035,5169.027980793354,14.339305960512144,1.2139148831032904,2.6914905567805287,157.85459634713914,1
57.35058394961269,3.7382988306690055,8.560844689006018,2162.2758753708063,61.08454102984444,11351.606478459937,4.508062875734561,2.381813249795157,2.2589683520632007,90.20457593259582,1
45.428335283301664,2.0108123604288286,7.691004267408762,2035.0112825450472,48.101408316811316,544.0680693293798,-0.14856435301680296,0.20175576568920564,0.12741022827287413,67.0896116016913,0
49.20124446397328,3.0454263652333555,8.638366325500611,1939.6464438937107,60.97344492282548,6886.123824848683,-1.6764219202581854,-0.05173585585896667,-0.16112506210092378,71.74185723477268,0
60.599851349067315,2.564324288224578,9.124594430472529,2035.1210524564076,62.69907673051648,7660.649461236499,8.109909359581684,1.6391077954085969,2.155856488739104,90.3813807095435,1
91.59578629283584,3.773774956827295,13.091069141614504,1880.0973812364239,87.42289616051553,19830.026485023216,13.164234022629605,2.738360334460859,0.7228249984361548,164.24817443269902,2
51.50089630708333,2.2114268878370043,9.099201383245502,2077.9832369165483,51.49345688964047,5353.458897232722,-0.6345208597427959,-0.17682625377298955,0.6078403561787038,47.17858055932706,0
51.580086014868,2.6557405518952857,8.223729266378875,1915.774471980131,43.95691418136251,1906.8573543736657,0.8296668938048252,0.026343983799914934,0.2712563318882548,89.11748559219289,0
49.38321785600296,2.4607917363204983,8.972344634443148,1908.547643487164,50.37798616889697,6955.706354090126,-0.5301764562537652,-0.22393046797185234,-0.38073051651959494,43.163528690786215,0
65.52767473780602,5.757353379345327,11.91062040105181,2081.623842934385,94.58644356418377,9894.224473960872,6.278632775759021,0.6305484666538779,2.7857766352034914,185.66801558358128,2
54.78491552780563,2.597038441866826,7.620119174123724,2004.7459370230386,32.46560553128101,8671.577585393232,-0.7754493905666076,-0.2677146872228906,0.21104791685454033,30.077913392161772,0
55.88550797563304,2.3526645606318297,8.65066534956877,2029.187355713971,59.952815737295,4398.945050645709,-0.5798782940578153,-0.12911810767354553,-0.3074549079955788,67.75167706065857,0
49.092539933667524,2.445344240650086,8.25120581631581,1916.953284314938,59.7907511992762,327.02705374244135,-1.6742657777585197,0.24626104199084906,0.3218786809031858,37.105898789716434,0
48.65494131595973,2.9230262413170074,7.898443949932955,2009.9699660062895,62.80134692263164,4760.002863590218,-0.8403496098077666,0.15928098666462048,0.5230710285445639,47.92637209354538,0
54.062988067276756,2.445203784084565,7.954081039979608,1937.728387080918,62.894983316259506,8452.53487352834,0.5283072578516863,-0.3179655397742279,0.3479798558605451,45.40867582999815,0
51.121460650218054,2.8360996981842463,8.425447406790534,2042.1832767765684,39.8663608333035,5772.506570314084,-1.5573203689477597,-0.20507262476169502,0.35297137509888193,63.009509179135264,0
50.404603975358626,2.440983091707412,8.947941509232686,1964.2640806474724,62.81454016002027,7568.025867834146,0.06190230208275248,0.276256482880775,-0.028400598470093803,25.540910596213905,0
69.89832078873857,7.32327920520382,12.167931747734123,2029.4157292402451,89.27793355432549,16349.780015566046,8.062097849836444,2.64256850334173,3.9802903769983398,168.74540922894738,2
47.49131620408204,2.4846265184238456,6.875932869221229,2046.7419441043392,56.85930117230213,5601.612883201119,-0.9620363364058191,-0.14869935120811242,-0.37890504870462494,57.31226906272384,0
52.46936007783942,2.375888309238498,7.782244550062093,2005.7313208849312,54.081556655531664,4260.194047523865,0.9340681999161204,-0.14035960321945076,-0.3352915789245039,29.196812117031428,0
46.54238040979942,2.758963305427148,8.677552305001814,1992.371621677332,61.6765136682957,8554.426092953898,0.29674953758656175,-0.23150132716884808,-0.19645428462582806,65.20082263893322,0
65.79424619530438,4.316752121795943,9.75304646096054,1898.3832504329491,69.29607555096005,9813.4047476786,14.583499771478413,0.696348927120194,1.4275583167519417,144.56645396261885,1
80.05792998171533,10.289639736917286,14.730744879665538,1949.8767994219186,91.31685708849938,19427.20110091172,3.9259144016437477,1.3616140717913279,3.4044462044911343,175.0386145794063,2
44.39918904862066,3.164101855747301,7.569075657073444,2015.4563223847435,48.60131266412273,631.2919588563093,0.32727795657628994,-0.03556880671553968,0.05352411726389748,52.20081161453545,0
63.05698094261104,4.139016606475308,11.452146502659165,2141.1916600668787,69.75210992017614,6642.443703539797,3.8793558394062435,0.9205944513516722,0.6967290727092548,154.35611237442848,1
47.094603092631964,3.1380737183992213,8.09114030479892,1989.2032839677424,41.482248802714665,6026.798926541317,0.5468911973528828,-0.29283641928751614,0.10870065682469893,32.74102796783945,0
45.49189300004441,2.5307427108300007,8.47591880517713,2003.4945862905045,35.0106028994925,7037.262466697583,-0.3253018830836037,-0.15528362255290723,0.18204673141140268,87.04157012406415,0
65.17162781997511,4.424163024714072,11.395834190657418,1930.874334600794,72.87623443411415,14945.246924327865,8.96247793807331,1.3224606637570717,2.7258531577669833,166.70221900638577,1
50.95630566633416,2.272577117844696,8.17217335696682,1974.6092858219947,32.47633018288509,5938.895891971081,1.0799086732656142,0.13787418080257652,-0.10279618666693685,64.07739880076774,0
54.515241681898374,3.4103306690031783,8.933342792669682,1982.7408498566438,55.15948956266133,10301.913346130375,7.120197124729791,0.8399737992681604,3.428393723422944,87.26566698924799,1
59.9883427120083,4.8672365263102675,18.30775313312893,1590.6855219514348,94.02865129184289,10172.5335609415,5.497463161459008,1.9194846546940056,2.924868459752198,191.59153569400573,2
53.78766200446209,2.6573438601125576,8.204470473790236,2001.9449859406097,39.422746072108936,9196.882503900537,0.20461469298127857,-0.3263277277390406,-0.6494744919293083,34.98103413447197,0
68.08064247926134,6.659740234331078,12.013799805848379,2056.392762900881,89.44539303125009,12961.441458367057,11.44089432073885,1.1746091326658856,3.3701922032637275,167.25357023896956,2
50.19483814524856,2.327113578512947,8.250615567358572,2044.2067125451078,69.57168926850278,1407.2877057737421,-1.1818223947309259,-0.30601289628927475,-0.023457339137027296,41.92428148151802,0
62.31991499061097,3.9519586567333693,9.7236482752011,1952.2175539708667,66.36719617139359,14971.292460562785,7.815943014295025,1.1695800188399417,1.9247281719173692,143.86791777050604,1
47.39831046375347,2.397144383072413,7.999338473889341,1996.0575705624667,49.56568508241301,1569.6173746897935,-0.4246669688120327,0.09168112782998578,-0.20015836089964337,61.6404163224713,0
47.32660850825518,2.272501144415328,8.865552327207345,1994.4662889901463,42.76534254141225,117.0073692818463,-0.792680225295052,0.19210004787182877,-0.0076871897993709545,71.6184013560028,0
69.86330691395179,4.540012968953245,10.445464147808597,2087.5354078362398,76.52773861821895,5939.470587065858,13.53696291484092,2.415641003598359,3.3120926133124473,165.5863937669452,1
50.6777598120181,2.3760560417932255,8.201724890251029,2052.050703371356,34.650707413227906,8632.764837571205,-0.7274481112309675,-0.1717190455705972,0.24514388905119053,69.27778339547609,0
52.19565854059166,2.3285685171368176,8.017443368896288,2080.6778226697056,45.20244917730636,8981.172745317279,1.8682470479150466,0.09392540549149277,0.5228842826788737,72.44416262531006,0
53.51353310361108,2.533364626654602,8.534465323251192,1955.3798442335337,40.74301415178423,707.2978201506785,-0.18913050696150888,0.17073131932339677,0.33097690853950157,65.67360481731693,0
60.822257556004395,3.557289761510778,8.637857398104781,1968.9259523712274,63.04615514994506,11426.987876385969,8.473656320684462,0.7660138009922022,0.8939852923854883,100.369053069172,1
50.84895101169176,2.618166236633353,8.085145235463083,2049.8699253344953,38.8550671328411,318.0735011517988,-0.03982288472674765,0.14155342053915282,0.12880241700428335,63.23206216429372,0
60.487771645576025,3.59735279982105,9.920630881355619,2045.4441466952026,64.67383132608168,5105.378464211352,7.914937410582289,2.384745066697259,3.0397941650422933,98.9588063004369,1
51.401705750713724,2.7739868421127665,7.143423068115634,2018.2388271381706,44.69374550742952,9890.551159095334,0.27939425920158645,0.11599239932934194,0.1670088310600497,43.28119781659113,0
52.84523539377574,2.5674414041670506,7.762100786488241,1874.4564457835957,34.487054440522854,9914.13150205267,0.4506789096059146,0.13401569252275927,-0.04301135712853697,96.65303972164659,0
94.001714930898,7.085333967068207,13.91971725418591,2010.3734779276635,85.11690580247227,18025.142433733825,14.1440023374434,2.4215550296784265,3.3158040513067144,167.89419336600906,2
95.86906521140462,5.615504655495891,12.624464559181792,2217.814898410207,90.10681779535379,12330.102300669943,6.60341520909247,1.6822449512492939,0.8854345973729711,178.50635891397076,2
62.36452465387876,4.293219972330672,9.580759606056379,2006.920231723138,66.11108424781395,11002.515502504282,6.855820952476753,2.4303083079411887,2.993208400976596,110.72361638821056,1
67.75999339483683,4.184774013716566,9.327724165425085,2069.9964560683175,62.72035485291521,8740.249458025917,13.121085691917857,1.6559815292550935,3.7421169593801116,126.31248642831866,1
69.37781178202258,3.938723917896886,10.227091283861624,2063.792461408823,73.96488715419008,10174.75517202678,11.502956145678212,2.7736810671726384,3.7016175564706155,157.53530722218676,1
49.31230666896704,2.145140729093369,8.53524945290225,1975.2485538256533,38.937025373017136,4172.9232804942585,0.38174914650012165,0.34207438802548484,-0.5126661619395008,17.863652959137212,0
51.50336890867503,2.694082261166605,7.655610499119171,1950.0623387138553,51.20827478820908,3451.1633745356216,-0.9062017213851455,-0.11439314074758192,-0.029282667160048403,25.41412171521324,0
51.72897739164757,2.6522370183195356,8.43243488600661,2026.193136764016,34.3540770592125,4577.59679226267,-0.9864504355445204,-0.1697430765942209,0.24690967586315535,60.57003110284507,0
50.98044219552488,2.235624304987387,8.204431122428476,1972.9059229766435,63.14780519130718,5228.440079721306,0.7169114968479903,-0.1437238835772039,0.1607901189905915,58.033350609731784,0
55.5717402761901,3.267741726245892,9.272549688755728,2160.7588507887126,60.98136680453994,673.2992551830441,1.3491268859288328,-0.5344327297896369,0.06365253143118253,20.643801869906785,0
47.593874617604754,2.889659978113796,7.9441829889527025,2029.1006080424168,55.23569708425137,2216.7960176216716,0.1443989743001692,0.393299062995293,-0.37821739110690206,23.844804815690615,0
45.29037623028439,2.383269450856067,8.466594713914821,1926.931188159308,43.81361468277808,8108.395472574861,-1.06432216674897,0.24282061041408967,0.2892060956013378,66.2675298510825,0
53.9186343529149,2.5995021384129062,8.005694473605953,1967.449926677162,63.59339540960672,9527.627085643344,-1.2976332202338052,0.23509632093918975,-0.10521474671546152,51.555971052996476,0
54.45244215561115,3.0204148223825813,8.146483634698495,1934.3309375771867,46.378010180324225,4788.290194717163,1.0155481870443535,-0.11426530509981798,0.3634381375481545,38.80668208062007,0
47.94245070504617,2.0319170777160025,7.359128370714198,1895.8318995083118,56.09558433588261,5740.54695490817,1.247527841413398,0.015552080128561253,0.1115911974689189,43.725440268088235,0
55.354465097506264,3.467110116567963,9.26412203262241,2077.6221734334504,56.559725506113175,11361.097756838022,11.193716746472187,2.0124241243251024,1.3459043661804946,97.61250796716968,1
69.18801256451853,4.486760574852683,11.015895335311775,2023.2577968629562,70.64621027917818,9747.871731768653,13.919931376539632,2.9584653928889857,3.6672353665175197,163.66064824409972,1
51.56776307308172,2.649475698253473,8.828736102275807,2030.6127691837335,66.21429472451244,9941.642615893621,-0.19134907908332657,0.09734316518968994,-0.09554017528220676,36.57766033800874,0
53.85831218250934,2.347557832652932,7.4108384586375795,2100.495416589229,69.89044891052811,8859.38842017533,0.2017164378104094,0.21730722654850956,-0.19953782164661707,72.68971879084901,0
50.66493054869433,2.7692131292883846,8.479266552718743,1978.2917328916549,47.7021609346432,3999.7588299530494,-1.933201624068124,0.0670714225879477,-0.07890278128512845,44.025709396252765,0
49.82233637627145,2.835073389289512,7.813840185322599,2094.0853687169533,48.949227566149666,8221.478748811782,-0.7322498969632434,0.14825142674500852,0.44620785712294603,70.75502614348275,0
49.44640697533744,2.3141698911879116,8.69242405001067,1948.5321802509716,62.380712596512616,3960.1575693368386,1.3254138574797025,0.2704307931782441,0.22176918710121826,90.33247403317448,0
68.03881465190135,4.210533985048264,10.262403112600467,1881.5718840023062,71.20342608388873,13951.885915303803,10.276151867586702,1.605850188313112,2.0917394844150143,158.091870401728,1
58.225266178751426,3.22364244180266,8.717683124550247,2010.3981025573635,60.608364425258145,13797.045634569053,11.324556355343377,1.8505005574463202,3.0720678194856395,99.53506063924877,1
83.7050785524684,7.3524399220817305,12.951605604234656,1875.3389904966082,86.65828331314704,17757.821501504543,14.601976977237175,2.9103317044272887,1.5471481781716332,179.87120790737637,2
66.07503308516108,4.13430601721917,10.809223341800296,2131.115975365497,66.09534260235368,8925.875558034484,4.297854619768409,2.7831829827144174,3.57767503679745,141.0899211273426,1
64.10982377588537,3.568860572653598,10.019083309839887,2033.1149578021045,68.81485176918828,11184.85334432753,10.256596940431175,0.6767685640486105,1.5034665530606681,126.04669998962359,1
53.39725259363105,2.6669146325083997,7.783334140425837,2021.6763730791033,56.434286797194524,10469.973464456027,3.6685219399749824,0.9511885366849927,3.4137884802448726,84.46555711277745,1
47.33479137277007,1.9161240420998094,7.73285847425206,1966.6082831975825,50.620941702661376,3589.2649630146443,-1.1860126272073002,-0.016619902977960524,-0.10885201764545055,28.519680572206376,0
55.29654905482808,2.6022977337001674,7.650534916490501,1983.4400533263847,52.553844693002176,1594.4837567052273,-0.11583983587609313,0.1458707640274151,0.30785878321435267,76.98240254370045,0
49.55159391679366,2.7739648776140844,7.294039795712878,1985.8485862784817,44.545306419257145,6135.094565371869,2.275315439430989,0.04050775676021131,-0.24568045523317564,57.038974528212016,0
52.28666803150535,2.878205100007412,7.868795934864158,1970.7818955063108,67.25288597479255,8620.126558834414,-0.5365743405007704,0.042872779448942334,-0.019950595799729336,50.29189050059137,0
65.61884809361452,4.096526245557827,11.062022074636419,2107.1755730828845,70.02048256192971,12091.975047317585,3.17417767118821,2.2883046291904603,2.6496753671456537,145.80903941058995,1
53.21439464117467,2.9092078625424582,7.390085471224115,2019.1330597459894,41.84886899034818,9913.82771765735,-0.6709449520827484,-0.020373474302690278,-0.46868351040674455,36.420886370948395,0
67.33454514094252,4.590884647509297,15.687899490040104,1806.5135417313843,88.25568683346944,10661.669898617465,14.537808957100932,2.5051889083552337,2.9268448474848974,172.0144360509409,2
84.50882311376732,8.264976073125812,13.818930357850578,1670.9823796419962,93.27088165608099,17773.805082887055,4.639592818394105,2.2853593769324188,1.3967935252123103,164.15771792293327,2
42.46506772848669,2.1039166526626336,8.053614307700691,2060.017132876241,36.918043314737545,2479.3802548534404,-0.06355691549964423,-0.014371857442543984,-0.016786120840745645,71.23367290045391,0
59.397304084573534,3.056932694675141,7.500647157072234,2003.2972168002004,68.81254634642592,844.8574734821445,-0.3139856034390785,0.028405331393152294,0.2748927319510378,47.4135509514452,0
57.55207581958676,3.558805190035938,8.86017092713397,1968.2141092490444,59.410555884950476,12865.195492536044,7.649985255348344,1.3255430526110616,3.6682761146407614,110.12084194698835,1
47.51068708816265,2.12129026819027,8.275043357037715,1922.6593659219018,54.04124446011723,547.489724836162,-0.3427899010227776,-0.08083812272259086,-0.2168118407108263,25.624267537521934,0
57.40048584819017,3.376933883165388,9.881531216514265,2072.983563288843,60.97037090845415,7013.922903748835,6.295304180211279,2.512953372153155,2.0119016237193965,99.61145710003925,1
50.564167136637074,2.6777223982177674,7.7396268474129775,1898.2255772131346,53.496862165430514,1899.7188647013108,1.9906746891214444,-0.004389282408159416,0.3938631882900869,28.86089666061356,0
46.67468049145651,2.472233532251198,7.403035997614205,2032.7520884060032,63.154005161883696,5534.43371046957,0.8439678518581111,0.024658256540327245,0.034506851207542,24.693771173810077,0
47.770105543396994,2.6940659667441884,7.3281266890480365,2072.0616943222,42.48162777497332,6370.312255109051,-0.18131062086756747,0.03247921185095675,0.2157954848800556,49.76103755191076,0
49.889196166900284,2.518134190700523,9.57067308720317,1965.289651884043,61.97704418702776,8115.790087425638,1.149967865971224,-0.01450299611519964,0.6003309244595212,42.779748943012926,0
46.685844880509165,2.1252152328408993,8.48906472889991,2086.140953772093,33.287545625959545,7657.650342514933,1.0226415775339144,0.0674729998295598,-0.7194967756881553,69.87344688923925,0
49.976923070126176,2.8133151888185206,7.838930322012953,1985.4443861164234,40.24522374443136,9087.228289058916,1.4035679170454338,0.019820876240488557,0.7376602901695016,53.034896414380555,0
57.658682625383975,2.997650870271898,7.469776420797636,1993.0028406599,56.829535717745635,8807.670379368303,8.700199578140195,0.8383620402599117,3.887813748907612,82.82039987662938,1
45.58596844094735,2.4744410271396395,8.084924562095324,1975.27678969107,69.40725033588164,7496.049540512667,-0.04524396063472829,-0.3366868685999711,0.013473264826346622,37.23110634318055,0
52.8791912387548,2.2366369937557673,8.319968256916127,2002.8243122104448,45.56720044178459,33.22889284172126,0.047319738044005334,-0.07008157009439464,0.23202216381258425,63.41835618875847,0
88.80162326084623,7.803320588616364,15.260218502074343,2090.493697862989,87.64842190034807,10687.226998443757,14.46209661489145,2.938914951348781,1.9861093470553104,165.30835433974806,2
44.58395020353077,1.8222985292868072,7.881020549857438,2058.7410450711263,65.29405362603654,6951.847302131181,0.05401499270174505,0.028801623519831628,0.2330846852859732,46.7350321472738,0
49.47893128650315,2.0718220957409654,8.270552575913069,2021.0526649589626,69.16281833700154,6747.687049132979,0.8942825341248157,-0.16246290252224285,-0.4732524293916298,61.44094298370027,0
45.420863207015415,2.9724658089024274,7.801624417090552,1925.0203448381064,39.34403498611976,8751.105860045487,-0.945942805213457,0.29739004705378375,-0.04241362059328929,61.341739536366,0
46.83233228812422,2.509946726575466,7.6156718078083685,1993.0669702582104,36.82205246802538,7875.282651077709,-0.5474744525246799,-0.05256737742227518,0.2626558224448963,62.6788863688212,0
54.97788932020457,2.6107119946380113,8.567597133567988,1928.8829422105678,69.07712724246987,7998.724014011958,0.6221415232176354,-0.036106422428918865,-0.34461640866273135,31.35840845664655,0
54.437478984022036,3.3777446836905294,9.546250440246546,2019.0619955525167,60.950068320182865,6079.920185964134,11.897997334169084,1.5292770747844497,3.980545922598505,89.91097963110265,1
43.72853398368021,2.383903881115387,7.217550596152636,2028.8058173161173,66.50587294167929,6169.891245835606,0.15981736108823,0.0783886354348633,-0.2620003480232935,52.961013047638914,0
48.93044069911966,2.6122656047398998,8.105756643527657,1978.6575298573157,30.04697244174785,7408.176103263009,-0.5858075877155599,-0.2018239594643858,0.15072312737962276,38.09715962011211,0
50.0946583149018,3.106428961914588,8.691196112113621,1984.8166532032637,63.06430450209276,611.0121078715435,0.40360716012278036,0.11092675320303913,-0.8835916544999326,15.696619423815726,0
67.20686735465395,3.8561570337128823,11.910493858556487,2115.1329100524763,72.37824891658971,12288.26703863102,11.718264418700436,2.825648358226198,1.5820772314168057,151.4205754563195,1
64.12960513804168,4.112176495390141,10.106699584526885,2107.645180496606,62.24719858365307,11448.63330672783,12.069662300473812,2.228585514827342,3.0374350801636423,131.27135322925238,1
45.05160677947676,1.977496211245549,8.118275289097964,2019.7330615088565,54.80825785766008,1199.723599798903,-0.09493714658881278,-0.4074412779702966,0.05399007680275645,30.56169100277478,0
51.20000724872098,2.6183775138428533,7.15505205421824,2059.5053748564414,31.782206383719377,6289.885278969677,0.6495645879092657,0.1273124126115392,-0.34370035536234944,49.010344138667215,0
49.36654357248717,2.431416096544608,7.549080987669917,2027.9974004073706,57.69340314538863,3516.095153055251,-0.5671400723204085,0.09141509342145528,0.012583496303405594,60.30435498074148,0
68.77679608606661,4.528350607372706,11.745359414381422,2050.958577330677,75.05603990819345,7157.440101712296,12.474197996702674,1.8970870492075702,3.2591112480553446,167.03052085828193,1
63.24844059457081,3.816676027351822,9.669161519891015,2045.1564368596332,65.26397803638113,5903.365283202013,6.2188120878201225,1.8744547817332753,1.708454200385602,121.65864643078226,1
45.485585237326916,2.2520490455530773,8.736928216265262,2057.0743258612883,61.19613596833315,1859.0502652695063,-1.1504450288623205,0.39124454893412536,-0.05903151347397198,9.534478916893086,0
52.56441038541405,3.1035340051970404,8.059455663826347,2001.6243705979887,62.418604850805984,2920.5820421646413,-1.5454248678626101,0.03824353929499563,0.5521843588804848,53.27848389401724,0
53.986953267467065,2.3190352642664616,9.076814304727643,1923.1989457976708,53.59482651773793,895.4054458757521,-2.326137383608958,-0.23601649931189048,0.1399059957098027,68.64924646940675,0
46.9502018628398,2.1416708754502123,7.721583408647705,1957.7369128110568,52.48151184612496,1128.593053524447,0.2853721050692275,-0.27516056050543586,0.11689427468954777,53.69477401468757,0
50.661948146223395,2.2202769812484586,8.35951071321504,2042.9339983436978,60.222222524520284,907.0862440529992,1.952806447369783,0.041571738357056146,-0.06148437220549822,29.893114384822347,0
50.309741513991725,2.456107366459182,8.138575955671229,1931.2810929166549,49.64491996442883,9056.355790920552,-0.2641683392220482,0.07943664967806842,0.09738855044596882,50.51396277431618,0
50.56798137461458,2.3889395049198234,8.358657036222002,2000.2605547180374,53.00799219460316,5114.964318324425,-0.2122780210697986,0.147242018661208,0.332144292753024,56.24157945866638,0
51.54683406901906,1.9637094572320075,8.144571900302736,1997.972582310609,32.03770354721793,7679.6841381251825,0.06870780899273653,-0.06294373313228428,0.25339561529152826,47.157488955830054,0
51.53356067068941,2.7916122312685676,7.014451545950117,1967.8499445866155,34.681471695064864,135.19053196104358,0.40709464996630534,0.010431605106269415,-0.12044725055450557,53.838540225132185,0
64.96804466449147,4.1735677235270705,10.868857069525555,2085.7414770502915,63.60970919255062,6222.914776035007,10.982086157171633,2.856221864289637,2.53396374350089,123.69460780565018,1
46.63996024694022,3.0827255513644385,8.389780977526803,1990.4830662523482,59.48327301069634,5087.735408690916,-1.4949258686476916,-0.09594910361920517,0.1600991517978515,8.86522498164338,0
49.7213493584774,1.8285426838152383,8.72539451953589,2032.3143914939774,30.553266111220758,2948.037289530672,0.15193431390284426,-0.34134957606856264,-0.24720009540378773,48.666729726403645,0
70.31376667264828,4.076014252183566,10.12280306605042,2121.728518267073,69.65839432213225,6433.765685761436,13.351734569735996,0.7458533539642263,3.6643306613601108,141.85439708225158,1
59.69410815858929,3.9406008741525875,9.297735931735701,2009.1340230967692,64.88424770399445,8186.79344339232,6.570115365998339,1.6069129479858197,3.5540724079049295,123.0403589224106,1
51.22778974795082,2.6079997885940873,8.392206080075859,1964.044544348106,55.94648905466106,5074.05371662137,0.14695938464847144,-0.16712915704286946,0.10477105337680263,42.38882880128464,0
68.2589434613649,8.28705080231508,11.647088581258005,2011.6766492714276,95.15062769131255,19494.461857499875,13.787283416381795,2.46374907860823,0.8160649004103556,176.51484443475806,2
49.63441443043051,2.555820337862547,7.783817892498802,1992.6763494383406,55.12372018460122,5633.0092226928455,2.461072920270521,0.026758203162408373,-0.3093397927067689,45.12948891901773,0
81.19156040869815,6.675519314629561,15.426854565118454,1560.2053006215574,94.37259016334514,9841.036365952952,9.703394254261688,1.556030742745027,3.5169022714477904,179.72923614524908,2
60.492951032086765,4.063598848302818,16.218912689693518,1590.376060020581,93.72838472726673,8565.009996709083,9.72629487801018,2.4366234304970162,2.603552034355914,185.5344072010233,2
59.380086931389094,3.2827418906879604,9.439936754638838,2124.1217631375575,63.9808260727598,9579.191554552663,4.580859240991974,1.685985044017195,1.2558272713306637,103.87328336436119,1
49.046863716484935,2.3931644796990597,8.908427828953931,2080.468382045869,63.79883505689332,5243.196364889574,-0.3977424900256608,-0.285448790384852,0.15834796582427227,57.22765455602975,0
47.43446238258438,2.145771181856609,7.217519085595351,2033.9892179357432,65.7254770184237,9780.07588716314,0.8694978754266415,-0.11705642047115215,-0.3463788205373265,67.40070709383491,0
54.39885926389022,2.4828440817929542,8.163873918026608,2045.5385351725922,58.863054888973195,2638.495376149723,0.6401532060450424,0.2940045730298226,0.4357748937942318,51.26873066964136,0
48.70646251942426,2.512573100400162,7.6834176712088444,1956.2504854717533,48.90440284389388,8201.726574240964,2.465269780841869,-0.26870212312700603,0.02915876309679333,53.2133426510024,0
49.39386542918332,2.3379040134974227,7.540744942261791,2040.9334459064821,45.691450498861506,3938.746614436194,0.9043578129400122,0.041570620342838496,0.013447589640966257,54.1412116805947,0
53.41317891820611,2.8694397699318928,8.856828267710837,2008.6587662525972,49.650856119396266,9964.584262520462,-0.07711591177938278,-0.12249666278707838,0.4147978301987309,39.46517365272344,0
55.32197126886071,2.3227542363908174,8.489126209201501,2111.8612537217714,47.39820529623309,7520.088002439591,0.8685628406910686,0.06788133598623566,-0.19783532991209438,58.54586229906268,0
52.91128107657194,2.53792835376914,8.763623793347312,2042.1858855133733,58.23710684732192,6923.870225856384,14.332711965571326,1.8237423316205335,2.9787481768996735,84.00845899044532,1
60.05644724795139,3.692806683217731,11.103308916374118,2117.397096135541,65.37239867288005,5591.194728342701,7.0578071971841325,2.6040688195475323,0.6313033642399355,107.32746715729003,1
62.0059608431281,3.2242400297544034,9.705164744183202,2135.7954338734357,59.726129190727754,8061.512198219627,14.757592250637222,0.7777297168096438,1.0625025706497664,116.29377648258804,1
66.20265106756894,8.03464973090963,11.616490291477085,1969.53765506994,90.21667660128975,18588.817332486433,3.3768044992297876,0.6395989742251713,2.5939375853996585,194.69456406595629,2
47.11508668899088,2.428531318750007,7.5589568982772075,1987.5046563935073,38.010187612741355,1029.093398991554,1.4057568590385572,-0.020295047132775662,0.47831834815681107,21.671348641595376,0
67.8696920353354,4.708629053677764,9.241262093475381,1893.794126739217,67.1466645764957,10045.418725782456,8.227744795086242,1.298566143619107,1.554018315236542,144.08671719689826,1
48.129408744263486,2.724689576577174,8.239899140568287,2036.9975689691482,40.475680492035586,138.26001095666118,-0.4713812504754962,0.2402854296156791,0.5460110496006605,53.87351923385069,0
49.8038382970707,2.6063968483901583,8.29056877714049,1958.2108080909027,65.28768321271752,2669.833382407162,-1.5377451182005297,0.08591139916831751,-0.42141338986216603,20.18169403531423,0
62.970997123614204,2.885698885525646,9.261298744774956,2095.085437439326,55.527007983534055,6013.346272403125,14.013789797771203,2.949171518789223,1.084611370726345,96.03888185898055,1
62.820308187870204,2.977516349287717,10.102083857767358,2117.577451396476,64.40280183966847,8202.962899969267,7.397834941804541,2.962471755611787,0.5578833533086303,102.56435688708615,1
103.14323235036424,5.0957804407591105,13.64260523957395,2122.6217684653925,97.85269581422823,14009.219994726083,11.793916330399952,2.4920345858076782,3.812346049236073,192.91277631435682,2
68.0428641712709,4.288947369297747,11.60325630204106,2065.7268996742346,68.25013112980668,8173.650063087737,4.0707182628287475,0.6563902900685168,3.8626368322067792,160.33542194463914,1
63.58798496596021,4.815499008632621,17.75531766611054,1627.7966906802912,98.39995039959538,14664.67478692297,10.924866398378757,2.033931871074813,1.111097018314758,194.5684097691616,2
52.884929549652576,2.9745499653907728,8.0354080390887,1997.538108109664,61.362733588804794,684.5756989163987,1.5999338489589612,-0.21574578553881857,-0.09030644194044965,37.28504627311947,0
68.40460733342785,7.807471837918299,11.131560146012342,1896.7845282689343,88.58999169837291,16000.913234438205,8.79028789623845,1.9974784565736965,0.571850162936254,177.97427579107918,2
52.36460449592585,2.376595140521097,7.814841870994469,2072.629413739186,55.221183243378384,476.79393741796747,-0.7602120759470232,0.0518080954975417,0.1741843303320163,83.65791018383638,0
47.773721748119776,2.4298511338442683,8.03382839485587,1998.7158889074653,49.44739450468717,4742.4092205184625,-0.277296957946859,0.46071370250586396,-0.2799513147047672,42.51912373956383,0
67.08079657950786,4.1597718305013185,9.645671298496499,1934.634433917851,67.92324940400191,6428.189238697161,6.922227816320994,0.5366213504840949,2.2825964970577917,147.40301805014093,1
59.98559488798847,3.1566821597386543,9.269211016518023,2091.7229888198235,65.19643696538738,10570.251407068214,6.315163838454532,2.664223040326507,2.677000536595328,108.90770783215532,1
60.676233345910546,3.4298058430424945,9.91785240452643,2028.0791545186084,62.850425768859736,5587.014926314645,3.4340915768285996,1.1756324713442594,2.8703838309189167,125.36087454228708,1
53.57527359034241,3.4884306364607713,8.184459142572594,2056.44396284368,66.67996314775364,6281.013693154016,-0.07208411182433246,-0.05772235557687505,-0.071113890221325,87.93181618331114,0
46.37273760898582,2.7904043393496787,7.912135352087659,2041.3725542024717,55.24871243670131,9823.332665701953,0.16394495332669184,0.29600485715993735,0.055958272328184476,72.18339699560197,0
44.80709289511135,2.1939511465817314,7.37837929614632,2065.0807312156985,33.915735161716185,9803.307817355691,-0.6096845398766086,-0.23258382305959902,0.18390459626732097,27.82781631580928,0
68.41569212719264,3.706622744775668,11.446968324727395,2197.4283087257736,73.65180695970652,12697.273036447546,3.267153628926951,0.9207775617291623,3.0701236732993116,157.45767511774233,1
45.84416217155137,1.819487023275693,8.623897566662167,1912.325859625054,42.93302170621504,6368.154005908988,0.6410897387207227,-0.1479584753898641,0.11806005685937271,78.2266627783719,0
51.26101509815442,2.7412797223607304,8.914938134601842,2039.7166068553367,56.12705467342051,2227.016300888941,-1.5036168937789685,-0.012593123767540435,-0.1509686399340487,50.203010807230356,0
45.673096290404516,2.234637251124961,8.638754156253084,1983.8171571704943,63.429089516862355,2135.9738990178967,1.639211839196674,-0.11671654204505505,0.35103663042282973,49.96679163776222,0
53.71817266114857,2.6678623776844037,8.110136985867017,1950.6134259645164,33.417194750565905,2605.5112353703857,0.3299955574461472,-0.282813321493037,-0.16118720869553607,58.08031780232815,0
48.232508415114935,2.3118098710716373,7.567476625257943,1930.9298382632812,34.12712047354929,4684.542798830339,1.6605217005191413,-0.2675511103314012,-0.12120949016384117,64.68152473125078,0
48.75740306583237,2.465236284231619,8.23218080490647,2055.542775894774,30.08689081501132,2495.7194020261663,0.954725915800212,-0.11707499339458567,-0.16874466136741292,78.24031978122666,0
53.62468683719436,2.3668055280467626,7.497871987351465,1993.7766788986196,31.54189889604229,3333.3527229009674,0.4488653781640554,-0.1288254984721877,0.18912866152798463,42.60951267142535,0
57.82184372276068,3.838989333868679,9.664128848504955,2045.1050407666555,61.189089739613976,6595.344941256612,5.356383071464003,0.6392887993338371,1.3577996979109197,115.4297383832911,1
67.94090677357478,3.587186632053274,11.372801162974737,2084.8037263082215,66.65085150359127,9185.466685860141,14.615520682051912,2.346981363437819,1.1916112709807254,153.85485926525786,1
44.007275375423475,2.2547434597267437,7.200481051458411,1996.9766349392164,56.7340171985742,2345.909861691061,-1.6643206918519255,0.2389489898395879,0.25098446898285254,28.675285607659774,0
88.44073379943215,7.588919033427736,16.297254212358105,1895.6668072431519,98.73694367192478,16511.494709941755,14.437359799937195,1.1341114929360567,1.5509641864225399,194.12189487070052,2
52.83921155078954,2.4746994224822814,8.158786330740437,2038.9891063485504,39.29207124469091,2403.7728184336393,0.059372138059387645,0.4617429917153195,-0.21566510985275406,39.5354851606337,0
66.19991808228585,3.743637921881837,10.620923670030997,2221.978089264547,75.25074139018311,6295.992111507769,13.106520547469033,1.265183563042158,2.9046641407894658,153.19085343804403,1
52.659286154510696,2.508791456191414,8.61462774527195,1994.5535197769532,67.99314546897673,678.3512865738251,1.981167275849982,-0.02378960253201895,-0.10050016577321481,56.607184684432255,0
51.4827814626207,2.3042992984626505,7.504270472611606,1953.8191706682865,60.792073300735524,8420.075177915767,0.015161838445211689,-0.4308920167947794,0.3231277244915151,66.99838914977894,0
58.89255010459971,3.6129916299610962,9.789935538659641,2060.35317295491,61.78250565045758,8896.123498326808,3.176293061669351,1.6423079176737807,2.8555838142926286,115.1348979906164,1
93.10770311341466,7.675761403094077,14.139744665601606,1528.8176333711153,89.0847899296545,11928.743234195064,11.865089037269575,1.5707031866012193,2.065447953170731,184.14138730392332,2
65.75613069344293,3.7631506066955698,10.55808606190944,2163.4296516572626,71.35114419089467,8059.62149310329,2.77426130030528,0.9122475788653213,1.9060231225113153,148.6675468081209,1
50.32783102925156,2.784295760114531,8.735821351526557,2049.5878259406745,51.265037215746325,7696.456693716353,-0.6215879336540222,0.23681727382479636,0.4090512059092624,68.61646119515179,0
64.87839363585488,3.9132857678174364,10.633872945095728,2094.2147516720997,66.43009530594152,14047.774990907466,11.517963679660252,2.365319976113966,0.8042593530635971,135.16670795361188,1
61.53230956940512,4.061774861608765,9.642857796703927,1970.4667214788678,61.54648562676021,12764.434919836021,8.534297522876475,1.7029054189985877,3.018218424023556,110.16950613854243,1
72.57531778780283,4.169748139793112,11.397099069827163,2037.0218758269177,76.71493500050224,12258.20685092509,3.547659944192943,2.9688614687303483,3.799137112040119,169.2668940770112,1
52.83411890867661,2.556346040584885,9.269520159273474,1993.143068794673,54.12971436736932,6492.549677495605,-1.8598954450114482,0.2985946815858181,0.3221834978936242,52.2829183754656,0
63.68987210798822,4.258574524307641,17.55425797391961,1674.8008799430322,95.037193781869,9714.29808016523,9.734329132696262,2.3709536066791568,0.9794318468759506,189.7645586087378,2
48.88515861899809,2.433204024612726,7.813524840358329,1977.905283891003,51.22767234744927,1558.585812444766,-1.5584800206538074,0.15586634471765737,-0.0985791237929524,76.43697819711673,0
45.923879885101265,2.5445643429693545,8.10840964660158,1983.5516729821265,53.060859317438045,194.58158087387824,-0.6503436824815652,-0.14658620538733122,0.07957231623291249,72.43469612088283,0
50.74727259176085,2.3032124217209007,8.03844070340529,1939.1580473596607,53.705416526227765,8418.761264911236,-0.5270702149862684,0.10424139726129307,-0.14888413939576572,46.11167821557363,0
60.249685703729284,3.983332833488377,9.648710607534015,2182.351472023682,62.687209841567984,7623.074344484836,8.510443502096894,2.828733472672302,3.0981347668579806,125.02024206960691,1
65.49112749747823,4.4037520590888395,10.916500161900286,2108.6663756965186,69.91230542172164,12781.706322860551,8.031943328379942,0.5311542452022575,1.6198121381424713,158.79687896586233,1
52.5658332156634,1.8683757617726562,8.146460090715783,1935.9776389177641,69.46093164081503,7538.1202505295405,-1.009860727546944,0.12449922048581384,0.3747410281949261,56.39066465547647,0
50.75561247264376,2.30698477723409,8.517942785612894,2029.537435595332,55.18259017599522,8480.691559506824,-0.7132157535561315,0.29112618771367915,0.20479015575439471,60.68440153889579,0
49.37350998111161,2.785702556297842,7.713022538631475,2037.392903170511,44.65298414818262,5326.550580660641,1.0011476558048538,-0.10755728477304566,-0.369670534163456,32.440532967663984,0
47.69052290895257,2.043157379747327,8.533559122976106,2101.4040458024983,51.81102426404664,2899.588107159993,-1.1840881637705611,0.16179425752278537,0.4237295506469327,65.56823197685165,0
51.40890366124316,2.3882415389525247,8.202645537729152,1989.0890503090977,44.66582396752813,91.47370975577162,-1.7437056337370034,0.21958218795612539,-0.02046256565689369,55.73173686293658,0
54.948525922279664,2.6429201017920354,8.901129927968393,1955.6853264044244,30.19875587361151,4890.328571131524,-1.0447575346884075,-0.3362677118637639,-0.2968518648418198,70.9530111545623,0
48.111741208399,2.4881578219624236,8.342973943903315,1958.8794657403673,52.347528373212455,7766.594183238409,-1.442932834965768,-0.38407478294616576,0.005202246117045245,36.56003943758662,0
51.718642872445855,2.190206350429165,7.852275994612041,2033.8545264396535,69.4759854504219,4012.6664761196753,-0.10423062246114227,0.018164630399114274,0.473735399578751,61.49602704027401,0
50.07429124431493,2.725458368987134,8.036895861294157,1897.8313406364764,59.17420936523608,4162.0518126688385,-0.6243824598703168,-0.043767810350346756,-0.644116204856669,28.846817820593262,0
61.57017002964574,3.6057922189559886,9.687660240933969,1950.436809152769,67.37201758915454,5428.462717680794,6.548639246212341,1.977702084622701,1.6988061917371522,119.4870487917941,1
48.23041852412937,1.8027060797905787,7.597039169640716,2044.9164721268112,40.27072936916211,255.8545099346443,-1.4721424217612504,-0.12096135656355599,0.2627463615534566,93.32000493234447,0
96.63264967571548,5.379574749139627,12.47415025058438,2235.8492881792354,95.06888653968474,19640.646281242494,5.203870218473438,2.487505477469143,2.5663101241303097,190.7859790275585,2
62.65818744008545,4.763461671145711,15.845050690968545,1629.9137838820116,89.00595308393362,9493.093329940488,6.8790632151958135,0.6607215788345759,2.3424709802789123,161.05084894792742,2
48.025371690059856,2.118923858071884,8.631209292675994,1927.3970706257783,57.20059183297404,1273.5901418247097,1.000006420162349,-0.0058272985928763885,-0.03688633504648613,23.752058861107383,0
51.9480843400931,2.4638367957078557,8.470867587279407,1978.5449584975736,32.91229050233304,8119.453334273519,-0.2882391558872445,0.1076694550370261,-0.4014031804835772,54.028836969489305,0
51.856398966296815,2.8866388575407615,7.811585284364937,2078.798116681267,39.984247747013185,4268.499602409176,-0.14969811517614118,-0.060192332445705925,0.31696186206880855,30.055885279233713,0
47.53203373796258,2.2185811348643503,7.208205807353564,2015.9287590245724,35.297163068194244,2579.807639100977,0.8333375947999675,-0.5110377793202656,0.15756781673308165,78.4269636230418,0
43.61513965013556,2.2709622929063635,7.471382509776289,1915.967239273965,64.76828642921264,4688.313145980461,1.041132096119971,0.11449384474186415,0.35706166253437205,45.22511460267344,0
85.63820174562667,7.125022301317124,13.628682530459713,1799.3087508153772,90.34801242816408,13492.832334777238,8.741660348094793,0.6019988688890274,1.2668712449208273,177.68725463844476,2
66.24494208794496,3.6155477296099456,10.972948855634106,2030.9379774638032,75.15772099871052,7913.528602565057,12.165193053019323,1.3809728405753068,0.5092187255106033,152.95441891128058,1
54.402867813129,2.347349296932556,7.612689108093952,1862.287040852312,46.01621229519533,2969.388770227198,1.0754134821544417,0.09037851427715508,0.31741583460049017,63.88577250999308,0
66.51834727449551,7.528619994021865,11.746444565309961,2206.0356126037036,95.47506852964084,11908.464311715938,2.6347909943435592,2.6784006804687377,1.0236618206895336,177.68141734605098,2
47.862265915115614,1.5534500643572395,8.012086243840304,1978.4634114911948,33.08128390323006,3268.409373736515,0.045112773949911776,0.2735724153520404,0.1957420691461009,32.50249548927379,0
48.54366719958603,2.5102335515441285,8.60702925532182,1957.026845935021,61.84346315737749,8148.068563029369,0.6180379281472763,-0.11721953572689475,-0.27582704900491267,44.89288037335357,0
48.95058380561237,2.4993469982792536,8.495620389053505,2063.2963902009296,41.02063244649127,3349.945325225938,0.33827768059777275,0.0195085848689613,0.22865688720218613,21.298857243632728,0
54.467256951188716,3.2899718089012757,9.630331974163864,1965.410719536654,57.10595092203943,14211.618533136689,5.135628630807839,0.8844530227250698,1.680101896992345,88.52651784450583,1
65.47509752524509,9.951137433966652,12.125835219667906,2069.143820938036,92.04950132590193,14914.683865064046,4.003520757622795,2.088854973448306,3.418961547399975,193.1341049902917,2
48.33744565285047,1.9238915581353147,8.239661948944365,2035.7447191478113,42.67481552960088,2430.3355367038703,-0.19746780449942453,0.38429148289975973,0.5193834230379656,71.78495567339563,0
52.66466033354844,2.577753832686776,7.283866548947266,2102.051447036121,41.42080300260739,6311.474094177984,1.544626729924585,0.012230446757111975,-0.08329734181856809,38.55792741118742,0
51.03516644890174,2.561729848003064,8.888884956275591,2066.3943175508493,31.857004866543623,5037.812982362111,-0.5628136527705868,0.006561050931363198,-0.21324054137179121,68.10911340286434,0
62.424215451413794,3.212478476980392,10.503378847515126,1948.8045812369244,64.21324213787159,12072.738812892629,2.2397636276969948,2.5904855428850024,2.1753305247708368,116.2632812182842,1
50.42583192209004,2.4922579341743094,7.690568354097902,2049.4763779680748,61.322850991550176,4369.935272552643,-0.9303475169440543,-0.38335875490908145,-0.22376820686861776,61.468961566777665,0
48.89427276876143,2.558500963347703,8.31929450118357,1962.3354525016243,65.02114603731542,7288.280507965881,-0.93277536446136,0.012627328755727172,-0.025454541829699112,51.47699385481874,0
50.22736179303751,2.451258266939163,8.451941422743449,2000.3875096203576,35.549699823783186,8191.659503768125,-2.2856106433494787,0.036420074302560335,0.3543277957792414,61.67738651991402,0
50.543325388310116,2.4650848374326464,8.37501497629737,2053.3762604070716,30.495989113275467,4485.313259284245,-2.3635693119404295,0.009410699558374622,-0.11434672364885178,29.869451380301367,0
48.57437715826183,2.428403572919171,8.394592054093067,2058.1945924113033,67.59732547316283,3799.288219754219,0.4193375792131293,0.27398390348701435,0.2013776394759114,91.32768130685922,0
57.02523827068266,2.5776510636585934,9.572482487863288,2078.886554284446,54.56347801330945,11502.127438984495,3.5299699058548786,0.5249480251466436,2.9313827564267494,83.77922887230937,1
64.80722946440815,3.893015237385473,10.315208601877814,2141.251272622878,72.08996625308691,7986.195565554966,8.384745700714737,2.81980442963279,2.117427464112305,135.99284371317,1
50.67600805377274,2.1456251003851863,7.735578040142713,1988.6528910731586,50.398895693398686,6692.1716162914045,0.7199767961795186,0.10090946809864709,-0.7265662627605286,42.01017923842092,0
52.76041081903614,3.538208057708673,7.922418228389325,1995.383719427206,52.513320723947885,9014.246641742084,6.006630292066982,2.9002959322162276,3.8023880110760926,81.20282774043427,1
67.03534192538376,4.727350692925427,10.295300796028041,2117.819054368634,74.1387060966049,5448.075719008226,12.807442733087647,1.958074560772404,0.7045342135295161,161.3331179358337,1
64.68776276226508,4.5327755008696355,15.906737125893725,1492.9539785163033,98.58547235158315,18799.621572985314,6.549786565519693,0.6589636353712737,3.4173284248215663,194.49656349072797,2
62.22884232256125,4.342231771380845,16.853586381039968,1636.0457493103008,93.10919500509766,9347.064174401552,7.007421772010164,2.1265041716949016,3.890849711753235,192.6889993379144,2
47.096368564617954,2.6833943039196093,7.3303823255484035,2031.7258650065196,37.925362084629825,5092.205616700667,0.6876656679863404,-0.17917207678262026,-0.04599324652507293,62.60333778234004,0
48.81614704289995,2.149915948263878,6.979632372888273,2047.9008220656672,54.923048739955384,6624.234149532125,0.2919700247203078,-0.11873809908802158,0.6503686908204896,71.43478304356469,0
61.11705445362037,3.974709001363824,10.522853497434514,1995.7619109751652,67.21759126443698,13120.016437774679,14.098642113849124,1.1648369050755232,0.914795398103478,114.71917974192056,1
50.33636800610086,2.4122290896064906,7.8617891721550315,1921.2822030650073,56.222473621572725,4830.9530337146625,0.45577248602937653,-0.06325182656862731,0.16146480905082858,78.17327351915678,0
59.09311154453701,3.5059544529420705,9.558245218625098,2133.143556441086,65.39910590231368,7999.419913209217,12.347860381646296,0.7631085283322643,2.6875496976728175,117.37933078651452,1
65.40974411700354,4.56311513019534,10.024382481406004,2067.433640241045,65.3925358978131,12219.28746703684,14.290478486749643,1.8544523939823503,3.0395696629020494,139.4225221387866,1
71.04659290453334,4.865093495496421,11.047519917867417,2003.8152089906778,71.4959073346004,13536.75633248466,7.800249181084789,1.8382491673825263,3.8768815489128583,169.94458889595757,1
67.58535063585155,4.012207303778921,10.217223825652667,2048.701016422302,72.60695971985956,6945.840328338102,9.657563025465787,2.3538570519645097,2.628212186959251,151.08382342160957,1
89.74972083916617,4.412981087624397,13.836242818889744,2009.2965770067794,89.76569760026868,14446.771400992126,5.8831768324105775,1.569260920985411,3.8505338961698365,174.5373224253609,2
48.22871172724437,2.4224423385420777,8.186207343549636,2069.4876320570474,59.95068509014523,7831.20464080656,-0.39310787673054504,-0.2246316729263562,-0.02370836579120712,34.410742019819565,0
51.634873861892615,2.449448430789165,8.446383534651801,2063.297145699811,56.142608097526825,5553.809911498243,1.0351861570085077,0.007032357648107435,-0.06090003738370196,41.840867602020765,0
49.467400814592665,2.430453048136562,7.2020841505060655,1971.9852791227866,62.6679054236079,6234.540867933664,-1.2393829185639267,-0.22675646034196928,-0.2783155637020603,60.349257973020975,0
48.07212570179807,1.8769912621471594,7.79075278049958,1981.1080542598693,69.59840330065633,9131.980246922236,1.579782969061802,0.028101395657425476,-0.1621301908331137,54.426487268236,0
51.004628040397414,2.1222343725235646,8.266273831063334,2021.8542345602734,66.29842430156239,8967.265472593295,1.2796381154302954,0.20301809512011287,0.17603962571559723,16.436358736400486,0
81.4872687116547,7.327861781744748,14.24438839978769,1975.7609620975736,91.1841056642297,18243.173538673967,6.381822492358815,1.8956324621688967,2.516659144710622,168.0133751289643,2
61.86025763457779,3.401061273169628,16.42857056439402,1778.7417913246195,92.95887543889586,9709.366432305049,6.294296868630339,1.8833179974591725,3.3487695909796433,160.91689247905452,2
66.40215128917336,4.089520087986423,10.340644314704281,2175.6176717521944,69.92058930444271,12916.645367133022,2.9104708644367854,0.9199487364540638,1.5353378452932167,152.7982269164687,1
64.65616710941602,3.338380547993074,15.334955831775076,1715.273418041031,86.54334662911585,17719.378397265667,14.80014336686393,2.146945047333408,3.388285086580374,173.21963930486572,2
65.68373461601621,4.157780577360456,17.25606950628316,1797.6132811425055,92.101933603181,8785.280273517219,7.101068428972628,2.923920237967331,0.6910554820974943,165.28609016628178,2
47.94451201145006,2.5885373605147306,8.901667221478023,2015.497628815739,60.296815194201145,5611.895931231306,1.8429763511235355,0.001086214101617978,0.1297719207201192,32.98920667726371,0
100.33966247579679,4.431544712613342,12.60257095147753,1912.2816056589147,88.89505055930209,18362.58002419232,14.58319668890883,1.3140392786810078,3.961019312742553,185.7238881453258,2
57.55280141800316,2.9850928889737656,10.006444193948296,2118.0555201633138,55.499206419419835,8950.388694958148,2.3561578518961794,2.0543326529316235,3.1835421775838393,80.1110509484433,1
64.04002720997484,4.212658865851046,9.668883739054268,2090.3536429553096,63.66300769646562,5868.177128079181,12.383947667839049,2.1161517831811887,2.674057406322144,136.21725258603345,1
65.46977503068767,4.225728037533429,14.39084459769742,1646.4830551908492,88.19603175022748,8527.225878019834,14.69931845357564,2.1354721357098607,2.903435995389653,162.14205076487835,2
51.1482875447776,2.6119021002488387,8.232963139727012,1970.4095831058257,52.66699327594735,7623.850715249584,-0.23788728181914773,0.12080168205663391,0.4216530242970344,56.93376071813978,0
69.46162436396413,6.6932598526380565,11.936348897007223,1849.3604517281085,87.11501098665296,13580.111909547963,11.37746732940274,2.8157321572843284,2.2249266163234482,182.56593243385737,2
68.43653952301989,4.089627911656622,10.332487165224823,2091.6206771690427,74.83777235094863,6766.767415338574,8.114692314851819,1.6659134638627493,2.688328180993163,152.23322192494913,1
56.60331613962388,3.231640668613153,9.421265467893827,2024.3738961979102,62.69955433676811,9426.834866288442,3.2468206899580547,1.6248043584248826,1.5305949281068065,100.96170466748632,1
60.880910712915146,2.7912411346912855,9.783037378396045,1989.209431611963,60.574261844890984,8145.594092129136,4.785902690235607,1.1902280001318075,3.1753769876335185,88.69754009990756,1
62.209413462553016,3.9273557865469044,10.88632891630772,2050.0675955160486,72.22304428665329,8233.762074193568,6.263230608914892,2.4499351244473275,1.9930091840458233,142.95544434541677,1
45.478659961473525,2.363686135973473,7.832735283527209,1985.5617726267337,30.456911217776454,2806.164567038364,-0.5345051541233914,-0.14512217450473686,-0.06609372160042734,38.20307204440719,0
49.51568218126823,2.640794234363605,7.957531512558957,1985.5293671784611,62.688971498268,3401.472665917399,0.46131287449552233,-0.0458608292041159,0.15211442722650592,68.30799362540915,0
52.21746521603594,2.235115611141485,7.898387062417176,1891.8169874771907,34.16275128231844,2961.541099407259,-2.313025388997139,0.4215071152325872,-0.11339512421677653,7.855796538219124,0
65.70408163006168,3.706499502616976,9.950570228064764,2137.9835198722126,68.74961630614918,8534.47443491329,5.283214758043651,2.2327246704718657,1.1151240782369514,121.3393007766208,1
85.73165948848545,7.206121722549393,13.468336740403558,1901.5456563918117,95.37132727935165,13809.248484622924,14.310855303243624,1.4757092944321657,1.2866628091200483,172.39583822880422,2
61.296096975623584,3.957029460255609,9.94280817433546,2040.6501173126344,67.08864379523799,7055.993073682024,8.355117909830044,0.7832914808011686,0.8771058863306578,118.92448821635489,1
64.95876484454263,3.609084996184259,17.7709024188631,1683.6500881322575,91.27054553537698,13941.873833167983,2.358036622547216,1.2877226944955151,1.718068322684241,196.93216132853883,2
73.12806670922991,6.932275376470114,11.857556123689536,2197.9086894350885,99.66510857823224,12903.368888731517,4.778550516944855,1.8231820786009394,1.8966348682593932,199.6752259519122,2
49.69985658634709,2.718259344464079,8.038999541791076,1992.9568210380207,64.68287864832077,3236.530861574933,-0.6703934338211619,-0.22874094297942138,-0.05052972368877764,66.76608206249296,0
54.244280154755565,2.886097144598611,9.699298763533761,1895.47122709333,55.45758018871374,9195.016749059334,11.873403577822382,1.117967074028713,0.6194283463927064,86.6919587518002,1
54.50656891713312,2.124605658825868,8.358448436662794,1933.7295212249771,56.553784945998224,905.1247207382984,-1.7746911496167403,-0.13702163353277683,-0.025498847741723528,8.431658582166115,0
48.45248858664639,2.283371347527247,8.25916613508976,1966.8337042194516,66.30054850877261,4345.016394059568,-0.2873395897187748,0.25006085282640483,-0.23984393959626638,7.170037124540549,0
70.03567883495595,4.498012773527971,11.55737474626964,2113.994535283047,73.42208150695863,12727.058099263504,11.168269809389214,2.373155095084403,1.3203182906395825,164.26922375301803,1
49.27635383639566,3.1471152875150477,7.7178642779524,2021.1233302871258,67.90770474074279,7040.371179416576,0.05873060237652675,-0.07320980131539648,-0.33719128412347127,31.30604910857389,0
62.617644825508535,4.427271383503673,16.381948155701746,1596.818336042783,94.07856892352974,9468.1185902293,8.15039777446683,1.263769709408637,3.1655419087154693,192.61768757260322,2
48.953379532148226,2.952490837407892,8.524533010505625,1989.4835909628998,35.826756129409254,4778.103079560588,-0.6758960402714645,0.028938835534390018,-0.12200024867918317,65.96847861500738,0
70.1172071151386,4.494252526874635,11.02086425967294,2007.7377996188716,73.35376128556918,11890.38880634162,3.519157301467896,2.1419732001356815,1.0109774280430135,163.52720014359497,1
57.16905788263513,2.280869989881184,8.01463836956026,2003.376252086756,53.6556304594143,2145.649008964231,0.3318204882138979,-0.21526118624324841,0.21797584556531074,30.513414338349975,0
53.49641966169988,2.2946804696878504,7.762858596649528,2050.7256332859943,38.26879720739069,9581.998611642428,0.7074228333522768,0.1202967158629727,-0.11741605975597569,21.278607384593833,0
49.295927248507994,2.401444153300022,8.86032445717718,1966.1256613219896,66.17788706930472,2460.5683179800985,-0.4249942626943879,-0.1176209150818357,0.10177933491820855,65.66119725288614,0
48.35112741600361,2.700591903795871,8.196287838444198,1923.8372034247413,61.602510290096774,2595.5851691514654,-0.1314827859216935,-0.2929879158054039,0.11834645863672737,38.35390709653092,0
53.25388935612058,2.510962051409118,7.653969308568382,2022.9445674000945,46.8172727376863,3212.7055500572064,0.6351798604694766,0.17519287841663028,0.3925435991275316,47.73677750903738,0
51.162434353776305,2.3340726881840417,8.170703656713195,1964.1789325327945,58.942951925101575,6621.953571879216,0.04900712891881668,0.2684952853538527,0.04802212420622739,68.29026196068205,0
52.63608101867054,2.5060050418049458,8.401609234562638,1947.222905933611,39.70463152659946,921.749785477739,-0.7171690468535181,0.3540026021756185,0.14224442794314157,61.700929209795,0
48.60478188942197,2.490496141911363,8.87312535636597,1969.2657622141392,39.28624855928469,8100.3340659764435,-0.9731915069649124,-0.01630982244431938,0.8053280347487206,65.63251454359747,0
90.20229332887915,9.047440426202613,15.285944909273564,2045.0482975124714,96.87600814689954,18702.368302656738,12.644442170785428,2.6293717784085,2.255935284448964,189.64067506863273,2
59.61479888383706,3.3365563807730756,9.496952831696763,2027.0069097680937,61.14736736251431,11256.613971708643,6.468435299135651,1.2730374231606922,0.8306015723689631,109.99219812164264,1
42.80249094354998,2.293780282899111,7.416340166239367,2049.6162472065903,58.64170601952763,8827.693055392883,-1.7261201544509162,0.2829471875619824,-0.24667969656855956,66.33484244800343,0
52.3205375660646,2.916290029844685,7.821482242108875,2013.4802873995386,52.50330790939908,4667.907721167174,0.5005856395328312,0.16795146215083287,-0.14445006733951515,71.40661895565083,0
69.63153132631079,4.724767268912242,10.635359838750674,2093.461531388376,69.87145683529546,14826.08638573689,12.007272224880154,0.563767506761657,2.4163997939852493,166.12195782260505,1
51.66635637109051,1.945113876730328,7.433724985238931,1959.0074606860849,67.51263627301837,398.5720506066226,0.49349806932527324,-0.5631894950514339,0.5848550512350873,35.11108704003993,0
50.00169098788428,2.8067453160657934,7.186917758593917,2117.2253977488936,47.78034085793723,1866.9940544990427,-2.714592107686524,0.03034097687785088,-0.09636530340982162,49.5787228730506,0
48.63824923434029,2.943005398992,7.639169456206021,2026.6498234827516,57.928412210965476,2891.1164807795085,-0.5082758301746909,0.05046189054949976,-0.23669192979171663,43.103658646959545,0
60.987533975806905,3.3501772185922767,9.60715171937422,2073.6411876114585,60.378453540977866,13094.231086491462,8.388000743204863,2.8557813811863673,3.6404055074045187,115.333826203765,1
92.4825912357701,4.330316010423641,12.381685760676088,2226.2052843975916,87.0093174313964,8378.273686873876,8.06420694918156,2.356575326008416,1.7291652246684959,169.67538794209946,2
51.43882750663416,2.46752726102868,7.212338776679253,1974.820370498782,52.7697015997669,8107.4374176593565,0.04729141856058733,-0.07775878702721027,-0.13798729227996798,60.87921137756859,0
60.28066719790679,3.5532089678487893,17.69605044812873,1712.162067675814,95.30176034457489,17016.830415112585,10.714096857729364,1.9036937272830294,1.578380159802711,180.99630294578256,2
51.46240615703579,2.7309572828662847,7.396051347958608,2041.424449839348,68.79190380899333,813.1302184857315,-0.4435083896862453,0.10373986513265752,-0.3877716803041689,11.381910027021547,0
63.282678997721284,4.3676207619035345,9.423280155420658,1985.2936220159586,69.07036569201132,12955.312673330398,12.738654193058883,1.0477623700474652,3.4818597064359564,129.19961262007178,1
66.41058218705827,6.690306436605198,11.842358879162225,2019.5567315416731,93.78395721642434,13177.361894177884,11.939462138953655,2.8434547284198457,1.081701985782077,181.96187098531527,2
101.80859302506921,5.53807394219996,11.380758695402031,1851.9006169040028,95.06744797787306,11745.928540053883,14.522439547921188,1.9911888190750617,2.57179919454854,193.1970178254334,2
45.37056210015552,2.7475233949435727,8.899541240755852,1886.5651258753687,49.11806430258797,8093.932512183493,0.35489453164939755,-0.07684314529504965,-0.32005783069785204,83.48475072233894,0
62.6879638711905,3.539540236608615,10.6311387143304,2041.5414582294884,64.80569440611002,11577.084698434406,6.538529214890123,1.1311208533336807,3.599010342846621,116.53261460858612,1
49.42225516853683,2.448540581332202,8.231070180346903,1914.6734636368767,68.44917103675255,4650.424976919025,0.8680435295694365,-0.11567722311164737,-0.3051593279821355,43.51396248011456,0
56.13238089338809,2.6448167591617944,8.668051862008987,1993.2023115260508,54.97650253506173,8964.186608557602,14.646438667563519,2.188864241174994,0.6295749653475704,80.2172949734391,1
54.47266615081941,2.744002563864054,8.506164499013831,1983.0502705842914,67.73711960913533,6140.623117158807,1.5766475152504604,0.0784404763449351,-0.20056243716957353,63.25236371563122,0
52.04197135184442,2.475685373378457,7.1523474302487475,2029.0331717652039,64.77373859409666,504.2488499701847,1.1210129703895242,-0.16074532562105248,-0.11194590038676361,57.35509045515016,0
60.226677199216155,3.7436805916562115,14.476028041599896,1524.805008988634,83.8991428175704,19876.65546979208,12.741264755014344,1.9296557827967682,3.2017562449188657,157.4175132160463,2
65.94741601319157,3.74174344894133,11.206795770831098,2100.5418195781485,68.25569558472299,14563.37062068753,10.151330596427368,1.9342011061720406,3.449758752448072,139.1058172293255,1
50.103118106366956,1.900567787583118,7.297972496480307,2021.2145703321364,57.29126053767052,8023.74697146348,0.7690985654712109,0.517921134418669,0.15851504671191213,44.701555034778565,0
59.665924994322346,4.09181816882165,9.96077235517015,1986.9405474859616,65.86579993171792,8804.4629226313,8.892004990371657,0.7135872349574217,3.1948544800970757,123.22581810974955,1
47.075749490446995,3.0897579678336218,8.04908651281552,1932.6810440685026,61.23792915870111,4135.224146706766,-0.9768315416674825,-0.07228625390657328,0.35614569522944856,56.845817459702786,0
51.41718652854994,2.205613234130506,8.085423726229296,2037.1053087525095,65.27120003182817,845.0557909763589,-0.7263961576667599,-0.21596826476821973,-0.026833179954882252,81.00617318952331,0
51.134791820337966,2.3750914343444833,7.7373263990148216,1981.7876166095714,36.88165990776171,4937.97056136094,0.6613830877738915,-0.5324671273564017,0.16200210584646937,56.26599979801509,0
49.26591179001401,2.3294688548518088,7.538097683679215,2005.3451468342764,58.638871369644725,5560.942179322218,-0.7415518343422717,0.2593452978862457,0.37746478045454446,41.9081028467104,0
53.457366976114535,2.5544193210673294,8.04001554441895,1983.3977181861353,63.81794131167743,4939.318846772555,-0.3466224216534656,0.13176018502446799,-0.15852550771137439,70.2654866905539,0
69.05016926228167,3.2539973049583324,10.8226342826434,2098.9421584572756,70.56282581130473,14128.647058937184,13.571019384532152,2.445468196467084,3.6434442202720096,141.71558881300626,1
52.71798452874781,2.747888765870085,7.987520707327048,1990.6261755921123,30.859161985583874,5233.578458119327,1.780234650554455,-0.2541527666397408,0.22493696351811873,64.87680778082976,0
59.0540805513218,3.0538084428476937,9.700473284947641,2096.6244501923748,55.103054272089004,8250.59860940826,14.425545741452058,2.6173131431457843,1.0772260784896321,89.16896975996613,1
41.285894678490266,2.3531763124265273,9.087126139510811,1977.6421807920653,68.68597667507959,8753.253392608012,0.37950316689456925,0.13999797912406023,-0.012352757934124197,43.32753720891704,0
44.499629775463525,2.3664352596253226,8.439283204639409,1909.1720079026227,40.99887827318945,9107.387256807415,0.15883642876895818,-0.005273198765417306,-0.005358698519193112,49.55305973507311,0
48.93316042442228,2.7690387641053533,7.8689149915112315,2059.340729707643,64.11968140128478,2774.3143037522345,-1.782589914006777,-0.045289271163353885,-0.11612058200075115,22.04259968900049,0
52.06084188226288,2.738962979420833,7.157393911731825,2083.1255311237237,42.5209179536961,150.3206893470821,0.8390503886438538,0.41605912863043204,0.3319515945966646,87.83916475498683,0
47.013048837441616,2.9181506365148215,6.865126147289166,2013.7648675296734,30.87999480891719,8765.538213142943,0.2602814730902011,-0.2225259074997119,-0.08194556149813088,57.51086745331136,0
47.74248728776343,2.4328054121476264,7.6482070663738035,1868.888407298922,31.063893283492003,4881.4375739900315,-0.484833187016143,0.032825013452511896,-0.13677816356255998,71.54728586631306,0
51.76562592106823,2.0553731473687655,8.053095019232657,2001.4048920160715,49.33713657158177,4132.833270236879,0.3307819306091656,-0.04237024162040136,-0.14228485623144915,53.12346066340262,0
65.78876669053125,3.792350347794142,11.027809228253327,1969.5640992977144,72.40251643455849,5685.358314179722,10.810160461948291,2.1461364603788176,0.6229706044805676,153.80283871308563,1
46.398074928053084,3.0875890358923117,7.855057046512638,2033.891432762306,32.68713488007383,6718.529949706552,-0.5379560154574167,-0.27662499954263753,0.3367275940276998,47.589387113913205,0
48.28816541242879,2.635800331573573,7.437589893450319,1985.2942457011734,67.98715459764077,1777.5730435845417,-0.7886531694967231,-0.030556640800640102,0.06090810974015926,63.81894647694742,0
61.018195636602336,3.445218215227211,16.80875246979905,1818.820576119658,85.27809892048685,10313.647345445243,7.686353068092687,1.1265483994017518,3.877891478941477,156.90222358497994,2
81.36587044466141,6.996472275206458,11.16983512533847,1885.8594573135883,87.09499806368278,17784.22560365173,4.365016868799412,0.9407756238350208,2.325872391342266,160.1008723669537,2
51.66853765187736,3.1589554385329515,8.75622359566492,2119.1167415225345,59.74468218173304,8969.759755202962,12.752164134065884,2.291267710535441,3.3989008537668313,82.0196476557798,1
64.88728983275281,3.536133211980526,9.608800281053487,2031.146464942081,68.3430060067686,8971.982368612898,3.7238513599198937,2.1161920317248755,3.614206367409571,123.77279766349905,1
68.4913219436348,8.576577116829377,12.039129277679061,1898.570257404107,91.8613313530013,15338.757834906417,11.333261880725574,1.5408300054402049,0.5270864443199736,179.95010693265522,2
44.6077944937044,2.1500116863780976,7.753302102900097,2048.715555731117,46.65349296274094,616.0333929902806,-0.9202602766541674,0.14025215369963748,0.1427993370084495,20.955009759632844,0
89.74058445621326,4.902235581621978,11.318745636736274,1837.8093944193768,89.00877866550705,11840.219779663097,8.708327333645524,1.9494343044287814,1.989724030985606,173.4565105631941,2
50.242061408992456,2.5504463564594446,7.6820039775806475,2084.4545395205537,68.6314728655313,3.2323168081394016,-0.8900314875291431,0.1858354753749774,0.24387146420405162,98.06484677774777,0
44.272416145105886,2.6532900329860243,9.022861134642994,2050.114090116129,42.45752274944404,6327.75914968739,0.791094751967693,0.04783933959999044,0.2339555235138786,29.289464974888876,0
48.83467357768426,2.2653817240495013,7.920164821020288,1980.4364746756526,32.76054589105932,9254.450558977982,-0.07181986182667738,0.18044198023733868,0.03812136306812798,38.1645912925621,0
50.78163069937366,2.1214514782770917,8.663179364541591,1958.657513457994,53.65004221315061,8293.41273721395,1.0005628783232146,0.03523786372844103,0.17005134863630755,69.79207974986929,0
46.29499692598157,2.6700663620613043,7.915833224784272,2128.4318069727565,45.377379241462926,8877.30517089034,1.3593120822519769,-0.049141715260577826,0.20407504354024664,42.27831821734473,0
62.05853873839422,2.8685876368061525,9.668734962872877,2163.271238991048,69.96291333590635,5404.357698864127,7.243912645283471,2.2846276676004056,2.0028321903754756,126.7530804454959,1
52.89841183826555,2.4342504718371325,7.005104576913618,2028.362760080122,56.86091936704937,6118.4506092405445,-2.061621096162579,0.228988065006547,0.05589362660977093,36.79644376843608,0
45.52284062954923,2.380063533744748,8.392344296016125,1965.7993504719434,49.1745918174455,1092.979092076465,2.390156142731487,-0.05120011745950214,-0.062121609305696,27.688812562884326,0
53.46031118288599,2.6949120540042433,7.7256118318258915,1950.9177164342557,47.751652128484515,6580.343447735858,2.391344960639201,0.3238551296335066,-0.026895848369590452,25.603011765890432,0
61.88193977688583,3.3689590911152028,9.743197065327186,2079.9468330814984,65.97492919349247,14653.147182530847,6.943924827266562,0.6091031079127645,2.715864014069075,125.8514767146427,1
50.78816862806576,2.426864104769856,7.578786316042207,2062.5508942796937,65.88551286190571,6651.822157346289,-0.742058629539597,-0.01796527365997037,-0.22891411533743045,78.28726279075984,0
48.07304537039087,2.6318240551357843,7.821886370953895,2000.759864817433,55.115331517012336,3694.9234874475856,-0.7374900016141628,0.047024506241415936,-0.15916801129070124,43.63735773493173,0
54.66761800586238,3.257106658023606,9.001115642537222,2066.3661245408935,54.21986372156139,5418.104503968771,6.282493200080362,2.7284660607072486,1.0033530667924744,89.76981462900295,1
61.86400773164772,3.6993145167710857,10.338667215756914,1946.3999322976856,62.98557726390488,10652.568752687257,14.560497572045069,2.5466418955400414,1.7728434501327917,117.56346456893165,1
49.806529367087094,2.3145392676743244,8.76364543178812,2038.551427792106,66.06069155120586,2830.582335272822,0.281827617866231,0.14034642962661345,-0.059008011139189506,36.11577028948309,0
47.526602036627665,2.4049999002616453,7.461075423097433,2007.549340824601,66.6010882569042,8652.530608079607,-0.757596176861602,-0.0086877794835766,0.650361805933032,74.54005147256296,0
83.55896575069521,6.710161967830187,14.417221830792622,2015.6920033718102,91.18588053746728,10563.138246530863,3.823470112845607,2.7376538918487254,3.849536141351316,158.0382882663638,2
54.92474571529124,2.39168578333381,7.007323948328035,1997.3373831961555,37.60384261794398,226.51229011614538,-1.0733905089942049,0.05261195599017916,-0.30225578863372565,47.784896589261145,0
46.83086429922741,2.563857550903952,7.321890670897087,2054.167839465472,63.81967616856928,5879.17935303959,0.507862751645772,-0.014699072563166275,0.30300621659923005,49.54227461078431,0
47.521640121405646,2.465321361811782,8.458410254151692,1991.0242564638227,63.17848851409892,9757.060840955199,-0.8432350001578044,0.18430944017782153,-0.1082982137412783,42.35917803062887,0
62.862276182379816,3.497251206471871,9.282015362272483,2091.4530379615003,59.591460836227505,13219.326793251244,14.396912931203504,0.9628560906415933,3.8311649430592536,114.40223985487924,1
50.68545470494194,2.610844327420971,8.130659659864586,2036.4674786003839,36.28039238757993,603.6613802176927,-0.5580710526033158,0.03212436709891183,-0.21669759088681814,37.01679113483876,0
52.39539031084378,2.556732497042554,8.064802176970906,2004.058023644989,61.62502640735038,9106.011785255569,0.3872802591983925,-0.30027318771501055,0.8242047688213715,64.34362772992115,0
63.795665933118826,4.3871105529635805,11.155310982136765,2156.26583676874,60.72836050373306,9687.467939827755,13.374703690973355,1.3313885574610602,2.0570871263781036,128.56377979320837,1
43.44567157884265,2.1870314594808193,8.049673767492205,2029.3359602500373,51.18537505877724,8862.021429213635,-0.5550063616904598,-0.11786917248514715,-0.19607426421599858,90.68124519397367,0
56.90566999735226,3.415832131426633,8.692104094737266,1994.793442732929,53.91591315771184,8127.431945734031,3.9282133227644285,2.345349037794941,3.1482321754506013,94.2320492891933,1
56.87327125215867,3.0132318032882326,9.309812781380531,2005.5922983393707,60.5737379366531,7378.664648953557,2.132015605462615,2.3489229514251764,2.526536031938555,80.48974973996074,1
47.94431359569578,2.4350476616136616,7.818492491026578,2026.1117712192859,33.88417815724387,7795.341131629036,1.598971050993572,-0.01815571225547251,-0.07108693069230239,66.15752931773747,0
50.43137586783384,2.4566277554685323,8.083294311312875,2020.782972057268,59.27288744267716,7314.856706749227,0.368589408767556,0.2521662294711592,0.09674670614079513,34.351015313982174,0
59.510326589724706,3.8411356274783093,10.448746141402463,1976.5686997335338,65.29388376049319,7735.611065523632,2.2182205924415133,0.9407594088492173,1.42118797676775,113.86785838813074,1
99.41346972260358,4.576575104703814,13.154198422215973,1956.850446330876,95.16679729858829,18378.63869422694,7.5570038193735325,1.98944248750434,2.338999060998467,195.21247460404498,2
62.45961083099541,3.9389469333704454,18.304918961126962,1686.3233537059832,97.19044967753202,17150.26384329151,3.7416194433901993,1.370228593245357,1.0206795521092715,190.85689519594754,2
58.37187839114789,3.256789964374267,9.092185323646113,2086.8303174999105,58.609722680860564,13806.937187153717,7.750095320884655,1.7720696281771215,0.5095280861364451,103.9803842703741,1
47.50047269930744,2.861107605920297,7.8847523406453925,1943.267692403613,31.80390771648414,7093.762608501236,1.7643922503516856,-0.3254205012880107,-0.366913410443123,32.541658177594236,0
60.15514638362835,4.251523077384376,8.716123657467518,2113.6896514239597,60.04226375856178,5597.400538340837,4.25510005737991,0.9315011566335094,3.771944517213482,113.24833858547032,1
65.38775541459238,7.302173553825445,12.778730654461897,1991.7705498746056,86.79401568117285,14951.57764542668,5.403158394556602,1.0352431517149405,3.364362950233875,166.5110577274601,2
48.3541295062552,2.682545703181938,7.614686128581514,1986.0228446137062,49.860015531770436,3815.9429239489227,-0.013803746894885793,-0.03880878961857878,0.5896212690453017,48.69556259637803,0
50.322677329071304,2.7109094136351275,8.90128127059324,2018.1747153852714,54.36611425857227,7966.151340924062,10.329911184254833,2.242668180558934,1.6867500044753618,84.60601151752277,1
58.93317239845384,3.6489249152362424,10.188778030615977,1979.3562357202218,68.29190553332151,12046.535556298819,2.7045790156870217,0.8572283830009895,2.0602248967698746,117.60741584062355,1
58.19813898709459,3.7267388426658385,9.354433440806137,2126.6432527446236,60.01201602233331,7487.470660249561,11.362466580061763,2.6100359206307475,3.549517827365878,94.9339212154234,1
46.39805297056445,2.595234583322525,7.819469768165353,2028.9230087161745,31.800538382448373,4305.179678243881,2.281627039996372,-0.14866513599323136,0.08382073168904536,61.036873242160546,0
62.90320823868859,3.1116608630498046,10.097746736388393,2172.9815801996756,61.05733220078061,8697.238893384038,7.8279611787268,0.5353797602382564,3.579435748981483,117.0605973085813,1
47.91799993022385,2.65929971514608,8.38533091880287,2005.122029815734,38.57107142256469,3458.562008202015,-1.5359734174883357,-0.2939810610015828,-0.48287496799239527,80.49248154794617,0
63.00535285424043,3.2659077737649995,9.863892115316633,2095.7297056485118,60.931887520610175,12699.841164155569,5.409284790912937,2.2515390935425144,3.703018689920375,123.6104295469978,1
48.87280450782455,2.647878338568579,7.934795165635008,2009.790208814323,39.032004505714596,8798.688830342528,1.3856673174619218,0.05081322042335612,0.16512351313368104,72.65811826274773,0
48.80237762284775,2.552720987976251,8.276007434914362,1942.189640007312,66.31239187598041,7716.92809636166,0.998634763526669,-0.10337509199408157,-0.01836429835105637,53.39928564072235,0
48.738876308646596,2.117289777337303,7.990926659034591,1966.8215579913683,59.291941570671014,5304.595398194485,-0.03927066434548226,0.09639461871234252,-0.005811452312235211,43.68789531664751,0
92.38766902666508,5.119741554995354,13.19651791689712,1972.2374573949787,88.41216310063773,15143.578981113695,12.592626700790436,2.3014267051607593,2.8066373444130575,159.3137609113013,2
59.51497254854822,3.127473122433841,9.861493389553177,1970.6033751700586,62.81766963591362,14032.596416520671,10.77795794208125,1.599316880356318,1.4117477532505998,103.6672701201847,1
61.888855042768405,3.713415936754292,9.123672192939267,1953.2440938812401,67.5518099698936,8972.596265646536,11.188468892230038,1.4445426239987054,3.0594839055967604,117.07738273229626,1
47.996873045267826,2.8779057678285516,8.965434807182792,2031.4243283408634,37.71489799401127,2829.0216530193234,-0.703404212634846,-0.0909019900788,-0.16886349494150918,75.91107732060685,0
63.8454241404565,4.336422050434322,14.467207220901296,1551.3494558977454,88.47258646805955,9124.082298783054,7.506729526493953,2.607746231168504,2.361476881774247,181.97913461862652,2
47.32547276700824,2.3589198113778433,8.531127060884279,1962.896327518387,50.82232624974615,3138.5490081429843,0.7968421547466801,-0.09382211963102824,-0.0368531439875233,26.40407516917184,0
67.76394362238904,4.378983888574995,11.48508544020203,2087.7712751195354,75.36196230471384,11021.595393331148,6.020795698946139,2.015849549585042,3.596372991142172,168.52922471264367,1
49.641365162928125,2.014197739243123,7.724010539434584,1886.3774141451204,33.829185602317445,3362.0999941627438,-0.3606459210280189,0.23629503428216048,-0.39942040690189834,35.63568337563433,0
61.799171789685666,3.5616923147308364,9.6800163772672,1955.2353533764563,57.885567819460114,10631.786483305557,2.2363696154596964,1.8945177210475548,2.326215432878065,107.2201840980539,1
52.03178570245593,3.0326370754300127,8.275492468822444,2113.8994902552276,58.8797448858562,5250.038643140027,0.43558408766094686,0.04795791635232069,-0.05046839861251866,55.98201915404215,0
78.73238644347994,5.054212604118064,13.244511265373841,1817.6139114071188,91.888166570572,16501.856947181695,9.056818119546111,1.3869891383230322,3.379397376073767,167.0346573007057,2
55.782033598706676,2.2535575091212285,8.247313132454341,2053.1452156738465,34.70816949249943,1012.9281360077135,0.08258312330788745,-0.12380366396593878,-0.19077469261257526,40.397452057699425,0
53.85987605389552,2.7159634275785143,8.14122839270256,2052.955772612375,44.16944296533027,4704.141333044846,1.3916740628243167,0.17791077247611384,0.10298199151476654,52.15283278140709,0
65.93335323838969,4.520582876660936,10.991348937271253,2017.0104437078608,69.15297976284283,11071.759712996376,7.584688407217374,1.4901460267350657,2.8494117058857635,147.55589757641107,1
59.055599247403535,3.3901729340072153,10.031797565804295,1957.2079783867848,59.43667977176119,11667.565015153543,14.793831524024702,0.6648921024677152,2.788145956704281,107.8121745560345,1
52.073635773353665,1.8447088151622797,8.4423777327363,2096.4932364264096,65.91821121367417,1535.340935757662,0.11011701618530424,0.2566965520108241,-0.06622538988086653,71.70671589458675,0
47.390561918946624,2.4497668140625004,8.028812731726406,1941.6511366074708,51.32835872551077,4677.981669934626,0.00368910743215654,-0.06444455299606287,0.05811427409004058,28.620139289329476,0
48.333470159924026,2.7101505424957817,7.716023917323619,1968.3847102808238,43.32468141214268,8488.669391367928,-0.37110062509539044,0.3033995494244781,0.44805788192919904,67.12631570165823,0
65.29787150077162,3.5589880350913186,10.375444250716816,1977.3927088194657,63.348085711584446,14405.58166359903,4.232194930930624,2.8294598467017087,3.2687568350571254,125.11288199523645,1
47.45016941681667,2.4275911844794145,8.238048498873903,2005.1545922394098,33.16923629471877,2581.1346353774734,-0.26152988112045383,0.3204241519973292,0.3138340808132705,16.702300863681003,0
53.11886332548953,2.3256287061359187,8.77957326631395,1957.8582822845115,36.03050974821371,3988.210859382453,-1.6798045638127441,0.0749596272699656,0.44901759685384207,40.96764184504194,0
44.83369308064538,2.501629162146328,7.118429577320655,1936.498059049063,56.21361604232108,7671.679117843896,-1.2731392791678524,-0.00020032597589393462,-0.0699150919804832,55.47537607901759,0
44.53371427763376,2.569954727922716,8.060835336292389,2015.5974508598763,48.799243667345756,4434.863744109164,0.11544841178275402,-0.03352592683071663,0.27188019574485367,56.02255051297819,0
66.4989071726931,3.9937479959744175,10.60698123315069,2095.5454359703613,67.3692539700177,13241.824627733511,4.840371731615124,1.9633795177568376,3.1107298998575867,141.65050900000307,1
51.13574052938831,2.686927241615524,7.639877271766061,2002.7387306340145,57.780750502854616,4472.506200656577,-1.506368583710234,0.4251260608870682,0.20260714195890167,3.9488972397744178,0
50.50016729147904,2.6063978672037686,7.665228938858345,1962.785091369232,49.68601172666067,5364.554118565191,0.4520242507053057,0.21995045131696223,0.13876806987034623,44.99283073375109,0
46.69140677583176,2.093353934926155,8.51648510320401,1996.726353283432,67.69499057112989,7757.181701710379,-1.6529981992981677,-0.16673726521617066,0.05993717290803264,20.455406762392894,0
44.13972517031112,2.394440465558078,8.910131794173317,2069.0846062477954,65.00778377038809,7614.032437327632,-1.0811402205818492,-0.3053443705567571,-0.19677347102984033,39.61773189879372,0
49.754474235188646,2.3610449566044336,8.023609470443379,2028.5165709913178,59.686275277724675,3977.222941648322,-0.941701569052339,-0.05808770902133323,0.12786002185400033,46.020109736166845,0
51.81925296749571,2.1715339558961486,8.59499528529322,1982.8132584688626,33.71310169714113,5218.07549248199,0.41241016968924904,0.07022549029701931,0.4426080166219948,37.31110183100334,0
71.34512362542539,6.69256488706888,11.290292704710916,2053.2588643712793,97.02148536917201,14752.942658834465,8.286311019637623,2.9181179564141924,0.9911530469613368,182.9867536674986,2
48.74530991596565,2.8786268880384775,8.235683725599602,2013.9524901433938,40.46612348512818,2414.600445893392,-1.0743585685709662,-0.36703399223627864,-0.08073544904005975,42.20909990438907,0
67.47029864563845,8.214652729260344,11.207217154245852,1914.4292717435574,96.5932442254385,14754.72428287525,3.9351553268473474,2.5895537377099407,3.80896642914885,180.49659864036659,2
67.25226183240902,8.119833787821177,11.815500588394274,1991.443722335633,93.39506112125153,9141.163141263734,9.996810099534706,2.542556207611285,1.1053314782507793,163.93787011589322,2
47.34729723305551,2.2107786216524197,7.772534584860307,1947.3615757491127,42.74078430109461,2723.815717301951,1.0747579284755795,-0.1617132845539099,0.2474562853910648,37.193642200802785,0
53.10906764222066,2.5815121158169223,8.107406388121564,1966.5009030599986,50.46467006984897,3319.411346295038,0.29773645476611693,-0.13473501752333625,-0.3228215603834906,24.531688362994917,0
71.56941609744504,4.17639742781627,10.924881057733499,2078.241068613206,76.26814445813994,7868.907013672135,6.325977418323795,2.218217345620133,3.262129350003298,165.08182075060807,1
50.96949190627889,2.5351635399448655,8.170620183017352,2032.7944721477793,67.72255557241473,8759.380483359962,0.38916379676224916,0.042719002514093066,0.0028725156648388623,76.96448613841557,0
51.07759564791604,2.9844606775219558,7.569198565088205,1995.0310671585587,55.062377692839405,997.3381238064217,0.5257944397663744,0.4598637091265932,-0.2794079003277831,76.52306285878859,0
52.27873475195513,2.172661289722903,9.360232173076216,1927.2373578163827,42.91993689643654,8367.021681835911,-0.808866301521583,0.10754639818365751,-0.13618712858861995,81.83105701589717,0
58.01296443158819,3.4452246129838096,9.62719293019973,1918.0155948882375,63.860777195435546,10770.248567296401,4.80947797588213,2.6475834661989497,2.5865673877010678,101.38045679251232,1
55.62832152618593,2.6985607056707774,8.57885945856468,2046.6508369719763,65.82952152353027,8248.220492070208,-0.3930788646074401,0.01809759930616562,0.2605569580491062,18.40559699201691,0
64.48361616333986,4.202839404857907,10.056627703893014,2061.3724521693307,71.50581475223657,7622.828118754493,14.719473965825479,1.0052659051039883,1.387094874489977,137.518008151241,1
47.84561767982333,3.082752577707247,8.283767591379235,1895.10392580706,68.33193272176408,9619.519962271737,1.2078187518842378,-0.2305642711776614,0.2680124429182504,75.84468349104533,0
54.71111254847817,2.570645053082627,7.7142056624069015,1943.668044170407,38.15201755968326,8869.285544558354,-0.21295189893715621,0.046161250700370283,-0.20239868795371227,75.84595462182276,0
64.46711976801114,3.7172707191862444,9.344615523448287,2099.1902790712875,60.98821620608924,14334.068430113723,3.994017369996975,2.335191179814633,2.2354733099648625,124.4031331463275,1
50.70224196341583,2.5480312990237106,8.001628562407644,2059.7576255065164,56.98141028108172,4414.803372425563,-1.666698550544702,-0.14570736552527488,-0.3580401707532771,54.41531086609564,0
63.669441143295444,4.078191168295562,9.574425332060732,1947.3198548889306,67.41509612927248,12119.671012062303,4.096711955645501,2.9948733417821782,0.8762608465561954,129.44867743339137,1
64.74717252087547,4.516770758335582,10.084162353278556,2080.990467226158,62.64191546893041,6829.420892461847,2.741630918506884,2.029647387536735,2.1738279258506683,127.79213248671417,1
53.230082376200585,2.5218427060669892,8.039204740443394,1961.8277535547147,58.04067579932716,9706.888162170495,0.33295034472571317,0.3317316544882382,0.42021191251125223,57.31737820206829,0
63.3730033245495,3.181198586107361,8.922325769519164,1941.6614116286685,66.87283979683698,8156.554231852873,10.384011181560513,2.683583595032349,2.67620169886166,117.52710765215762,1
50.101964113421644,2.473904399845646,7.746210713555735,2110.5996653872858,38.97296788462445,6921.091988220286,-1.1529631387015664,-0.3360074740062853,-0.02903088767992755,20.030457334342447,0
61.32368017963936,3.9015893490031566,8.791509872346092,1968.923092454515,65.06331859318352,5119.350090430214,11.306774255391117,1.5431346640896972,3.0119212029163864,107.25012532145975,1
51.8823326376728,2.466273590934937,8.286918970678531,1913.5309496970683,50.85745810834979,3301.4752127470183,0.01440204370851548,0.38672350692250984,-0.41368491826353754,57.449049040950385,0
60.77017777491605,4.364796169568788,15.517546589457668,1685.1715682494498,90.82652771544558,18097.27254963218,3.5942882946732797,0.6700794025789674,2.5942277236145475,159.97569728776767,2
65.80293238577912,3.9120281445900082,10.056851394916904,2074.2460179024665,70.05966660222414,7754.921344217949,11.399432546707425,0.6480242144750201,3.1834221230741053,136.04794571164615,1
49.85887237245019,3.0422216084878997,8.433707694428652,2043.0722061279944,38.6678985904145,3544.677703737208,0.0918494110477101,-0.21239929047246897,-0.5376437293966464,40.66961784418204,0
50.49045540874487,2.7007169400895275,7.424757066280637,1933.890507115076,45.81653961569228,8116.30877260052,0.4525928153203838,-0.07352864147224124,0.22901649680398198,42.239311131984934,0
91.78911723028904,9.782654667688945,13.757796077965342,1811.1800961718031,89.92115881721294,8689.341609192246,11.94145689551454,1.8320178684521102,3.2497175076481297,186.34991961541178,2
48.170807782427104,2.792094712492146,8.046551704398741,1947.8640338951293,67.81182232833646,4143.940490320224,-2.8803714396059865,0.18199344683505206,-0.43966324857595446,45.632253791828035,0
55.068964290550944,2.4935845101037524,8.108344226451171,1945.510394180305,56.48772494512214,3827.9265635339375,1.7824123245947168,0.08316440249830041,-0.6095243510792637,41.49043738752431,0
70.4587881910982,4.41483544079521,10.11307746960275,2245.1649141443845,77.73033527286522,14103.388659298053,5.544537846838238,1.3959306788792207,3.48173484580006,168.99351930868093,1
51.53904937363614,2.1053078040464723,7.259703195557418,1890.4210634773794,34.23952686956391,2571.3830538068314,0.513870604646475,-0.1371020485558695,0.2921122483068392,63.09368377251569,0
59.588600298873274,2.904853826664482,9.002241042777813,2012.8564650344222,62.08253878066951,8320.14950038449,10.652595191301575,2.646871229571127,3.9062025514713827,91.58393669828179,1
51.07680532240808,2.331337473385502,8.165263979506156,1935.741517791424,51.30580669178701,5599.233002387604,0.9565367094813999,0.08166747578133007,0.12275460504863414,16.197575847707377,0
51.096974980604266,2.5230773989247,7.609208589562105,2039.6944792334564,58.64499283230852,2973.0546169417103,0.6009394760810538,0.0858912422081107,-0.2951967808275314,36.95462339576561,0
59.42369267016688,3.2738684384863745,9.428006525906019,2109.526712881698,59.98428661079554,6785.162963706688,7.035969372651548,1.3272974137833946,3.9822304007418596,106.10655951393238,1
49.24745956153504,2.8252748649982524,8.320900221010033,2049.4774935274218,67.12126324007147,237.6424174560754,0.6632635278375814,-0.1921544473517418,0.5084238305584734,64.8394630353566,0
52.10675575769211,2.5394595831813422,8.160728052086931,1868.7315731162814,44.31617908641063,495.5841970526076,0.4380543022223761,-0.0051019238709497615,0.10016279430840613,23.536201102292363,0
52.624517597503704,2.393016755764479,7.9619959176893875,2015.8770988243798,55.61773490968639,5564.137494745096,-0.5261415410265657,0.2727894065400471,-0.06647322829289948,42.04081704597329,0
63.3318903477863,3.709486103931958,15.250220578233874,1623.3295727847621,92.23922334381022,17743.94915975635,6.6300589637391285,2.3980333445020543,2.5504837147751567,173.67494410825412,2
51.34400159696954,2.4529963134974406,7.7469139381003815,1979.335375912617,33.026853146171796,8755.857627555044,-0.7607797135086701,0.06831933685117951,0.19056128936950503,76.07871779567822,0
64.27738857641728,4.2144415114811045,17.29654050126763,1515.1649344352522,93.9334141747767,17649.29369286196,13.829871258098288,1.4144830877422725,3.5190920093454316,178.0137647478183,2
62.872622094932645,3.84543291695457,10.161969175787391,2044.3507315922545,64.6587367867337,12974.44260196377,10.930228058382475,2.405891981053652,0.5919584148056094,128.39802638862614,1
49.90188829392893,2.8477647002100857,8.538440260338072,2039.9980446833927,34.83033522003395,1557.4556824808883,-0.08642760612581264,0.008714121457037882,0.18789653210657392,45.26293757913143,0
49.202272170148895,2.6718144965596813,7.305576208284788,2044.4892912387415,34.44487189728302,9906.953145364292,-0.45343035692486605,-0.0942522958643179,0.12010196800597366,59.05802863125061,0
62.518029553620224,4.643412316536773,16.85649528869392,1678.3906858217874,87.87960426157177,13741.845691055016,10.192400189578008,0.7207701073443635,2.537490488815744,158.22848069505778,2
50.32459490356637,2.4605547907752965,8.028588564391113,1879.947041999703,41.73827905122178,309.0602582047908,1.5909231215122932,-0.07324372262898475,0.052168520962512656,52.128796426467815,0
68.51826855166907,4.502611506678194,10.655457698407746,2070.6015385505193,68.92823855632591,11135.101757109329,10.679107609607868,0.5405381989351922,3.822413295963786,168.41000215938294,1
53.46160918426534,3.1058372396206027,8.323945861648191,1985.1957897195173,30.15239209974585,7471.934436388981,-1.1346733526270334,-0.10195193004941255,-0.407702202771902,44.24886136256565,0
68.95960822524356,7.940194940730891,11.525391931877023,2154.952016023147,89.19688189626046,17747.630562115435,7.850993042911109,1.476872353275873,2.004590407179501,190.8022722099237,2
58.738852581697934,2.9144240217344426,9.480296807772497,2013.7692195871477,63.956922976955255,12274.167916545568,8.100932343282864,1.9134757882873523,0.5916327366635138,103.64241097241703,1
83.98954346059492,8.895058381665761,15.965764563865045,1900.7544290549513,96.05061058612125,14458.56875266266,9.218859217088756,0.7396656295149879,2.2301127753561545,180.11281498295446,2
56.02379778374855,2.921775294483778,8.571482133895547,2038.6921413276057,61.28846921448576,10238.923004103548,14.299467898626471,2.7780427503572502,3.193996117243165,97.0146736125806,1
47.91198524710423,2.2418837322510425,8.226691009003385,2051.1995962122255,37.02320872537283,4582.580261595973,0.7832002928731814,0.10685424281882355,0.18758346259344721,85.74754754320404,0
59.719470885171305,3.340099950077428,9.391798431419902,2063.2396431117327,57.09212179215008,12410.501638114594,2.095307482347536,0.7228537342488995,1.501400476758087,100.65181836653343,1
52.9019613328608,2.6680701721405327,7.700794196645135,2021.357215876531,62.15621976417422,8284.900509318042,-0.017467381304698854,-0.1851474009967868,-0.24832879728167415,83.37585606090272,0
95.51776250169122,5.1815501335766445,12.128629478363655,2055.4532171736287,89.75639378182815,9416.95070147248,10.99263542801103,2.769113411666279,3.611703471088926,178.8113707873215,2
47.66830866529886,2.2257273639537924,7.773677260617628,1988.47863023979,35.333765578368954,2144.836476134976,0.9036582229708261,0.30073072073389473,-0.03916242369395961,61.837204267821136,0
46.83152459641463,2.7291299392020196,8.370554937953186,2049.233875976011,59.890496321389875,6905.82626308186,0.4063163841495906,0.36058819685281135,0.08809517431906494,89.98527635570127,0
48.62699781551525,2.090563409766483,8.639387759927777,1984.6889539121714,45.89410978674971,2626.830636915366,2.2650509099107827,0.2734754866693413,0.21884694990963427,62.61544613498562,0
53.26126968580531,2.7131916223372468,9.089903528609646,2115.796152777035,55.717339555417944,6164.396982522214,3.0593396616937745,2.259057962265355,0.9361156958678777,80.40847601499127,1
50.92625122396704,2.5516806736401882,8.308135522419382,1989.7928770968235,57.34649289969624,8864.876852792078,1.2353296107037062,-0.052991402887910946,0.28283714731435505,45.51617769556101,0
47.093598792236676,3.112083742874546,8.159437405177352,2016.9806031811686,42.981368791609526,8379.73899785342,1.193748126590254,-0.3032610035111748,-0.18432613854704008,33.975445016874545,0
47.67772822825739,2.383901954960346,8.96233528277019,1850.2181181827111,36.348237322972174,1743.1330537598144,-0.9700707360537628,-0.07762198184138153,-0.04437471349364024,36.60105996388606,0
48.001176893021544,2.525763561327476,7.72058385366509,1998.0623027060815,44.172568144561346,3632.8672510960837,0.5575399980066126,0.15307048325756967,-0.1178172389477302,50.552722554154755,0
60.092502404553954,3.4002077380507547,10.162942120793577,1987.0371214727047,58.86455942579875,10557.753219376216,12.320949429668696,2.3488452488559126,3.7756679160324076,112.9922260347007,1
46.133918605024995,2.0666074624081876,8.144270851756858,2097.040949461433,46.20075747328741,8954.156927361759,-0.8543012741425021,-0.2432243119053497,0.21512230758432435,68.45548237382069,0
65.2584459122315,7.0975068458115,12.631638663285916,2199.98043763396,89.02423206690966,9991.026828425147,2.9967890667789,2.7693592183301634,2.395604688305821,159.07534971424016,2
47.44752701135623,2.4391365403000296,8.291120943507304,2013.7597387989256,69.21628261713346,8135.418932217852,-0.8150144288863626,-0.2664791406917808,0.12576776430626835,35.68354569240363,0
53.494390307965155,1.7513538961974806,7.478514660902551,1982.5130540552,41.592817794431056,6327.650347067095,0.7421038897548022,0.2936713626958573,0.029160619963651834,57.968310156644954,0
53.77657010126706,2.4899505246083042,8.586900409411966,1956.8675829965978,61.40767720801411,9339.652231725728,-1.4956476195585626,-0.12287754832310127,0.06729907946403935,50.07223394150568,0
95.76124230984006,4.456698889893364,11.143106593392533,1901.292997452888,89.8041543588058,13825.840375149888,6.534541672325733,2.1221413427046905,2.8146068678734992,167.7779778658459,2
54.79864042541756,2.717269244307611,8.110395397673352,1970.5776571631304,62.15908951285809,8319.4398959172,0.034321594878267185,-0.01593718426981409,-0.13412665412404245,75.73725796552006,0
47.322326596384585,2.1685561636092423,7.400071613119333,2000.2785096927014,44.820672544074874,3014.3563813052674,-0.09870551481434787,-0.32072175759522403,-0.14585043072505546,62.77686045508427,0
57.20054211412165,3.462783703706078,8.85696063776924,2065.9103619105954,64.45343203141755,7474.708166932069,12.488372474484873,0.9979880843195839,2.4540161489051675,102.87733596130943,1
86.97398387521537,6.177047419199198,13.912509107160208,1952.0638081279374,92.97072417158026,18889.20085880487,12.905278313976112,2.0681488395290097,3.742330192810429,168.3201180296646,2
96.70282089116814,4.75230968876327,11.109408775707921,1756.9532098187742,92.20530906489977,19774.01321735485,5.173177112633109,2.477627814926945,2.0660649942665366,191.69136406048256,2
51.61475096224668,2.141069381443129,8.51809482754124,1972.4623409473625,68.73859394752708,2271.3156481933984,-0.38503082179656106,-0.15499961235561277,-0.563981807811523,43.78717836752139,0
65.51738239817348,4.466215914494546,16.86191504548931,1485.1896766155628,96.46368673160976,14344.311799631601,6.5646432648972075,2.4764327760217384,3.1992908193651814,190.0640737856302,2
68.32402401461017,4.137059961078872,11.087200017017649,2093.9253304535973,74.71313322388569,13840.952549452975,10.983573333705557,2.208084097482858,0.8657604693678189,165.0591692943101,1
53.087373333001274,2.674008189035333,7.505126478947988,1988.5949093172876,44.63302500791081,4297.353514061027,-0.9761393508383291,-0.4278011283487704,0.14146724807954641,51.00563447763648,0
55.47580750472456,3.7063810353438784,9.105573869466317,2062.1619861488966,56.44875758834071,6013.938783591568,9.073360890647479,0.8081376705064026,0.6461376160493706,100.0186335545445,1
48.610677297250824,2.6204472399730836,7.55527728163344,1901.6534477740333,65.03880569457216,4763.6336071644655,-1.6839844353362625,0.016409747433050847,-0.000659544065938866,60.86399819059859,0
52.00288561626706,3.3475912643667614,7.627560612719114,1966.8352356498092,40.83063329981144,1297.320096949699,1.0429661185958456,0.017297117524432814,0.4970612534248379,77.36460185657563,0
49.905928206745386,2.805793339603527,7.841320213323148,2092.1943263364374,32.74547334464823,1401.6161364052248,1.4672593975446953,-0.001694028492470335,-0.04787106289961118,1.7011803189591106,0
91.78127073449008,5.756254563722215,12.360626921993186,2268.1957860802577,88.24639225515625,14314.624285252918,7.648319470141112,0.5927172347850989,2.88244689548684,164.33799741837424,2
88.65966575939186,6.995002867745217,14.874968823762238,2122.178447135315,95.3430734560041,14881.240120550126,4.291615682180401,2.28403788142976,2.571702422590425,173.99151006662208,2
51.308121551381035,2.2400690088509174,9.045162240218033,1925.6546825923554,42.616091603115905,1557.2757324601027,0.9784014881473201,-0.07785560818735834,-0.031176575034415673,25.40311434873375,0
49.05609643544153,2.0234923062514745,8.41329827509782,1949.4418257821724,44.835405223777485,7807.769329753212,-2.1493991351806683,0.30121111630946545,-0.3742523361404133,37.87198455985992,0
50.937304852155734,2.4137640454270137,7.495455758042458,2142.257024934796,42.89004157747782,5168.689256448697,0.7263091182054328,0.4804928772685819,0.2182512640332945,29.319262212716875,0
85.33099981858994,7.756142476879942,15.523667280265565,1789.3728809390675,89.84492464206232,12411.443358687939,4.328166003188671,2.4903249608426434,2.251490266809558,168.75610884662075,2
62.84774615852389,4.045115840362899,16.86715930990793,1548.5619426304552,96.92227187237691,12541.399793813347,4.712817538340165,2.5598240453754277,2.754442505801857,191.0859320156924,2
67.41773483813729,8.089095040823773,11.776971553360696,2189.8000538035103,88.40541397314645,13443.431064348973,7.771141917705931,2.6771211385929967,1.8770969159387318,155.28096440837817,2
66.67518372598116,4.002737749514752,10.76191365864917,2048.5989719651297,74.58306170762958,7496.932490352383,14.688042985762713,1.7232594164400683,3.780594412894435,155.39609830624434,1
46.68692565384693,2.075719167230031,7.831587731461303,2038.2261522097792,56.77384885838841,4698.4268212458455,-1.018990580347788,-0.038734452065039,-0.5509484981123546,79.5574284702711,0
48.90282417686859,2.80833694544972,6.704923375415741,1991.0812239211941,49.546107137998646,163.2519766810081,-0.5442747709407006,0.20477622699543266,-0.07731384949818583,52.65892536911034,0
49.40010532365346,2.7410097229988373,7.797332656692378,2027.8626105202266,69.00284445994605,2478.2278332790775,-2.8131716469892774,-0.2546101014181325,0.015671274524890963,35.62815626347651,0
68.8587877788249,4.142764463746387,10.209395909485929,2114.910451139715,68.37445875822701,6425.818512087107,3.734507499021979,2.280318386558029,2.356606963321547,146.79220969620968,1
64.60955521303885,3.633086220561808,10.146118638728826,2081.775903310657,72.50985791085918,8434.49624188876,10.563788792452913,2.9889122546420395,2.163768558820604,145.89658549453304,1
47.69993434030815,2.7973862681333737,8.271305486345279,1958.4497219821685,42.36546565656536,6004.68947664389,-1.7864949633589287,-0.1770340323598244,-0.5948703135927073,47.7487320025902,0
89.90112796118667,6.848360255908892,16.37873242914167,1785.834591819329,92.25707183422608,14478.12305665307,5.075733161131304,2.3465671002989965,1.8140024746676127,158.28681369913056,2
49.27321252296036,2.4565287781712737,8.052908101435332,2036.1508667097353,68.20402456309031,8617.888209693168,-0.10978996728411049,-0.39833177730635505,0.2915281936328955,73.23694244247436,0
92.72632889319235,9.198383672020912,13.657051520697811,2097.121870761757,98.99786022274871,14504.531696791633,4.886960630041893,1.0245655276820078,3.35343069022914,196.5495170316388,2
49.74748934973797,2.338247807200373,7.831394581465848,2062.537145687485,62.141903104077365,8272.109757617001,0.26637093713934057,0.21435987140730217,-0.31732757569839126,67.71992001707552,0
49.17149227957969,2.5055492261017465,7.5277244555608664,1995.933421550578,34.336811992202584,8707.83415885449,1.3680747353783769,0.2647300128749736,-0.46945519127628627,15.536095388178268,0
55.912950047424935,2.054508533576665,7.704122630636715,1961.0890624523518,49.79015744712805,3847.8030202551927,0.4439537303479638,0.08818336925094962,-0.17848206043949658,10.339199858885877,0
69.85780405399133,6.995089111491659,11.277755354224391,1894.3854650590822,90.55092360387302,18451.641091836296,13.177666968617258,1.1800719224915717,0.6181842709359844,192.23642374787286,2
65.10155135062912,7.453336711662478,11.412818608991982,2125.9143921449195,84.63127397737915,14420.817803149454,13.310207765080403,1.4733126718977272,1.1232152743759818,157.57964046416572,2
55.25370107063661,2.3105016523019786,8.45227107648938,2069.6240884170825,41.84800538380027,7359.377057084176,1.077553188713194,0.045639075078987,-0.39903267304002765,48.17071666498247,0
58.8318742965107,3.562923101506361,9.122201792166935,1969.6597581720446,60.22826855749689,7293.558730849594,10.833527389822942,2.5497136880966957,1.462254927964033,93.57058064186518,1
48.276553616051636,2.0486665989577273,8.250988625764212,1992.7757390495706,44.670971286329035,6955.2925668402095,-0.14761918907226215,-0.2495356289082885,-0.11472858088740638,65.775686682087,0
41.96477566938953,2.8018370992155552,8.13229516601582,1991.1786843226005,54.06746952721012,3471.7362183327273,-0.437596679826203,0.11304864248677345,-0.0034179746125046037,17.70203163137407,0
66.8850136068238,4.130148803793534,9.858372057739686,2131.565259969119,68.50606324509299,11475.764187454031,3.75941156166132,1.8622672581682738,2.150831798184315,142.14167877607906,1
54.44500450639836,2.903127614108134,7.96729586082531,2021.5064647190954,51.250686219347784,1575.0258097065894,-0.5244311428991439,0.010934230857977425,-0.08239603191151103,44.14987720176565,0
63.170508301357934,4.276531076866888,9.540724986536311,2046.9335683220186,68.63831783051099,5036.529256519354,7.523581350902545,0.97081272784084,3.198534735896943,131.05651766606394,1
66.46546749141486,3.790383039919535,10.203197243229093,2041.3723807724057,70.53577910118244,7121.086698074349,5.4405710979811825,0.6958226886753764,2.193323328451994,143.6091838853377,1
50.52643549162977,2.3356427913580604,7.881695105642941,1976.715771653529,50.84147427449115,266.237386964665,-2.5578237262631816,0.2805155947765359,0.22888131234578363,53.20959761070198,0
47.081861635166895,3.078475806037428,8.974394072263186,1957.0791168472126,68.05345580720939,8630.315056658379,-0.5918081946381001,0.42936257875685446,0.41858123466515323,42.61306546430593,0
50.44644682304608,3.2900743082934354,7.453435624121023,2026.1154277679148,57.830288952181206,6269.997942038847,-0.20511216350619205,-0.26045304063571545,0.19681936232089095,55.83588542144522,0
47.06269109455097,2.59153926406849,8.818596517152502,1968.0705552919906,65.83536648945513,3818.2325475924163,0.9444154820122694,-0.05688875304197899,0.3289938699599721,60.575367070695926,0
65.15318413774054,3.8550777931950195,16.419669360314096,1630.3209093156115,88.70481753618463,17415.778852431937,4.222423997770706,1.2179551845722274,1.5344706990127024,177.829237797801,2
47.26284835815621,1.8975429692214865,7.656795742306266,2001.68640095871,56.61449305073987,6492.669094231407,-1.3959254817668336,-0.07567001251177277,0.12674707044055009,43.51090722869106,0
55.20438884602975,2.2648561470295867,8.334877237219095,1901.3920077260968,50.91506666744479,2615.1869799143733,0.7990811075362425,0.10384245913846224,-0.14754293445648814,76.62702369565775,0
96.96158001476796,4.965167743590936,12.128199458141745,2232.0857007042473,93.21401859037647,11183.92839927985,6.341076919416646,2.6542247429533163,3.2601104138702413,195.4534026936289,2
92.39191269431518,6.9947138279512195,12.537900190594824,2053.9480555429227,96.73576535062182,17204.533910432467,3.0491966886408526,2.826478568226036,2.134526815314742,186.45488215558635,2
50.30359175126984,2.9674782209879673,8.604386470055921,2053.8029149602344,37.88765069790997,9708.65797749738,0.23306607701788226,-0.1737982879580433,-0.0681733085912124,24.813674323006893,0
49.69005718331839,2.4967522743194754,8.9261579853279,1972.1353423572348,37.313200890885284,5529.857423140556,-2.069624939241142,-0.06425471937286101,0.42523591904367364,24.81942653506802,0
95.22286442566346,4.733293018755972,10.969901366197691,2064.464877591337,93.20536692868622,11363.613446992389,10.522807841798326,0.9759825900568113,2.7021115034982435,167.4097408289205,2
63.525557864854036,3.8061428555796706,10.208881390552548,2102.9397169535723,66.13996656012743,11376.917086513855,6.185234953467237,0.6779203448100406,1.463017423089095,128.59496903014235,1
42.7025715127619,2.36151937253356,7.297781193066717,2004.852666404243,37.36193848070326,3517.1247764387913,-2.1035053965101365,-0.06986775747572531,-0.5257152115697552,64.1232369657023,0
49.056763210046675,2.614307020911503,8.009817008956839,2096.5532375545667,61.816753250825144,8732.027157281556,-0.5757566395085485,0.0606469548890754,-0.1465537766515645,40.4148361936043,0
55.35594153750097,2.5482334435925744,7.899529244617377,2104.2763486186286,56.65282600174682,3807.4024474648295,0.8132937997809931,0.2234058976725597,-0.05266496238012622,51.117306428886515,0
69.09390642924804,8.992550442674165,11.936182583122555,1947.2021854294985,95.03916323428511,19089.603909844416,3.4145730657274695,2.3412808768476743,2.4482939385802047,171.94731605519218,2
60.116130935669176,3.589941987877499,9.659280109723705,2162.7208695964246,63.51000870947775,6156.673507340436,9.940888466790714,1.9088375105446107,3.01624284818939,111.7057755808273,1
49.212426447778675,2.776921527145441,7.667449966639162,2064.603893633769,64.52453885583637,3753.892084201185,-0.04747222277071129,-0.2725223715230291,0.07452905666348558,29.141380893220187,0
57.486050331289476,2.433688326081704,7.96515218721624,2014.190639792161,46.910986265495,2740.279563369196,-0.5834660086613949,-0.17466675571249812,-0.09964419564260939,21.732491514370246,0
44.4968097056196,2.544677928949663,7.4824819988494395,1989.4858307593386,36.558074850386284,6141.163681484315,-1.2404294465166645,0.04929234536551899,-0.29317294007708156,35.60097501814015,0
63.89170419419884,3.254703929548252,9.145573698213406,1934.5315455900704,65.54561616605336,12945.311474465667,9.859414101030065,1.8974438716613617,1.133533274841556,112.83301243716843,1
52.83946032210086,2.2211323555027285,7.295773349810323,2073.651192728499,51.403780739098,4210.752522512084,0.397350729698707,-0.10007361774567476,0.16987234999680725,60.18251822725989,0
47.89846215905446,2.8013455998330183,8.034172740693045,1943.4776568243094,52.81548875250935,4848.098194418695,1.3046591874098799,0.18610047698414822,0.09581302769664589,30.175571397096444,0
47.23963879070335,2.46463866258031,7.359413314165212,1990.0554937640795,59.37721101024104,8995.806885211105,0.5299595982770078,-0.14800405682377296,-0.06331578369663954,27.465738699565975,0
62.74039363147759,3.6491712441775124,8.913296615936487,2003.013655110175,67.33405713063678,13881.731303257631,10.679600427461326,1.9749061091051974,1.0217295772163393,128.39535779531127,1
52.19351472252941,2.5244026664486254,7.473928820048409,1936.6223096921444,53.58237853233287,8997.000870455804,-1.2852677133998403,0.03410645647622143,-0.33396768492126466,63.53852449770311,0
66.5014070571715,4.153030511718968,10.457673525942562,1993.1917011274202,64.29655500700457,12348.974261028812,10.459491580436527,2.439642100333831,3.994458545702027,144.76188781219702,1
67.83780584641006,7.421945255966618,12.013224220909718,1934.6148171663676,88.25812160092599,17716.10890869966,14.03782039835298,2.057977711365929,3.049921806990806,168.49322057210946,2
90.20990234108393,5.909520912719874,14.164011944027108,1865.784733798162,86.42968973470067,12853.736431574442,3.2140713290553578,2.3651272313747693,3.748085241124241,171.88204082276502,2
48.00173659618702,2.3533415137667224,7.710334154578456,1951.9508099265845,41.24683484991529,3851.7032555290775,1.7573355820540606,0.03852862316674401,-0.03196625361487255,70.17148027673511,0
65.0259238572187,7.430180323280093,11.087784640680917,1926.236461799108,89.36836092954479,13732.90662825719,8.078371649700408,1.54447159691862,3.481321100295273,185.58902048337387,2
67.05210708521587,7.990298285733716,11.554214284560121,1977.4701487695868,92.19876120755235,8975.795686363306,7.629833528686978,1.568957530525492,2.8998735419658206,170.96704278379096,2
44.98853631499722,2.786774771488764,8.058009827835388,1945.2298785785508,36.78054238134586,6798.487031731433,0.011489935130686777,-0.1033679600051227,0.29740627079437976,66.35146751257496,0
66.46139880927079,4.086344917774566,9.477241507726998,2062.573164350462,67.35841170629234,8991.594342983419,2.207471884317324,2.1873453444718463,3.081765670815022,139.93059084054732,1
52.31012177612578,2.143082622887168,8.23409666113631,1990.389800573067,34.5038342162626,9280.869172488918,-0.19084600798447232,-0.07090061741407545,0.14824746256462637,43.62111104001459,0
57.218048215042444,2.894550808361205,9.133496574770355,1945.5180512085412,62.30705137115799,9999.14253841173,11.417787298648859,1.1251794909224049,1.4302567439786258,94.30052599600705,1
50.31028085715681,2.851500341500545,7.701551161713664,1968.0872702437935,54.68059458680069,1033.9322618407941,-1.6207238494257215,-0.23962110664064495,-0.2616774580421885,12.0188515689497,0
52.97290767617761,2.3280788069148954,8.905083972987969,1947.3890383325142,63.299746337224825,8537.189522379485,-0.017398024586304767,0.23208225260993123,-0.3814633816870639,72.13654421534838,0
61.643371564762205,3.3869736903215375,16.4275355020135,1574.3166940252886,86.03306658844903,9489.517399449018,14.929213299998684,1.6192789080684729,1.0950245600613355,164.59893678461776,2
84.12270933570964,9.433682542622275,14.405960278047566,2048.312496329061,87.11951748904474,8523.439722351464,11.871342442800557,1.13867307064265,1.4818186354998273,165.39912310660247,2
50.636630485587965,2.537504027855923,8.178602106462598,1986.7350046704737,54.17490097211618,8555.791010464281,-0.33207524712905584,0.2148962339860422,0.11021815816873205,52.93078117122251,0
59.89042253393722,3.580519874987664,9.723669438304507,2033.8665239700322,66.7860637365512,13550.715794739113,7.561356098730408,2.8902032834493085,1.6496805145709768,121.23433918423424,1
61.04257744937826,2.904612420011666,9.169630723495933,1968.9643880307603,63.508331993205104,14076.015386866811,2.164743229396154,1.1431056927300183,0.5888613076849465,103.66841958691919,1
60.09542031185342,4.204247442593189,16.04092925156736,1762.072014384538,91.57561408298366,15901.735132155618,2.793487580433468,0.9227874090746688,1.5018741335777175,163.94300952797101,2
50.98429901249776,2.8398555957518874,7.899783038733644,1962.9855231570375,52.25322741739955,2515.0282996727015,-0.11291381388827956,-0.08678926416611554,0.27155701082795525,48.264107542451136,0
92.69062388451427,4.265198119866733,12.293314929456622,1855.645018151148,94.6170249460511,13903.841127096764,12.950719882644915,0.7918814610001577,3.2196011526966473,177.5181112575192,2
46.690200797765115,2.808909684459806,8.554411132973451,2052.6416715611945,46.773484650313655,9691.86853951601,0.9270959090163831,0.0303217169061697,0.03220003740525606,30.643050184631896,0
103.03894585852669,4.784340061624621,14.110284581142903,1606.7731379456898,99.91065173471081,18440.575763941095,13.752280681266097,1.9638375159831296,3.847196238924728,199.62006385881665,2
69.11183532973509,4.443927573350911,11.44652018348422,2139.270716110847,70.10727136155178,12068.67393438657,5.59853718182145,2.0873519760995296,2.3331335138148788,153.7394329165292,1
94.23515587437988,4.955496083157328,13.378554905589295,1883.4337639847663,95.31328613001156,16708.87646016663,12.276061446871934,1.9955061174770081,1.5106978592556204,185.29502795133487,2
45.06804601416091,2.5187168775256055,8.220656126296372,2031.5688381671907,69.2002443918588,4152.572953746078,0.3283993673688195,0.0872432419329362,0.15383913520507866,68.09388836623683,0
47.54928386323107,2.224371647770451,8.502164464475513,2008.8601031747316,47.96327476127112,5988.491517552005,0.6720672654614986,0.088457783252928,0.3803887990547931,79.12050227902864,0
69.97002248004856,9.02851113636563,12.486100238671776,2311.617066322294,97.66493886195192,15645.17218865671,13.032629679249093,0.8859199468459398,3.5334735576119276,193.8087106276742,2
91.8756866102214,7.502395299779182,13.725425357940091,1497.0093799127906,89.02978817256405,12153.113932003347,14.550370373375562,2.693029222378688,3.089477629355313,184.76780577476063,2
69.73306198562348,4.278265541600735,10.38280974295524,2096.7261863791364,72.2230359148587,14903.354162607728,12.97851605911234,1.4974512430208746,3.1370330083868025,140.241297049322,1
48.99705722232222,2.418425410318804,7.89712282833562,1974.5177953096834,57.55043449299095,9138.562439863905,0.342072096624336,-0.39600541640824044,-0.294305166733054,48.43592317835311,0
60.886808218133545,3.441149557610778,9.516872826316206,2059.0615051698646,62.859882691927545,13210.929977307438,3.989054534985663,1.8656040290159879,1.8788794946835448,126.74345573391086,1
52.565249920425615,2.2902026309662387,7.909824995715534,1953.4382814238825,55.51651534165132,1713.1090810578032,-0.5753945438769441,-0.27985296056777753,-0.4349218002756765,70.03353206348876,0
61.52454042532264,3.3923418439633424,9.99926391749207,2026.719337217384,60.3422488836588,10428.721626076403,2.6967500565206026,2.200682723232392,3.2841544778166196,111.4325120254708,1
93.70626012280884,6.897357510835558,15.838725199118661,2245.019791809055,98.71268985577873,12043.220687579384,8.69823317516504,2.947875933128186,2.934432975142862,192.64751319688258,2
56.000861973061866,2.822617787018336,9.042565556213656,1819.4142816688422,62.80682213521444,6072.1198570894585,5.228583410658615,0.8590845088711045,3.0735875401358883,93.9272516045899,1
99.23479809395094,5.35819722689898,12.367723409738467,2056.48529529715,92.76918836323418,18552.85431630625,14.709862721811009,0.7791737027227661,2.551450845961424,195.22823615244698,2
64.69018294731828,3.362794131304875,9.123978492216303,1922.201157128146,61.11546581492846,14918.77050598809,5.697243768250301,0.775046877883697,2.8854967103778137,126.44716776262715,1
53.731783847811556,2.85133657391332,8.570188867392982,2053.772495320543,53.80870233113347,14868.33269701587,11.12744281208531,1.4691490033850725,3.1385067507572137,82.28195277521742,1
49.813380214451065,2.0541694266735457,7.683930405894607,2026.7294428857283,49.421292701587504,1193.2108226942262,0.35008398552221237,0.07526050260541578,0.17143928275550346,54.719928585964766,0
41.000856689596105,2.980573381079332,8.055963048482134,1965.3076824474517,55.78964334061873,4731.8808944239045,0.22248201435100332,0.0753441395410605,0.015211885272934636,39.00861216028725,0
91.80586898486956,4.65003323207716,11.715948757749793,1953.0111022712204,93.68331701192453,16186.25138159842,2.250039887555354,1.6887620545528392,1.4223397279279006,163.9886462623033,2
46.44096558610025,2.192254703847698,7.893981981615567,2090.377281764295,41.65311213334334,5704.305184284607,0.20878207129568058,-0.11025537889008585,-0.1364412875207184,35.43678161601882,0
51.84930448361079,2.486064400047608,7.406466346227527,1952.4092166799796,36.75207941186416,3919.689000861707,-0.2879349562011742,-0.0505487180988736,-0.27511946877853644,63.00076669698835,0
51.96210405396783,2.786281055800033,7.704824729680398,1988.3730335612706,44.42686254791147,1813.275803018285,0.05162169176729877,0.1507375218731126,-0.029620460384871084,56.160308013858085,0
51.550554285018215,2.344216887258327,8.018792140578965,1995.5914992222201,45.66640369435629,5784.157740250772,1.6140945218075398,0.1412888195887219,0.04564093717265776,21.3295012984357,0
49.892759924831466,1.9532316200512108,8.30059777486896,1982.695007398935,65.07019237548536,2495.8464760127554,0.9978343870689105,0.05338032614075805,-0.6896610966363322,55.2938591853696,0
58.229023892051714,3.160611069316067,9.139068219241876,1909.3953929909665,59.53880169245636,12670.692734606802,13.490153825063677,2.5105603134911636,2.5032032134816014,95.51825570988534,1
48.528648195148754,2.508314405666752,7.654846912076039,1934.2365113919425,42.79018096606016,951.4694073115681,-0.10526079957994038,-0.11928574920873028,-0.05987744352673299,42.06084707535317,0
45.17389321100553,1.8643054650853994,7.222993241597337,2049.558212692952,34.94391321587686,3931.4710677525277,-1.9175757582707302,-0.20256480734422203,0.1821547982727402,59.513280377800655,0
49.1442361819683,2.1392661087329885,8.485317716084499,1972.6931507319425,69.87244812459971,1811.1037143446217,0.5695139256186248,0.2788382075435266,-0.39392860290737325,66.10152419588982,0
56.66922572931593,2.7541584748390635,8.035137603186035,2009.285128746951,47.74737200686086,9940.011287889834,-1.0709775474137453,-0.0804632581018047,-0.43081185566240304,64.49621196565468,0
88.8717246347259,4.990683700861705,12.280391297374496,1890.0951990007013,88.93924135224707,8940.459211603868,12.188859044690187,1.538338926756056,3.613304447519255,174.254076401249,2
46.547677973906346,2.214976043990141,8.011865643915211,2056.027075926137,35.67287440151017,3574.468313532584,0.07790083569337328,0.13410796588787763,0.18424535778411216,23.240007470419386,0
51.124749739407825,2.8042694909242107,7.58100154358677,1921.2809778202982,45.010308882581505,3141.837845757025,-1.2019449135681226,0.10466153824202823,-0.1467378664106872,45.09675301222054,0
46.94777852829469,2.6320008502350136,8.32014011070818,1956.4042122365195,30.474492457577888,7265.199754537372,0.36213089087886247,0.5053867404310933,-0.006330437298428225,49.93050632434105,0
55.60284958343234,2.5312950419735802,9.061944113771546,1982.388480079946,55.07276089158687,8616.607152381104,10.42822266179114,1.4956047504815402,1.2859940670646848,84.29535287265664,1
52.81861714669998,2.752005764436734,7.699675275915992,1949.5071558196662,68.26432490189214,9842.293489629517,1.4866785565431784,0.0987177197403961,-0.1830061001310784,79.00069990314611,0
48.156420843355846,2.6218353177383036,7.4954690849179535,1942.696493347395,43.963684502406316,4656.818803644071,-3.674606339663943,0.07184569767672394,0.13381706218793651,29.786998166730946,0
61.52671194272782,4.056220051217625,9.542168837315808,2056.28476624808,60.77979069749186,12673.33236136136,5.239319832761955,0.734441300928685,2.488865941387589,121.55666843940699,1
53.43706395664041,2.834439337559538,8.94952382667903,1976.0061812150566,61.97495066524132,1976.7531139519024,1.3388254928930363,0.20816396316442287,0.18687047777567423,33.222003759318014,0
58.152966852647154,3.186578004874287,9.399470536391583,2034.2675837690936,56.40199587541314,13167.809749400512,6.775604835492349,1.3812149832583436,3.9861993103579834,94.15273668300458,1
54.55493898713169,3.3073638267871566,8.82971825385397,1902.0577948572102,65.3839527135814,5028.725633770606,7.538838379881911,0.6624324432822908,2.8555556868156224,102.3675870248325,1
51.50210475066251,2.6089789956654887,7.970602666216038,2016.0591517155513,55.30315275614245,0.47538949457859303,-1.4509824113189242,-0.255945389757888,-0.33301326457010094,50.22997072312982,0
64.75930126078713,3.403169192559028,10.387667426430527,2116.311399544352,62.198588899362676,13633.982608232502,5.446040713381224,0.7758107568778068,2.013938900304403,133.61322823008072,1
78.68844052464043,7.022850298423054,13.329240979014036,1629.261669383813,89.32075201713269,11362.647905170379,14.359899659407734,1.0505428797564995,3.2261741148594676,156.5562694304883,2
49.88825714033298,2.0896521318356505,8.238599451482225,1959.9329428271428,63.28952324911078,3894.679382578932,-1.2896785543242344,-0.08992304674906935,-0.3250596007934276,26.193341497912993,0
51.77566255272531,2.417138124037669,7.407605138928852,1954.1411399603253,45.38569131611938,9602.730379980334,-0.7118956142373184,0.12630031592334587,0.24210888440806955,65.31104004546066,0
71.58014113622724,6.0988270261618265,12.876424338159786,1958.411436412631,90.12970962201223,15125.761029477948,2.175538401619956,1.1501163120690714,2.8294589403082036,195.0992798987865,2
48.979728573013546,2.984877572467398,7.852489924155765,2041.546506084093,47.41027980293133,4949.209532252928,-0.42669993546609386,0.14821005701123607,0.0433757644650805,39.8050862156384,0
65.46326882173372,3.3969499085423243,10.147417185300206,2065.986917853402,64.16479717599749,7436.1554696838575,14.976947007549848,2.6260547841123816,1.478199357487289,130.0631650243105,1
45.39579429366134,2.4419325611254186,8.347145330670864,1968.5187706188453,54.200677254029955,6337.51255438541,-0.3147707712258508,-0.05207604459985032,0.37877717688288737,35.805768425394774,0
68.51805569807831,5.5734601023609684,12.402534303787174,2061.631039969806,87.30801716047756,9967.800472179148,13.978794636644107,2.918176774808135,0.6939793908410665,181.93543948934848,2
51.96350765163126,3.051254224060643,8.18753994831622,2095.11239278597,39.55364702321863,7543.3373495548885,0.48772925319753474,0.078013617900335,-0.24179763563545026,41.84547288183955,0
64.43268044059036,4.38058813745145,14.759889162066237,1614.9008438615451,88.64565675457922,19751.43153689232,7.830356127290223,2.8097252319960893,2.959569674984315,169.23773699144374,2
60.61257883490159,3.0515111534738537,9.70372751903178,2056.6261165281476,56.52373664503516,12483.089980371496,2.5127586551807894,1.2495011280482122,2.7067278344588805,97.1191169875047,1
96.24396499729882,5.187370453046294,14.421026123242168,2069.5358582371914,91.90287707194146,16950.536741072337,6.675896872568236,2.9812613446380127,3.9267688353524637,199.5218051278334,2
64.67124201549767,3.2903767514031674,10.85554420046121,2041.5110723316222,60.2929040031077,5991.298203830507,12.169537932714848,1.5469000960331467,2.7709693738714924,110.8448698876567,1
64.04028144635507,3.4722309453180795,10.601610988313952,2011.133808725901,62.775064789242,7911.484139825972,7.723977561883835,2.3500328255074407,3.0226270200444834,129.2154814765387,1
45.237099501868556,2.5192691950633628,7.659963190002113,2030.3122791994535,62.773876539085606,9368.641007556333,-0.4233963214560029,-0.2822775175087048,0.04315322808493601,40.8180064125209,0
49.77659204601792,2.751846794440673,7.414095926147509,2084.731642216968,63.178281574235825,9263.756983162428,-0.8080380921449698,-0.02643830899653826,0.15336461223347037,34.40171582727438,0
52.07755556695569,2.7373895571580613,8.467882125243936,2028.9323336246025,60.26223481091026,6325.87899157484,0.005650537992428699,-0.03573828932865075,0.14517096343997762,52.00124133382238,0
61.74049849015237,3.892674164856929,9.649485935754319,2038.2656158122454,61.88550509995737,8294.691921439051,10.390748193048847,2.666993337623932,3.336280535354394,131.79263796991563,1
49.65780059351138,2.340365006268394,7.4908060682054405,1926.7387110195905,52.36395763500421,304.13523221447747,0.9276579082142579,-0.40880544318516715,0.5591857186803652,34.61187300767379,0
48.59330717530083,2.246542066310604,7.882009717290456,1982.1822960392426,33.47617830345533,4019.7775359977218,-1.013984576660206,0.2008912847959175,0.002080686657790064,48.79373066110304,0
60.694885583413466,3.018261516390984,9.877070661407021,1988.6560983688507,65.37666277050229,12046.306771725393,6.272670222682064,2.6067766611133587,3.8139706970078247,115.2184564132634,1
52.6779839520118,2.188674043590249,8.046712979570016,2093.3961469500773,66.93280014391365,1463.1502453567236,-0.5353936031463985,-0.005214153915517734,0.7840462664803346,45.175267740576565,0
49.465023402520714,3.188489345941286,8.161722612968227,1944.568274807496,56.353608149599324,6470.6120186891085,1.4344929653151268,-0.09532469150516706,-0.03339978460844304,24.76729540876246,0
51.77867778271593,2.895720122224115,7.221831508810223,1963.97015716135,68.91827003060351,2845.299933915072,-0.39370363918170914,-0.14618202941376132,-0.2417440990267974,42.50514162194438,0
66.89278338766024,4.22688777337796,11.202053580707094,2216.7613698348905,62.345192921884845,12709.06276969037,13.839629869152782,0.805659944159723,3.2847066758250465,135.72485128051028,1
51.271757595565475,2.4351282869803716,7.975115643814952,2050.62587329163,53.95687217977357,7497.679945344364,-0.3960378849432916,-0.09789578534736915,-0.5559853445357649,57.21868063887812,0
65.90934232467566,4.987952099680589,17.915134978231904,1563.082556966446,96.62485419904483,14541.299228710524,5.911699360348173,2.9657015128764863,3.434891797155233,198.2790122929198,2
49.26849546975793,2.5589786744613088,8.140980865696337,2049.19603727864,57.96512671294528,896.0946978420081,-1.2311889249099068,-0.23244151056371665,0.2973982076584324,21.331741098485967,0
52.42807955304228,2.972898108733215,8.05568400331222,1928.7465001171665,54.76882166560059,9389.448726964541,-0.5329267935002516,0.07680754199618185,-0.1938902280354326,19.22708344253032,0
52.63481412836228,2.5358283244157076,7.909034636195245,1917.776920472111,43.721401873893285,3081.147806020583,-0.3569360703471796,-0.01864561095382049,0.5044884518114895,54.459598054328474,0
65.2944737079245,5.862910617422186,11.65032250132054,2111.4221166223674,91.56568625976473,12190.060721161,9.893063481553654,1.2568701711276773,3.1110992472576284,169.5959839957103,2
52.288901180030095,3.294925754886264,7.688349867695182,1888.1673224485753,49.12287723157685,2988.1982046554213,0.16434976346498673,-0.14349767155667453,0.10923844989983901,67.8686804228381,0
48.092741952530076,2.0771107278224576,8.049907818859802,1987.2219607144907,42.75623828223339,8258.917177447092,-0.16515390654818293,-0.17315355024818643,0.24229755657817692,52.87139996368039,0
56.04461167559113,2.4852376868845454,7.758289737774937,2010.8356199828547,60.456410582496815,6602.394032194333,1.4707841412984486,-0.3825886968562878,-0.2301902717445039,67.27038459200216,0
92.78083415672421,4.761245593042812,11.98048703476546,1989.2384199587705,88.0098184564206,15907.704062367577,5.903729062545436,1.35609315418235,2.153131933518519,161.19954222261617,2
49.9949875386842,3.0098595019172114,7.969734762941099,2060.671996332862,31.276476869950223,1414.0611554699767,-0.38679305205218356,0.35058782822064355,0.12212593063434862,49.33942961815433,0
49.487134002502145,2.2034241242923014,7.7392718728764835,2003.4568736484364,44.58439419478387,9678.181319171992,-0.6863860728380429,0.26983886655397366,-0.2682370961010808,30.382398360764665,0
62.36291784344776,3.5862975820717895,9.237173798749287,1980.8262549535968,59.30230536580632,7458.040685535684,12.044497977754506,1.5094690600081182,1.0185700816886305,116.14642807428339,1
59.23036055034218,2.271124178527811,8.331179264164017,2045.4128664090451,36.684598518022376,2768.8717213505074,-0.923104297615294,0.11199082242660625,0.1705677755153884,71.91199932186368,0
47.73243680078612,2.5817191260945993,6.995706776376482,2099.030716734278,50.51859850775459,3376.6696092514558,1.0211528293462706,-0.016958235784203784,-0.11242221191456377,47.44477175110118,0
55.23943033762947,1.7860408378412558,8.618486540200047,1986.2044435653427,66.60691671545943,4868.007339266283,-0.14069294318929734,-0.15104089501366816,-0.17206017131722556,33.111571674546376,0
64.74864700045796,3.8312306292878384,9.755424649388148,2075.1963341760497,64.81424322349649,11589.39882169481,11.168401478001963,2.6516649477303,2.730519544534049,128.17627077291561,1
48.75022541073185,2.239706887888979,7.512775074037875,1963.9551136390587,54.69184807219219,4297.100741953966,-0.9532698124221372,0.3120280036754595,0.11479856709794402,15.742718762953103,0
50.88731048729715,2.2261145802288804,8.00587089320033,1959.8699183243032,41.63452116141015,7007.629567930596,1.4925058628606573,-0.01349899808741727,0.20608558759047352,26.226880265852806,0
61.09658210658866,3.8285736032423356,9.743946169917441,2014.122745712636,66.20607419862922,11390.12533795576,7.79652298318965,1.2861604863190197,2.6447023874930062,122.97653459224829,1
51.33381422455173,2.2719323327288743,7.723096523571811,2008.770965308787,65.15878595791078,3916.649362748029,-0.7324711753511224,0.10796370178109323,-0.06383326901927928,71.71048323354452,0
44.91117222687565,2.6740388258223433,7.688067244227123,1982.7668410076449,38.555902288057254,7978.6350174110075,-2.1844013533991555,0.07101187281064221,-0.20450614299425546,43.35495295097289,0
52.02017043945715,3.0611051649451557,8.40149761706556,1992.7484857144646,56.33661635959904,5832.996696032041,-0.5270086014974026,-0.15196786724461414,-0.31684962186642934,47.34083929058918,0
53.245041118105576,2.068643736585421,8.099450099965841,2011.575846907573,64.93563102149832,7203.086490188598,-0.5073525557078042,-0.2328634717835413,-0.6326470719320412,53.11227521240177,0
95.68845796759311,8.167391377082186,15.604707496657783,1802.7167806307189,94.77731214579015,8472.095768645582,11.188865250039099,2.767417275104586,2.891014833569129,191.3076628329735,2
46.42006369519018,2.598756948322348,8.012389072341199,2126.3629607349003,31.04630753830861,3218.898862155437,-0.43424365833952616,-0.2452241179980042,0.19508949859983274,39.954429693287516,0
67.51433208249033,3.877076129992477,11.008687931655393,2253.9139046020414,67.12726470422933,5757.423269203885,12.203264113033443,0.5966389199867022,0.7069776410190749,146.61032674740895,1
50.411653903471134,2.5060995155651624,7.970908409271061,1955.612215696953,54.070132122407585,8231.052404496533,0.9698694043658503,0.11951633909471666,-0.7971898007736834,68.08499296148825,0
72.85387779650516,4.664846754326788,11.466177243390185,1926.160467112038,73.49331579882842,12534.25486038247,9.438297035168723,0.9938757366628105,2.5367412948952888,161.07837285331965,1
50.544594340866176,2.3205703362923744,8.352766956832596,1962.1446920945782,33.87576526733494,8327.250254907016,0.1201602469349939,0.2214414203284093,-0.10213527006867006,30.99430527500322,0
50.37793155427333,2.8260504413981526,8.623425033982109,2057.255123249828,65.102725103442,7767.547438735874,-0.6727212318446706,0.1690036685789769,-0.2002181456797159,63.617884342567834,0
71.5558725294625,4.623700961603037,11.269840914404908,2033.862724055662,70.51161367964247,5718.541724535956,9.177006517967406,2.376527781493451,2.41360702905763,167.32033271281944,1
90.9964504728017,8.518718694699567,15.472785606111591,1971.31675329224,89.16571119871256,18120.9996937681,9.939503896587201,2.639155743025942,2.364371674929859,186.3049855504731,2
52.73004191261629,2.240176823601346,7.728221343317914,2000.6676499391126,47.3501234291456,7907.476188206229,-0.30673549315499754,0.09743585119786317,0.061752207536801766,36.67099154478461,0
48.53669720315228,2.8004676434892644,7.063290908335167,2037.9283345256254,61.97317736598498,4303.374780810459,1.2410882003626535,0.4658443140509154,0.28614977758544324,34.489119220500214,0
50.83941089137064,2.6136111770809056,8.3364713281231,1920.3978829168302,50.108078184064084,9550.836672800566,-0.797941210270988,-0.19226722759181658,-0.02457866767157293,66.32894841195694,0
48.79371374544458,2.717781878669419,8.540513365803253,2048.04276335513,47.695933867983385,3339.6051716196193,-0.8502119650662183,0.17183940246181706,-0.09792106049792941,74.93736560003575,0
45.999779690770644,2.590679317597092,8.687040404589322,1992.5499843019818,37.60052201744366,2081.128240015494,-2.1778849118566708,-0.4847930560592838,0.5588047653812689,41.12582701921497,0
46.34797333216452,2.3580308844190174,7.384358654565645,2017.6871161841068,65.78124208272473,8490.143223864306,0.688813449035197,0.11840407864537042,-0.02476978722170853,54.2117442037882,0
88.4034194294608,7.272615456180847,13.964590430794795,2245.404248997312,92.9534858215602,15678.114362017557,3.165427963286037,0.8626215783924627,3.4652847405610414,195.07351995388836,2
47.30203881607371,2.723028306646414,8.109297469741655,2041.6874254995726,48.481353776221894,5527.599224151477,1.4647185534737428,-0.10465065699000414,0.21134021903607048,61.24396124700543,0
48.65492120871099,2.6177317574485195,8.036600212747693,1988.3844547535548,34.219040715407125,5506.699110835127,-0.6640326001344216,0.3160627506792004,0.8644793425346128,60.399106591953654,0
69.34933509946433,4.5070601554646155,11.467990373592466,2207.284724818806,76.35173974594977,6926.44187283847,4.50542505441193,2.956173822713891,2.4360566154616032,160.63535588919484,1
50.4148068827714,2.5415788198609635,7.793545328827325,1979.5458989524602,61.81059060261636,7856.324321494923,0.5652236712360638,-0.0909671326291018,-0.8103549789308521,14.089328018173639,0
70.43505644048767,6.541015739808866,12.4649982319267,1888.2709096229653,94.48648244542325,15734.937436846096,5.626752544665723,2.5066452529587235,1.3812551813297835,178.36465684619085,2
54.73634153117675,2.772600796650836,8.621634265316898,1912.4495297908923,39.919544561759324,7948.1519279755275,-1.1137839145773136,-0.2660469163973125,0.02285382419356925,45.132560486167634,0
70.66543786419982,4.386221421170478,10.692325954523513,2164.0389578263107,68.34692396033293,12266.611591781058,8.452520598077864,2.9046399945062937,0.5773680197061875,165.91297615076033,1
51.903213440280645,2.689697670066049,7.5017797653565585,2081.156415659342,32.68970793059647,3017.590732410367,1.2062734943898625,0.13453246380455822,0.16447774968448978,62.69744689262909,0
51.24264679474762,2.3047642602744896,7.297155447046434,1976.99349568717,42.801701428619666,1664.7201692426318,-0.4256911046565832,0.23856436268246317,-0.3948512030904781,28.6744702558574,0
64.64078510533062,7.396862107198383,12.093608950903953,1960.2665888307188,86.50577757886398,9912.844333472203,5.596442112452744,1.2546049108920574,2.707338131594927,158.89138479591895,2
57.90572953123044,3.269540692002814,8.767247958813405,1968.0912880981748,56.893402506097694,9660.002057820646,13.127776982540166,0.7508712490185416,3.5171050940729964,98.4694892657359,1
53.14437729048056,2.659995104765601,8.095812479920864,1995.8726346400904,33.34945066472996,5276.664445557477,-0.5652600330976304,-0.3011282587347535,0.25261153364679545,47.92245345338549,0
50.64177790106,2.5281206118860458,6.700609414582479,1992.2518192477003,68.91873773407724,8276.763549616444,-0.14518865946091403,0.12425235685023626,-0.3174394489160008,66.59311454799463,0
63.72094276634252,4.819756989219063,18.44959040078858,1616.5501891547708,93.43548291117217,12296.045304851712,13.542338646343802,0.6722724820039734,3.4453699904805184,196.98856299523618,2
71.13147283533682,7.570925145142115,11.346115640669575,2144.8811739183475,94.95187901600646,12104.162840803932,3.4876321178760428,2.0300480520517428,3.628665365186111,180.34224304025398,2
52.813596617029894,2.680310864980684,8.447853711680114,1990.894188457781,32.59698870414028,8848.077146092428,0.6011311359953174,0.38409767809256967,0.05142033218756244,42.02714819769283,0
52.83711225068767,2.796242397723745,7.299354109233916,1986.65092855773,66.75873278092284,9255.895866876295,0.5589944454749968,-0.2464978435360135,0.11969345918677332,43.43631597216043,0
53.43946598251772,2.821523491822144,7.550015444513133,1937.9719819054053,66.5766938124323,6349.579816619801,-1.077959231861604,0.060356563997819204,-0.43724593625440095,71.21688623396274,0
51.894812855839575,2.6534303694970434,8.599341652358964,2033.2608713810223,53.08905643472514,4916.370606458878,1.0148875850859707,-0.2301167114275945,-0.03885329763676317,54.5351047117092,0
61.594025179662566,3.601425248900943,10.318385635199887,2057.6468328549663,66.12910281860468,9844.041223432207,7.0178931337998876,2.0604879545588934,2.1813480269893306,123.04201819945925,1
65.3828504396432,3.9513691811450014,10.464737664581437,2145.257289458954,67.50644472966708,12239.437460397443,12.450902032618508,1.2380927163400623,2.8343151402039752,135.59971222976495,1
52.043941153800475,2.4675771987376782,7.547589807536829,1977.2724411915522,35.84583429576403,3937.2857012023655,-0.38609615570453854,-0.2903928173400764,0.1773383825865814,56.66681440053412,0
48.966341464830705,2.5699694030634603,8.185587510938788,1993.1564388339118,30.801535781748598,2227.115132269173,-1.395872049805238,0.10817149857947905,0.5761849031583302,86.71521237854768,0
62.0357398237658,3.196496713785372,9.243537752341547,1932.3788302165726,60.453723788186636,14908.406291639873,9.753495164751424,2.652976992312308,3.417854623175012,91.85670184361271,1
65.57792838630724,4.24670887763693,16.099665750465324,1629.5824049217042,88.26445810063227,10062.807255647616,14.70627634644141,0.7142722928333032,3.08599515122069,187.53750186448514,2
51.27526656414363,2.052230845691827,7.278409856508785,1949.891728622004,39.58489088480839,4578.173449844298,0.27338412825484215,-0.051328511290510186,-0.19726116291059073,52.76008777228116,0
52.90007486753464,2.6039299762916674,7.980853776961017,1979.1340101429273,58.233635541997764,1961.2783030557946,-0.05659742819246017,-0.3054569890210675,-0.07341523880765433,68.49871982819269,0
45.73863794311741,2.8057440732414416,8.640890519019667,2069.5647194115245,56.94203125300932,1938.9705023240467,-0.8421412858048334,0.2557665712066167,0.24440793485517473,53.31092326771495,0
69.76754732760615,7.917236063673639,12.411434480892902,1870.9668243764263,97.74942210574507,12698.870900629769,5.2925567210220965,1.7276672488978388,3.6384923437255825,191.81335235663263,2
54.874776706100455,2.4747011787733912,7.966755612731309,2126.3624110169053,52.14452805680145,6192.316579678383,-1.0862310730697493,0.27504293258108947,-0.5314720391607374,52.71874886910495,0
90.30217126097037,4.598700723153956,12.019518165983861,1944.8353836900537,90.20360388375398,9267.804822338865,2.5627663151972175,2.3211509578608154,2.173443359649248,163.4279630229838,2
65.22226667470679,4.004856396432337,10.286222604115776,2070.2832626453232,71.60005819647245,5121.794121692979,12.440367854826745,2.726743051256104,3.9867013811642464,151.35720325021708,1
53.271571826590936,2.55581758470085,6.999386472913743,1977.811914312372,31.95300532769345,3940.734149056453,-0.21560125537271219,-0.1325386006152298,0.37684107318880894,23.206647130848445,0
45.51982628267815,2.2571087448414704,7.224639744891221,2075.6661692660614,67.94352108146859,8919.714306983054,-0.5220826682910215,-0.28606546262423843,-0.22441708675361163,31.028865546086774,0
50.57870676794223,2.3471852486353084,7.448598070432619,1976.8157179658942,58.07223286589021,2429.4053819002024,-1.9834657993722735,0.28537753230439006,0.4096580303933276,32.860481856553925,0
63.17412333002433,3.46688312574235,10.503034388453466,2094.219533614068,63.243205751989635,7643.111679899963,11.734043207115462,1.6686342118203634,1.9204937710530205,126.24577500904822,1
54.99830730888146,2.354455014935748,8.529244778211236,1992.9788960700846,30.16836528362881,1799.664625797347,1.5642890498710398,0.20850290679182734,0.050540666726691226,48.28974687014998,0
51.0437505592473,2.4805416699707243,9.193021935993373,1978.0038935760506,51.60713696610223,1775.0509308869246,-0.02340031778563568,0.07070270366677855,-0.13436014894920562,41.652479715438446,0
65.19311563190891,4.172664768692195,10.725992875144645,2057.5752549655044,68.07456822738459,9595.813633964617,5.75089919492808,2.67737782054985,1.7796765928107916,143.97270957303704,1
59.0049139670725,3.3245441251365255,9.683048488037437,2163.954627511728,57.67253359918664,13427.025297658867,12.292200225769033,2.1215152468289835,3.1046361824523516,96.43393999144854,1
50.702020473584355,2.675624130465879,7.30906245208973,1992.7543793227894,57.31053440707086,967.1700742932521,0.735647240224601,-0.35944495953492356,0.1120042673307099,79.85878737539443,0
65.74063828141506,4.301366446114061,10.061847969020802,2052.8846103591527,66.03016867253338,7479.541727378035,11.064500150058496,2.5616922990994526,2.263323020439121,134.30862149187925,1
48.61633630467249,2.422915731436074,8.7363672415134,1946.953172690542,56.64310516829915,4127.775164265482,-0.17557713863356664,0.2054636826006905,0.05323293504410364,52.03941476186797,0
61.33551301744722,3.3523067650456415,9.562264210309564,2082.352007419527,59.80018395440256,9063.597440262978,2.9600249504338505,1.914170108497429,1.825987216847958,108.41845610997316,1
86.08864938675805,6.5810130540667355,14.900096045118058,1649.2793369695894,88.58293781482578,10387.918681061465,7.843999925056201,2.213628389062034,3.2511815450174004,167.39985531802898,2
52.69583919105525,2.875606221763323,7.439811887426174,1995.166257601723,60.581960154889686,717.530887523723,0.2245135192293082,0.06495310640958005,0.259738069933779,66.40167978326957,0
55.43979352983847,2.5196700836589248,8.36623890246992,2026.5704033656389,40.21496333700588,3720.527247193999,0.6214924412460225,0.13848573109749643,-0.7296351337067372,60.598448391977826,0
67.20722773050855,4.270118994318644,15.77826472315931,1745.7861507354871,94.55240376068147,16599.666761530214,7.739851611857505,1.9101960285451005,2.026388024243753,173.67596257937754,2
54.08174840819842,2.4358511414865833,8.401628861323697,1933.2017650443067,52.1309283525527,9201.088956140627,-0.7414203554194578,0.2633533375765085,0.2547672787937091,52.54951493618951,0
45.44313795558269,2.4582220970899833,7.678270599459282,1994.0591581568503,65.03881781186533,9782.457514883006,1.650427022326123,0.4139253474623892,-0.03509761322919284,59.99036202754148,0
64.50023243935023,4.265354530475642,10.511256744831224,2139.588762638206,74.50845923709613,14446.130571801225,9.098645852003433,0.6232439890348134,3.844662349143582,155.3535002196512,1
53.836589843595355,3.483789942024153,9.50510782238304,1913.3856370413105,60.23126751091836,5112.338272823113,3.9847461793360828,2.7570037192341044,2.232472013181657,90.56233714378507,1
50.16109089923439,3.0528656698341567,8.424739942918517,2057.2399059247364,56.65937654186719,8560.378767029793,-2.1868275870414178,0.24101260065960545,-0.17158644601551923,27.894686650569696,0
70.16539372647868,7.894933185282483,11.116190850879809,2195.429982228527,89.31894370107628,14744.62896739232,3.433265156322888,0.7588816647333723,3.863081572935397,170.18628575156464,2
49.20783521536076,2.126217339191205,7.558473222105479,1907.5437919586384,58.15638844938681,6417.894922856072,1.3596282727514504,-0.005914007094952602,0.0815750721958588,71.39846398328454,0
55.1958146314122,2.137466302799184,7.907138752869619,1941.2962137800725,37.74229074300771,102.8540143501222,1.6164670036999969,-0.2359737073674423,-0.21111404505073217,26.810845877814273,0
51.36595307392284,2.3733407418041508,7.737517573480114,1958.503719036792,53.10402663714889,1232.2403146683614,0.5460261471649326,0.03063446918793304,0.28483604600693235,61.62809197139737,0
45.70144559821977,2.1622227437152706,8.121974820365715,2105.5947861905493,48.89277673632448,1007.4609230946762,1.1909351917394266,0.1832225722386717,0.1845002754501595,35.611515990652634,0
93.92182047028426,3.233892550583193,13.16212028561301,1831.6009705369227,89.89408455158242,16696.50468072849,13.477078851469987,1.08286987693938,1.9901320619078258,162.85806956161758,2
48.51130850418026,2.606315741971247,7.980797715694029,1984.8902439269075,42.890685217202986,661.0737346883556,-0.028771278175179785,0.14286120334996455,0.11347958198708621,58.7802167904194,0
50.30566329591726,2.5178057870875223,8.245434487666206,2139.4578012914753,30.14174461307106,5421.422505113185,0.5612231366112559,0.1359683498676947,-0.042453933958409185,50.86796165922507,0
84.54564171769485,8.213682576925375,13.964970735936575,1817.5131003439285,90.42561870103741,8483.226847993208,12.163453397586935,2.4765914625864953,2.956842599726385,174.30976904109448,2
102.59773802017769,4.036887561117412,11.801320104672934,1917.3782545349777,89.68940085351298,19927.858264558265,14.384954096369087,2.8915879539672753,0.5967067983586638,179.72647669585976,2
50.060986316447654,2.569709163852618,7.505633978235664,2067.185235568167,60.616055364983126,6560.832464793487,0.00011348816562488637,0.2849921942127625,-0.03314870932674621,22.14635400636488,0
47.66848095951564,2.6246216874978376,7.816450540237333,2062.0244505396076,61.047488248766406,975.9895190265488,0.4033760262228149,-0.07048592727038257,0.37402719511279775,67.64149543306584,0
49.02532786209806,2.5647137682560737,8.006153095475335,2049.899169730075,35.64714226208795,887.1241241826356,-0.11678875368444797,-0.002827766929512331,0.5501992463479536,22.32551127073203,0
63.240749481058366,3.451618793261913,9.849190877041297,2033.5205418013907,65.04181284862752,11088.331496048155,3.3266641116057887,0.9124435401064672,0.8019610609272809,130.83285432468793,1
51.271340108376116,2.0603711152900295,7.738974233157512,2058.9872633789996,59.56202781255902,8686.58356764556,1.0069428199447517,-0.0006986329297005631,0.047513460812139925,47.711552835001804,0
70.83421859625675,3.7993067051812317,10.75144448695989,2052.981973001075,69.63400703972837,12184.2936433371,9.187885253611652,0.5365717097058904,1.6717147936701968,155.60588904873686,1
94.17299558163434,4.122347943823748,12.268435224909519,1973.5219967591456,87.98874053834263,9474.44948777479,10.913245690493781,2.2328096621187656,3.042219895258476,163.0932741683394,2
60.164843401852956,3.4931922650680045,9.18737534812528,1975.2823920417861,62.429628887968114,12812.575968927431,6.276310777760209,2.5919379091211137,1.3436532522028484,108.34927252388087,1
87.25520216492797,8.171688531791355,13.584579900025227,1924.7096437051748,91.02405906125925,12138.954707323155,8.097304715524848,2.6286351100012713,3.8904763571176932,166.38289058608757,2
56.841959847548466,3.2242119452414792,9.716128712271514,2042.9531056312162,63.28499976535899,10436.384586200838,14.238189898964166,2.7418740953824052,1.7637646213354277,100.8782441975986,1
54.83469668026123,2.4056459865049473,8.318022475717381,2009.9970003769429,57.43096801275973,1412.5722064609347,-0.6000670049328675,-0.07469450177576772,0.21742182423738066,35.05695667610733,0
53.896072042576016,2.1271094600756046,8.47827533587124,2037.2766381049232,64.48029326511411,5661.866693314358,1.5554584806310623,0.15381924399677632,-0.10988395302774974,41.424861426253315,0
59.518140503321334,2.827919484696941,9.574798946498001,2119.8553749729176,57.844773021827166,7546.715650172559,9.972870083891014,0.9624319194362316,0.7109315793173769,92.14688069436153,1
47.490064481515184,2.2010984763576555,8.646864639787102,1953.0133659548992,47.652481337252965,9853.009469574265,-0.5355223080235977,-0.02062451815944484,-0.05956451046008091,71.97282120315344,0
70.59724327350074,4.465290650980916,10.449755865578146,2017.967869574666,71.73438508717098,11379.458224625152,13.333161012483204,2.553496607944424,3.96168539414683,155.9084628832906,1
65.95972471264196,4.052342999536141,18.15281234603471,1532.1512943768305,88.50750307517694,16509.93924426286,10.762829643136804,1.9645501670090286,3.178332878258378,183.05793999022353,2
62.712839022810414,4.354929750395358,16.732785056647625,1689.0045117778209,97.92487916686495,16510.26825036713,4.543004677368177,1.8329810493408625,2.014952486666364,192.3186173083367,2
46.34637980728865,2.402483068301604,8.133250719866561,1877.903733185778,41.42697223132102,1768.5066237519763,-0.5518195274593243,-0.1084713288389442,-0.42766974824681137,44.78133079756324,0
62.23440795987087,3.240318964594954,9.228871518382945,2163.0213448116015,65.7432762108794,5713.720397805805,8.618274488057533,1.0010345085280135,1.8088019808442202,110.20649552206854,1
56.295080326927206,2.9846508759613894,9.505240442134381,1964.8836822407295,53.437007891047955,14665.054378614117,10.069778416485466,1.7531642647488126,1.943923810007961,88.90750973606845,1
61.80293469113805,3.8219745105354357,10.144101383245957,2050.5116329286193,60.873686047184165,5578.501663757665,6.890615003390696,2.6883372869977173,0.7706047615119636,112.0691407193544,1
64.7222150807233,4.14390252931426,10.19407413122018,1928.0188740031003,75.17724996421498,7846.224726081638,14.643964052267552,0.7720511009524101,3.909102976305161,154.27330612601733,1
52.93165825450334,2.0378696967991816,7.428100880567261,2073.1470382556504,39.230324022740334,9950.288425352408,-0.7586361730020164,-0.28599397681807587,0.5119226485688597,47.29062460336425,0
49.34204782120625,2.8811717480423598,8.199622798160103,2070.015738794797,46.17828428827837,9356.147526392537,-1.0294514207762582,-0.2349232697376371,0.0922810357445887,68.28612628035621,0
68.59896272723668,7.616401858299111,12.358081178395532,2273.91795576867,95.18415311652907,16319.413971710273,11.697048668855393,0.6841410967449095,2.564178537543489,184.02550435878572,2
65.65797431567006,4.23191958521466,9.235698168998239,1902.6654120433147,69.29990967767984,6815.67516357379,5.57644512028926,0.6956058292234211,1.8995626235078742,130.9092758299966,1
47.33410757433875,2.2429956872552905,7.632064855201643,1945.1831544741694,51.46760659127591,4377.102771450807,-0.11671486063167448,-0.13744843120813832,-0.04303289066360575,56.66011917149195,0
49.54002989635198,2.473615988806564,7.088156173111137,2032.9546550462467,62.27506455698682,7326.250881237521,2.5058480530282896,-0.259704320597442,-0.4464079993817021,64.11734629197977,0
47.66193092403757,2.4287392533472287,8.267045844394316,1906.0115297314444,51.604500965258694,1206.1337443925568,-0.09617909496853334,-0.0896456774182182,-0.41902613758199786,38.08041773027473,0
47.674218659904746,2.441729746136946,7.776582599639029,1932.319370355234,33.793196569743145,8408.136728046105,-1.026808240863981,0.3092677664419128,-0.10723447402040495,41.827382167480216,0
49.19924048274453,2.1487215773792143,8.237468222539025,1984.295387418077,68.43714920136799,6913.650434911426,-0.6063649447826931,0.15290881902202036,-0.13542602659811134,53.37081040772402,0
101.01765573138044,4.211468750282783,13.143609579556168,1869.6460502973896,87.63302254625812,12403.436064831702,8.05715279788783,0.7403008452125699,2.894340899666992,185.15931343881238,2
49.289948002323015,2.2795447292248636,7.90637556773129,2076.0164074624554,40.903894236116074,3014.137328061679,-0.9906479691677319,-0.19332479612104134,-0.2750617952501437,23.401290840750892,0
97.06659494207389,5.7930595930374515,11.535531044197151,2076.178903770019,96.70423287221243,13026.147938689768,3.56280662514882,1.037719885245149,2.630424769678734,199.76697650211142,2
57.40568792824517,3.2816909015743905,9.501062915037062,2097.677681015701,55.047075823654254,14196.219624135761,5.491456217197236,0.9562615982936455,2.7348691284638216,88.6419498170745,1
49.795066698791864,2.7232478007483945,9.33854582651811,2111.3157198643285,45.432107553774465,8359.937750282052,0.8010175394546171,-0.0010239470756642022,-0.2820248008407647,31.758406737826633,0
69.07375731108945,4.092584869979897,10.44053257789035,1975.8362371147039,69.00237916632301,8127.958932062935,4.830588137248872,1.3453738223557314,0.5630111423751519,149.79800006577642,1
61.408747904163775,3.8635653100079095,10.79039686139299,2052.5546493357047,69.34691471053796,12313.57315818079,4.983717689046861,0.7368949308130702,0.7911472714819088,141.55633110772808,1
52.817642406948494,2.7227286453224653,8.227135383826216,2012.1287344678499,32.08009783568745,8553.394885648304,-1.018197779033013,0.10083863982834979,0.03873074179942537,90.04538189948826,0
49.30590596646152,2.0119605316292994,7.892349846180615,1993.268077534085,63.8448023367995,5928.369818561928,-0.8073874478948168,-0.41287084247419426,-0.12059934162548223,66.28137820370273,0
47.88840615607878,2.687611411702249,7.606473655005066,2095.428808800336,50.00634262387235,7868.801556208002,-0.46186825520188357,-0.11383917994929033,0.47951302815780283,36.866093368854195,0
47.50738049980897,2.2855844754765586,7.879977425171622,2083.1885147148305,30.60052162810663,7734.367524288334,-1.333171384923495,-0.1538284657920774,0.2026648657149887,25.290209673116294,0
64.75677620530153,3.8035903665516666,9.96657985858406,2002.456483918893,59.195354674589055,10025.07237007739,8.849638131997597,2.445661764265181,0.5404552729183154,117.59045694598828,1
85.04887079117526,6.872920412628857,15.017694296352053,2033.8354473148488,94.23728915324337,13060.82415070551,2.405300975684189,2.5663494861584333,3.5127869148627053,184.87481283686134,2
48.986957968408284,3.156832185671838,8.181723995565527,1908.0719567854972,57.54395358646536,1545.5649462293075,1.5244660015718552,0.033935914387695054,-0.36603059290069423,48.263990211711175,0
66.19270341832059,7.478334776451497,11.337955845801869,1894.4135627647725,88.36331170715034,14953.746390776807,5.13021400570697,2.980601132414964,2.3040391282559756,185.32364835078937,2
50.65139989713609,2.72289218800393,7.9968352400163605,1945.8507693540114,47.64316603049835,7651.320684082408,-0.9698031908319896,0.2908878931372191,0.5106235617635635,5.299571282766081,0
48.93805081068037,3.1051897225909872,7.294448182542252,2017.1167951662635,51.22225331114322,7460.27777696816,-1.5919351916911986,0.5545222566211238,0.4741762371138553,45.45507968216502,0
67.53459558887786,3.71058190950411,10.762247357623178,2185.516336549731,72.2910375873246,13544.033983185263,4.260570774287352,1.265852063882191,2.6045837538409686,147.5063205148757,1
49.33734699925607,2.0975861165361795,8.488204333253565,1970.6544460233388,42.16588958186384,1614.2895454191407,-0.1930892598397064,0.09160441410297276,-0.262594077296793,70.20747750986416,0
53.357447564653114,2.298579347655104,8.981750068764066,2006.285684813134,32.67267628888738,7498.099909656244,0.4426854122342412,-0.09408830451126526,0.4857799703784759,58.69001413130311,0
53.79225065710535,2.3687146792755,7.936523200432516,2009.5369066707285,61.73574639879254,1085.551783633818,0.6734362294118096,-0.022795213085145913,-0.036539639042328695,55.33323584219493,0
49.805585926896285,2.1436826880325155,7.873711408613336,1964.0117767827448,30.68044466380574,2593.9811098426844,-0.12142353779429031,0.1833329488888249,0.06286972182056876,37.832973992452494,0
61.19998079452626,4.2365258074546635,17.844942712415854,1563.4803919492676,90.84704129324278,11974.806711721285,3.381899920769177,1.6488893327515848,0.8408518151301348,175.85334311625508,2
51.02883163028265,2.275862883469108,7.631273821706244,2039.1852862436835,32.98863640909326,3470.3044088197335,1.509813366838988,0.06821382501047903,-0.5108991115488327,25.32875422023796,0
61.555945075658904,3.9846906346144353,16.54787410841394,1724.502970200494,90.5576050464492,19363.3166505954,11.565741840110311,2.8305652841998494,2.5915753607901344,175.23588606721106,2
46.86422135603243,2.6842828424023963,8.067567820223367,1891.7899965896515,36.294639282468026,207.81382849448303,0.9791171774462315,-0.10440634876955071,-0.18144120009982237,69.11807084541414,0
63.45467607675905,3.5594476702931495,15.034380492153502,1585.11607195882,86.79276484447715,11514.679143136842,10.95673251966133,2.9369551754337455,3.486434561406727,172.1109864346534,2
